nohup: ignoring input
=================================================
TRAINING BTCUSDT 1h
=================================================

Training model for BTCUSDT 1h...
2026-06-23 11:14:25 | ml_trading | INFO | Database schema initialized
2026-06-23 11:14:25 | ml_trading | INFO | Database initialized at /root/app/ml-project/ml-trading-dashboard/ml_service/storage/database.db
Loaded 17758 candles
Loaded 17758 BTC candles for correlation
Loaded 2414 ES_proxy candles for correlation
2026-06-23 11:14:25 | ml_trading | INFO | [horizon] forward_periods=12 (source: /root/app/ml-project/ml-trading-dashboard/ml_service/config.yaml)
2026-06-23 11:14:25 | ml_trading | INFO | Starting training for BTCUSDT 1h
2026-06-23 11:14:25 | ml_trading | INFO |   Labeling method: triple_barrier
2026-06-23 11:14:25 | ml_trading | INFO |   Forward periods: 12
2026-06-23 11:14:25 | ml_trading | INFO |   TP multiplier: 3.0x ATR
2026-06-23 11:14:25 | ml_trading | INFO |   SL multiplier: 1.5x ATR
[!] VWAP requires an ordered DatetimeIndex.
2026-06-23 11:17:07 | ml_trading | INFO | Fetched 200 funding rate records for BTCUSDT
2026-06-23 11:17:23 | ml_trading | INFO | Clean dataset: 17542 rows after dropping NaN
2026-06-23 11:17:23 | ml_trading | INFO | Fold 1: train=388, test=50, purge=12, embargo=12
2026-06-23 11:17:24 | ml_trading | INFO | Fold 2: train=450, test=50, purge=12, embargo=12
2026-06-23 11:17:26 | ml_trading | INFO | Fold 3: train=512, test=50, purge=12, embargo=12
2026-06-23 11:17:28 | ml_trading | INFO | Fold 4: train=574, test=50, purge=12, embargo=12
2026-06-23 11:17:31 | ml_trading | INFO | Fold 5: train=636, test=50, purge=12, embargo=12
2026-06-23 11:17:33 | ml_trading | INFO | Fold 6: train=698, test=50, purge=12, embargo=12
2026-06-23 11:17:34 | ml_trading | INFO | Fold 7: train=760, test=50, purge=12, embargo=12
2026-06-23 11:17:36 | ml_trading | INFO | Fold 8: train=822, test=50, purge=12, embargo=12
2026-06-23 11:17:37 | ml_trading | INFO | Fold 9: train=884, test=50, purge=12, embargo=12
2026-06-23 11:17:40 | ml_trading | INFO | Fold 10: train=946, test=50, purge=12, embargo=12
2026-06-23 11:17:42 | ml_trading | INFO | Fold 11: train=1008, test=50, purge=12, embargo=12
2026-06-23 11:17:43 | ml_trading | INFO | Fold 12: train=1070, test=50, purge=12, embargo=12
2026-06-23 11:17:44 | ml_trading | INFO | Fold 13: train=1132, test=50, purge=12, embargo=12
2026-06-23 11:17:46 | ml_trading | INFO | Fold 14: train=1194, test=50, purge=12, embargo=12
2026-06-23 11:17:47 | ml_trading | INFO | Fold 15: train=1256, test=50, purge=12, embargo=12
2026-06-23 11:17:49 | ml_trading | INFO | Fold 16: train=1318, test=50, purge=12, embargo=12
2026-06-23 11:17:50 | ml_trading | INFO | Fold 17: train=1380, test=50, purge=12, embargo=12
2026-06-23 11:17:52 | ml_trading | INFO | Fold 18: train=1442, test=50, purge=12, embargo=12
2026-06-23 11:17:54 | ml_trading | INFO | Fold 19: train=1504, test=50, purge=12, embargo=12
2026-06-23 11:17:55 | ml_trading | INFO | Fold 20: train=1566, test=50, purge=12, embargo=12
2026-06-23 11:17:57 | ml_trading | INFO | Fold 21: train=1628, test=50, purge=12, embargo=12
2026-06-23 11:17:59 | ml_trading | INFO | Fold 22: train=1690, test=50, purge=12, embargo=12
2026-06-23 11:18:00 | ml_trading | INFO | Fold 23: train=1752, test=50, purge=12, embargo=12
2026-06-23 11:18:03 | ml_trading | INFO | Fold 24: train=1814, test=50, purge=12, embargo=12
2026-06-23 11:18:05 | ml_trading | INFO | Fold 25: train=1876, test=50, purge=12, embargo=12
2026-06-23 11:18:08 | ml_trading | INFO | Fold 26: train=1938, test=50, purge=12, embargo=12
2026-06-23 11:18:10 | ml_trading | INFO | Fold 27: train=2000, test=50, purge=12, embargo=12
2026-06-23 11:18:12 | ml_trading | INFO | Fold 28: train=2062, test=50, purge=12, embargo=12
2026-06-23 11:18:14 | ml_trading | INFO | Fold 29: train=2124, test=50, purge=12, embargo=12
2026-06-23 11:18:15 | ml_trading | INFO | Fold 30: train=2186, test=50, purge=12, embargo=12
2026-06-23 11:18:17 | ml_trading | INFO | Fold 31: train=2248, test=50, purge=12, embargo=12
2026-06-23 11:18:19 | ml_trading | INFO | Fold 32: train=2310, test=50, purge=12, embargo=12
2026-06-23 11:18:20 | ml_trading | INFO | Fold 33: train=2372, test=50, purge=12, embargo=12
2026-06-23 11:18:22 | ml_trading | INFO | Fold 34: train=2434, test=50, purge=12, embargo=12
2026-06-23 11:18:24 | ml_trading | INFO | Fold 35: train=2496, test=50, purge=12, embargo=12
2026-06-23 11:18:25 | ml_trading | INFO | Fold 36: train=2558, test=50, purge=12, embargo=12
2026-06-23 11:18:28 | ml_trading | INFO | Fold 37: train=2620, test=50, purge=12, embargo=12
2026-06-23 11:18:30 | ml_trading | INFO | Fold 38: train=2682, test=50, purge=12, embargo=12
2026-06-23 11:18:32 | ml_trading | INFO | Fold 39: train=2744, test=50, purge=12, embargo=12
2026-06-23 11:18:34 | ml_trading | INFO | Fold 40: train=2806, test=50, purge=12, embargo=12
2026-06-23 11:18:36 | ml_trading | INFO | Fold 41: train=2868, test=50, purge=12, embargo=12
2026-06-23 11:18:38 | ml_trading | INFO | Fold 42: train=2930, test=50, purge=12, embargo=12
2026-06-23 11:18:40 | ml_trading | INFO | Fold 43: train=2992, test=50, purge=12, embargo=12
2026-06-23 11:18:43 | ml_trading | INFO | Fold 44: train=3054, test=50, purge=12, embargo=12
2026-06-23 11:18:44 | ml_trading | INFO | Fold 45: train=3116, test=50, purge=12, embargo=12
2026-06-23 11:18:46 | ml_trading | INFO | Fold 46: train=3178, test=50, purge=12, embargo=12
2026-06-23 11:18:48 | ml_trading | INFO | Fold 47: train=3240, test=50, purge=12, embargo=12
2026-06-23 11:18:50 | ml_trading | INFO | Fold 48: train=3302, test=50, purge=12, embargo=12
2026-06-23 11:18:51 | ml_trading | INFO | Fold 49: train=3364, test=50, purge=12, embargo=12
2026-06-23 11:18:53 | ml_trading | INFO | Fold 50: train=3426, test=50, purge=12, embargo=12
2026-06-23 11:18:55 | ml_trading | INFO | Fold 51: train=3488, test=50, purge=12, embargo=12
2026-06-23 11:18:58 | ml_trading | INFO | Fold 52: train=3550, test=50, purge=12, embargo=12
2026-06-23 11:19:05 | ml_trading | INFO | Fold 53: train=3612, test=50, purge=12, embargo=12
2026-06-23 11:19:07 | ml_trading | INFO | Fold 54: train=3674, test=50, purge=12, embargo=12
2026-06-23 11:19:09 | ml_trading | INFO | Fold 55: train=3736, test=50, purge=12, embargo=12
2026-06-23 11:19:11 | ml_trading | INFO | Fold 56: train=3798, test=50, purge=12, embargo=12
2026-06-23 11:19:13 | ml_trading | INFO | Fold 57: train=3860, test=50, purge=12, embargo=12
2026-06-23 11:19:15 | ml_trading | INFO | Fold 58: train=3922, test=50, purge=12, embargo=12
2026-06-23 11:19:17 | ml_trading | INFO | Fold 59: train=3984, test=50, purge=12, embargo=12
2026-06-23 11:19:18 | ml_trading | INFO | Fold 60: train=4046, test=50, purge=12, embargo=12
2026-06-23 11:19:20 | ml_trading | INFO | Fold 61: train=4108, test=50, purge=12, embargo=12
2026-06-23 11:19:22 | ml_trading | INFO | Fold 62: train=4170, test=50, purge=12, embargo=12
2026-06-23 11:19:24 | ml_trading | INFO | Fold 63: train=4232, test=50, purge=12, embargo=12
2026-06-23 11:19:26 | ml_trading | INFO | Fold 64: train=4294, test=50, purge=12, embargo=12
2026-06-23 11:19:28 | ml_trading | INFO | Fold 65: train=4356, test=50, purge=12, embargo=12
2026-06-23 11:19:30 | ml_trading | INFO | Fold 66: train=4418, test=50, purge=12, embargo=12
2026-06-23 11:19:31 | ml_trading | INFO | Fold 67: train=4480, test=50, purge=12, embargo=12
2026-06-23 11:19:33 | ml_trading | INFO | Fold 68: train=4542, test=50, purge=12, embargo=12
2026-06-23 11:19:34 | ml_trading | INFO | Fold 69: train=4604, test=50, purge=12, embargo=12
2026-06-23 11:19:36 | ml_trading | INFO | Fold 70: train=4666, test=50, purge=12, embargo=12
2026-06-23 11:19:38 | ml_trading | INFO | Fold 71: train=4728, test=50, purge=12, embargo=12
2026-06-23 11:19:40 | ml_trading | INFO | Fold 72: train=4790, test=50, purge=12, embargo=12
2026-06-23 11:19:42 | ml_trading | INFO | Fold 73: train=4852, test=50, purge=12, embargo=12
2026-06-23 11:19:45 | ml_trading | INFO | Fold 74: train=4914, test=50, purge=12, embargo=12
2026-06-23 11:19:47 | ml_trading | INFO | Fold 75: train=4976, test=50, purge=12, embargo=12
2026-06-23 11:19:49 | ml_trading | INFO | Fold 76: train=5038, test=50, purge=12, embargo=12
2026-06-23 11:19:51 | ml_trading | INFO | Fold 77: train=5100, test=50, purge=12, embargo=12
2026-06-23 11:19:52 | ml_trading | INFO | Fold 78: train=5162, test=50, purge=12, embargo=12
2026-06-23 11:19:54 | ml_trading | INFO | Fold 79: train=5224, test=50, purge=12, embargo=12
2026-06-23 11:19:56 | ml_trading | INFO | Fold 80: train=5286, test=50, purge=12, embargo=12
2026-06-23 11:19:58 | ml_trading | INFO | Fold 81: train=5348, test=50, purge=12, embargo=12
2026-06-23 11:20:00 | ml_trading | INFO | Fold 82: train=5410, test=50, purge=12, embargo=12
2026-06-23 11:20:05 | ml_trading | INFO | Fold 83: train=5472, test=50, purge=12, embargo=12
2026-06-23 11:20:09 | ml_trading | INFO | Fold 84: train=5534, test=50, purge=12, embargo=12
2026-06-23 11:20:12 | ml_trading | INFO | Fold 85: train=5596, test=50, purge=12, embargo=12
2026-06-23 11:20:16 | ml_trading | INFO | Fold 86: train=5658, test=50, purge=12, embargo=12
2026-06-23 11:20:19 | ml_trading | INFO | Fold 87: train=5720, test=50, purge=12, embargo=12
2026-06-23 11:20:21 | ml_trading | INFO | Fold 88: train=5782, test=50, purge=12, embargo=12
2026-06-23 11:20:23 | ml_trading | INFO | Fold 89: train=5844, test=50, purge=12, embargo=12
2026-06-23 11:20:26 | ml_trading | INFO | Fold 90: train=5906, test=50, purge=12, embargo=12
2026-06-23 11:20:29 | ml_trading | INFO | Fold 91: train=5968, test=50, purge=12, embargo=12
2026-06-23 11:20:31 | ml_trading | INFO | Fold 92: train=6030, test=50, purge=12, embargo=12
2026-06-23 11:20:33 | ml_trading | INFO | Fold 93: train=6092, test=50, purge=12, embargo=12
2026-06-23 11:20:35 | ml_trading | INFO | Fold 94: train=6154, test=50, purge=12, embargo=12
2026-06-23 11:20:37 | ml_trading | INFO | Fold 95: train=6216, test=50, purge=12, embargo=12
2026-06-23 11:20:39 | ml_trading | INFO | Fold 96: train=6278, test=50, purge=12, embargo=12
2026-06-23 11:20:41 | ml_trading | INFO | Fold 97: train=6340, test=50, purge=12, embargo=12
2026-06-23 11:20:43 | ml_trading | INFO | Fold 98: train=6402, test=50, purge=12, embargo=12
2026-06-23 11:20:47 | ml_trading | INFO | Fold 99: train=6464, test=50, purge=12, embargo=12
2026-06-23 11:20:49 | ml_trading | INFO | Fold 100: train=6526, test=50, purge=12, embargo=12
2026-06-23 11:20:51 | ml_trading | INFO | Fold 101: train=6588, test=50, purge=12, embargo=12
2026-06-23 11:20:54 | ml_trading | INFO | Fold 102: train=6650, test=50, purge=12, embargo=12
2026-06-23 11:20:57 | ml_trading | INFO | Fold 103: train=6712, test=50, purge=12, embargo=12
2026-06-23 11:20:59 | ml_trading | INFO | Fold 104: train=6774, test=50, purge=12, embargo=12
2026-06-23 11:21:02 | ml_trading | INFO | Fold 105: train=6836, test=50, purge=12, embargo=12
2026-06-23 11:21:05 | ml_trading | INFO | Fold 106: train=6898, test=50, purge=12, embargo=12
2026-06-23 11:21:08 | ml_trading | INFO | Fold 107: train=6960, test=50, purge=12, embargo=12
2026-06-23 11:21:11 | ml_trading | INFO | Fold 108: train=7022, test=50, purge=12, embargo=12
2026-06-23 11:21:13 | ml_trading | INFO | Fold 109: train=7084, test=50, purge=12, embargo=12
2026-06-23 11:21:16 | ml_trading | INFO | Fold 110: train=7146, test=50, purge=12, embargo=12
2026-06-23 11:21:19 | ml_trading | INFO | Fold 111: train=7208, test=50, purge=12, embargo=12
2026-06-23 11:21:21 | ml_trading | INFO | Fold 112: train=7270, test=50, purge=12, embargo=12
2026-06-23 11:21:24 | ml_trading | INFO | Fold 113: train=7332, test=50, purge=12, embargo=12
2026-06-23 11:21:28 | ml_trading | INFO | Fold 114: train=7394, test=50, purge=12, embargo=12
2026-06-23 11:21:31 | ml_trading | INFO | Fold 115: train=7456, test=50, purge=12, embargo=12
2026-06-23 11:21:34 | ml_trading | INFO | Fold 116: train=7518, test=50, purge=12, embargo=12
2026-06-23 11:21:37 | ml_trading | INFO | Fold 117: train=7580, test=50, purge=12, embargo=12
2026-06-23 11:21:40 | ml_trading | INFO | Fold 118: train=7642, test=50, purge=12, embargo=12
2026-06-23 11:21:43 | ml_trading | INFO | Fold 119: train=7704, test=50, purge=12, embargo=12
2026-06-23 11:21:47 | ml_trading | INFO | Fold 120: train=7766, test=50, purge=12, embargo=12
2026-06-23 11:21:50 | ml_trading | INFO | Fold 121: train=7828, test=50, purge=12, embargo=12
2026-06-23 11:21:53 | ml_trading | INFO | Fold 122: train=7890, test=50, purge=12, embargo=12
2026-06-23 11:21:57 | ml_trading | INFO | Fold 123: train=7952, test=50, purge=12, embargo=12
2026-06-23 11:22:02 | ml_trading | INFO | Fold 124: train=8014, test=50, purge=12, embargo=12
2026-06-23 11:22:07 | ml_trading | INFO | Fold 125: train=8076, test=50, purge=12, embargo=12
2026-06-23 11:22:09 | ml_trading | INFO | Fold 126: train=8138, test=50, purge=12, embargo=12
2026-06-23 11:22:13 | ml_trading | INFO | Fold 127: train=8200, test=50, purge=12, embargo=12
2026-06-23 11:22:17 | ml_trading | INFO | Fold 128: train=8262, test=50, purge=12, embargo=12
2026-06-23 11:22:20 | ml_trading | INFO | Fold 129: train=8324, test=50, purge=12, embargo=12
2026-06-23 11:22:22 | ml_trading | INFO | Fold 130: train=8386, test=50, purge=12, embargo=12
2026-06-23 11:22:23 | ml_trading | INFO | Fold 131: train=8448, test=50, purge=12, embargo=12
2026-06-23 11:22:26 | ml_trading | INFO | Fold 132: train=8510, test=50, purge=12, embargo=12
2026-06-23 11:22:29 | ml_trading | INFO | Fold 133: train=8572, test=50, purge=12, embargo=12
2026-06-23 11:22:33 | ml_trading | INFO | Fold 134: train=8634, test=50, purge=12, embargo=12
2026-06-23 11:22:37 | ml_trading | INFO | Fold 135: train=8696, test=50, purge=12, embargo=12
2026-06-23 11:22:39 | ml_trading | INFO | Fold 136: train=8758, test=50, purge=12, embargo=12
2026-06-23 11:22:41 | ml_trading | INFO | Fold 137: train=8820, test=50, purge=12, embargo=12
2026-06-23 11:22:43 | ml_trading | INFO | Fold 138: train=8882, test=50, purge=12, embargo=12
2026-06-23 11:22:46 | ml_trading | INFO | Fold 139: train=8944, test=50, purge=12, embargo=12
2026-06-23 11:22:52 | ml_trading | INFO | Fold 140: train=9006, test=50, purge=12, embargo=12
2026-06-23 11:22:55 | ml_trading | INFO | Fold 141: train=9068, test=50, purge=12, embargo=12
2026-06-23 11:22:58 | ml_trading | INFO | Fold 142: train=9130, test=50, purge=12, embargo=12
2026-06-23 11:23:00 | ml_trading | INFO | Fold 143: train=9192, test=50, purge=12, embargo=12
2026-06-23 11:23:05 | ml_trading | INFO | Fold 144: train=9254, test=50, purge=12, embargo=12
2026-06-23 11:23:08 | ml_trading | INFO | Fold 145: train=9316, test=50, purge=12, embargo=12
2026-06-23 11:23:13 | ml_trading | INFO | Fold 146: train=9378, test=50, purge=12, embargo=12
2026-06-23 11:23:17 | ml_trading | INFO | Fold 147: train=9440, test=50, purge=12, embargo=12
2026-06-23 11:23:21 | ml_trading | INFO | Fold 148: train=9502, test=50, purge=12, embargo=12
2026-06-23 11:23:24 | ml_trading | INFO | Fold 149: train=9564, test=50, purge=12, embargo=12
2026-06-23 11:23:27 | ml_trading | INFO | Fold 150: train=9626, test=50, purge=12, embargo=12
2026-06-23 11:23:30 | ml_trading | INFO | Fold 151: train=9688, test=50, purge=12, embargo=12
2026-06-23 11:23:34 | ml_trading | INFO | Fold 152: train=9750, test=50, purge=12, embargo=12
2026-06-23 11:23:36 | ml_trading | INFO | Fold 153: train=9812, test=50, purge=12, embargo=12
2026-06-23 11:23:38 | ml_trading | INFO | Fold 154: train=9874, test=50, purge=12, embargo=12
2026-06-23 11:23:42 | ml_trading | INFO | Fold 155: train=9936, test=50, purge=12, embargo=12
2026-06-23 11:23:44 | ml_trading | INFO | Fold 156: train=9998, test=50, purge=12, embargo=12
2026-06-23 11:23:47 | ml_trading | INFO | Fold 157: train=10060, test=50, purge=12, embargo=12
2026-06-23 11:23:51 | ml_trading | INFO | Fold 158: train=10122, test=50, purge=12, embargo=12
2026-06-23 11:23:53 | ml_trading | INFO | Fold 159: train=10184, test=50, purge=12, embargo=12
2026-06-23 11:23:56 | ml_trading | INFO | Fold 160: train=10246, test=50, purge=12, embargo=12
2026-06-23 11:23:59 | ml_trading | INFO | Fold 161: train=10308, test=50, purge=12, embargo=12
2026-06-23 11:24:03 | ml_trading | INFO | Fold 162: train=10370, test=50, purge=12, embargo=12
2026-06-23 11:24:06 | ml_trading | INFO | Fold 163: train=10432, test=50, purge=12, embargo=12
2026-06-23 11:24:09 | ml_trading | INFO | Fold 164: train=10494, test=50, purge=12, embargo=12
2026-06-23 11:24:11 | ml_trading | INFO | Fold 165: train=10556, test=50, purge=12, embargo=12
2026-06-23 11:24:15 | ml_trading | INFO | Fold 166: train=10618, test=50, purge=12, embargo=12
2026-06-23 11:24:17 | ml_trading | INFO | Fold 167: train=10680, test=50, purge=12, embargo=12
2026-06-23 11:24:19 | ml_trading | INFO | Fold 168: train=10742, test=50, purge=12, embargo=12
2026-06-23 11:24:22 | ml_trading | INFO | Fold 169: train=10804, test=50, purge=12, embargo=12
2026-06-23 11:24:25 | ml_trading | INFO | Fold 170: train=10866, test=50, purge=12, embargo=12
2026-06-23 11:24:28 | ml_trading | INFO | Fold 171: train=10928, test=50, purge=12, embargo=12
2026-06-23 11:24:35 | ml_trading | INFO | Fold 172: train=10990, test=50, purge=12, embargo=12
2026-06-23 11:24:38 | ml_trading | INFO | Fold 173: train=11052, test=50, purge=12, embargo=12
2026-06-23 11:24:40 | ml_trading | INFO | Fold 174: train=11114, test=50, purge=12, embargo=12
2026-06-23 11:24:43 | ml_trading | INFO | Fold 175: train=11176, test=50, purge=12, embargo=12
2026-06-23 11:24:45 | ml_trading | INFO | Fold 176: train=11238, test=50, purge=12, embargo=12
2026-06-23 11:24:48 | ml_trading | INFO | Fold 177: train=11300, test=50, purge=12, embargo=12
2026-06-23 11:24:52 | ml_trading | INFO | Fold 178: train=11362, test=50, purge=12, embargo=12
2026-06-23 11:24:55 | ml_trading | INFO | Fold 179: train=11424, test=50, purge=12, embargo=12
2026-06-23 11:24:58 | ml_trading | INFO | Fold 180: train=11486, test=50, purge=12, embargo=12
2026-06-23 11:25:01 | ml_trading | INFO | Fold 181: train=11548, test=50, purge=12, embargo=12
2026-06-23 11:25:08 | ml_trading | INFO | Fold 182: train=11610, test=50, purge=12, embargo=12
2026-06-23 11:25:12 | ml_trading | INFO | Fold 183: train=11672, test=50, purge=12, embargo=12
2026-06-23 11:25:16 | ml_trading | INFO | Fold 184: train=11734, test=50, purge=12, embargo=12
2026-06-23 11:25:20 | ml_trading | INFO | Fold 185: train=11796, test=50, purge=12, embargo=12
2026-06-23 11:25:25 | ml_trading | INFO | Fold 186: train=11858, test=50, purge=12, embargo=12
2026-06-23 11:25:29 | ml_trading | INFO | Fold 187: train=11920, test=50, purge=12, embargo=12
2026-06-23 11:25:34 | ml_trading | INFO | Fold 188: train=11982, test=50, purge=12, embargo=12
2026-06-23 11:25:39 | ml_trading | INFO | Fold 189: train=12044, test=50, purge=12, embargo=12
2026-06-23 11:25:42 | ml_trading | INFO | Fold 190: train=12106, test=50, purge=12, embargo=12
2026-06-23 11:25:47 | ml_trading | INFO | Fold 191: train=12168, test=50, purge=12, embargo=12
2026-06-23 11:25:51 | ml_trading | INFO | Fold 192: train=12230, test=50, purge=12, embargo=12
2026-06-23 11:25:57 | ml_trading | INFO | Fold 193: train=12292, test=50, purge=12, embargo=12
2026-06-23 11:26:00 | ml_trading | INFO | Fold 194: train=12354, test=50, purge=12, embargo=12
2026-06-23 11:26:04 | ml_trading | INFO | Fold 195: train=12416, test=50, purge=12, embargo=12
2026-06-23 11:26:10 | ml_trading | INFO | Fold 196: train=12478, test=50, purge=12, embargo=12
2026-06-23 11:26:13 | ml_trading | INFO | Fold 197: train=12540, test=50, purge=12, embargo=12
2026-06-23 11:26:17 | ml_trading | INFO | Fold 198: train=12602, test=50, purge=12, embargo=12
2026-06-23 11:26:20 | ml_trading | INFO | Fold 199: train=12664, test=50, purge=12, embargo=12
2026-06-23 11:26:23 | ml_trading | INFO | Fold 200: train=12726, test=50, purge=12, embargo=12
2026-06-23 11:26:26 | ml_trading | INFO | Fold 201: train=12788, test=50, purge=12, embargo=12
2026-06-23 11:26:30 | ml_trading | INFO | Fold 202: train=12850, test=50, purge=12, embargo=12
2026-06-23 11:26:33 | ml_trading | INFO | Fold 203: train=12912, test=50, purge=12, embargo=12
2026-06-23 11:26:37 | ml_trading | INFO | Fold 204: train=12974, test=50, purge=12, embargo=12
2026-06-23 11:26:40 | ml_trading | INFO | Fold 205: train=13036, test=50, purge=12, embargo=12
2026-06-23 11:26:43 | ml_trading | INFO | Fold 206: train=13098, test=50, purge=12, embargo=12
2026-06-23 11:26:47 | ml_trading | INFO | Fold 207: train=13160, test=50, purge=12, embargo=12
2026-06-23 11:26:50 | ml_trading | INFO | Fold 208: train=13222, test=50, purge=12, embargo=12
2026-06-23 11:26:52 | ml_trading | INFO | Fold 209: train=13284, test=50, purge=12, embargo=12
2026-06-23 11:26:56 | ml_trading | INFO | Fold 210: train=13346, test=50, purge=12, embargo=12
2026-06-23 11:26:59 | ml_trading | INFO | Fold 211: train=13408, test=50, purge=12, embargo=12
2026-06-23 11:27:02 | ml_trading | INFO | Fold 212: train=13470, test=50, purge=12, embargo=12
2026-06-23 11:27:22 | ml_trading | INFO | Fold 213: train=13532, test=50, purge=12, embargo=12
2026-06-23 11:27:40 | ml_trading | INFO | Fold 214: train=13594, test=50, purge=12, embargo=12
2026-06-23 11:27:43 | ml_trading | INFO | Fold 215: train=13656, test=50, purge=12, embargo=12
2026-06-23 11:27:46 | ml_trading | INFO | Fold 216: train=13718, test=50, purge=12, embargo=12
2026-06-23 11:27:49 | ml_trading | INFO | Fold 217: train=13780, test=50, purge=12, embargo=12
2026-06-23 11:27:52 | ml_trading | INFO | Fold 218: train=13842, test=50, purge=12, embargo=12
2026-06-23 11:27:54 | ml_trading | INFO | Fold 219: train=13904, test=50, purge=12, embargo=12
2026-06-23 11:27:58 | ml_trading | INFO | Fold 220: train=13966, test=50, purge=12, embargo=12
2026-06-23 11:28:03 | ml_trading | INFO | Fold 221: train=14028, test=50, purge=12, embargo=12
2026-06-23 11:28:07 | ml_trading | INFO | Fold 222: train=14090, test=50, purge=12, embargo=12
2026-06-23 11:28:10 | ml_trading | INFO | Fold 223: train=14152, test=50, purge=12, embargo=12
2026-06-23 11:28:13 | ml_trading | INFO | Fold 224: train=14214, test=50, purge=12, embargo=12
2026-06-23 11:28:15 | ml_trading | INFO | Fold 225: train=14276, test=50, purge=12, embargo=12
2026-06-23 11:28:18 | ml_trading | INFO | Fold 226: train=14338, test=50, purge=12, embargo=12
2026-06-23 11:28:22 | ml_trading | INFO | Fold 227: train=14400, test=50, purge=12, embargo=12
2026-06-23 11:28:25 | ml_trading | INFO | Fold 228: train=14462, test=50, purge=12, embargo=12
2026-06-23 11:28:28 | ml_trading | INFO | Fold 229: train=14524, test=50, purge=12, embargo=12
2026-06-23 11:28:34 | ml_trading | INFO | Fold 230: train=14586, test=50, purge=12, embargo=12
2026-06-23 11:28:38 | ml_trading | INFO | Fold 231: train=14648, test=50, purge=12, embargo=12
2026-06-23 11:28:41 | ml_trading | INFO | Fold 232: train=14710, test=50, purge=12, embargo=12
2026-06-23 11:28:45 | ml_trading | INFO | Fold 233: train=14772, test=50, purge=12, embargo=12
2026-06-23 11:28:47 | ml_trading | INFO | Fold 234: train=14834, test=50, purge=12, embargo=12
2026-06-23 11:28:50 | ml_trading | INFO | Fold 235: train=14896, test=50, purge=12, embargo=12
2026-06-23 11:28:52 | ml_trading | INFO | Fold 236: train=14958, test=50, purge=12, embargo=12
2026-06-23 11:28:55 | ml_trading | INFO | Fold 237: train=15020, test=50, purge=12, embargo=12
2026-06-23 11:29:00 | ml_trading | INFO | Fold 238: train=15082, test=50, purge=12, embargo=12
2026-06-23 11:29:05 | ml_trading | INFO | Fold 239: train=15144, test=50, purge=12, embargo=12
2026-06-23 11:29:10 | ml_trading | INFO | Fold 240: train=15206, test=50, purge=12, embargo=12
2026-06-23 11:29:14 | ml_trading | INFO | Fold 241: train=15268, test=50, purge=12, embargo=12
2026-06-23 11:29:18 | ml_trading | INFO | Fold 242: train=15330, test=50, purge=12, embargo=12
2026-06-23 11:29:21 | ml_trading | INFO | Fold 243: train=15392, test=50, purge=12, embargo=12
2026-06-23 11:29:24 | ml_trading | INFO | Fold 244: train=15454, test=50, purge=12, embargo=12
2026-06-23 11:29:28 | ml_trading | INFO | Fold 245: train=15516, test=50, purge=12, embargo=12
2026-06-23 11:29:30 | ml_trading | INFO | Fold 246: train=15578, test=50, purge=12, embargo=12
2026-06-23 11:29:34 | ml_trading | INFO | Fold 247: train=15640, test=50, purge=12, embargo=12
2026-06-23 11:29:38 | ml_trading | INFO | Fold 248: train=15702, test=50, purge=12, embargo=12
2026-06-23 11:29:42 | ml_trading | INFO | Fold 249: train=15764, test=50, purge=12, embargo=12
2026-06-23 11:29:46 | ml_trading | INFO | Fold 250: train=15826, test=50, purge=12, embargo=12
2026-06-23 11:29:48 | ml_trading | INFO | Fold 251: train=15888, test=50, purge=12, embargo=12
2026-06-23 11:29:52 | ml_trading | INFO | Fold 252: train=15950, test=50, purge=12, embargo=12
2026-06-23 11:29:55 | ml_trading | INFO | Fold 253: train=16012, test=50, purge=12, embargo=12
2026-06-23 11:30:02 | ml_trading | INFO | Fold 254: train=16074, test=50, purge=12, embargo=12
2026-06-23 11:30:11 | ml_trading | INFO | Fold 255: train=16136, test=50, purge=12, embargo=12
2026-06-23 11:30:21 | ml_trading | INFO | Fold 256: train=16198, test=50, purge=12, embargo=12
2026-06-23 11:30:30 | ml_trading | INFO | Fold 257: train=16260, test=50, purge=12, embargo=12
2026-06-23 11:30:37 | ml_trading | INFO | Fold 258: train=16322, test=50, purge=12, embargo=12
2026-06-23 11:30:42 | ml_trading | INFO | Fold 259: train=16384, test=50, purge=12, embargo=12
2026-06-23 11:30:48 | ml_trading | INFO | Fold 260: train=16446, test=50, purge=12, embargo=12
2026-06-23 11:30:53 | ml_trading | INFO | Fold 261: train=16508, test=50, purge=12, embargo=12
2026-06-23 11:30:57 | ml_trading | INFO | Fold 262: train=16570, test=50, purge=12, embargo=12
2026-06-23 11:31:06 | ml_trading | INFO | Fold 263: train=16632, test=50, purge=12, embargo=12
2026-06-23 11:31:12 | ml_trading | INFO | Fold 264: train=16694, test=50, purge=12, embargo=12
2026-06-23 11:31:15 | ml_trading | INFO | Fold 265: train=16756, test=50, purge=12, embargo=12
2026-06-23 11:31:20 | ml_trading | INFO | Fold 266: train=16818, test=50, purge=12, embargo=12
2026-06-23 11:31:23 | ml_trading | INFO | Fold 267: train=16880, test=50, purge=12, embargo=12
2026-06-23 11:31:28 | ml_trading | INFO | Fold 268: train=16942, test=50, purge=12, embargo=12
2026-06-23 11:31:32 | ml_trading | INFO | Fold 269: train=17004, test=50, purge=12, embargo=12
2026-06-23 11:31:38 | ml_trading | INFO | Fold 270: train=17066, test=50, purge=12, embargo=12
2026-06-23 11:31:43 | ml_trading | INFO | Fold 271: train=17128, test=50, purge=12, embargo=12
2026-06-23 11:31:46 | ml_trading | INFO | Fold 272: train=17190, test=50, purge=12, embargo=12
2026-06-23 11:31:49 | ml_trading | INFO | Fold 273: train=17252, test=50, purge=12, embargo=12
2026-06-23 11:31:53 | ml_trading | INFO | Fold 274: train=17314, test=50, purge=12, embargo=12
2026-06-23 11:31:56 | ml_trading | INFO | Fold 275: train=17376, test=50, purge=12, embargo=12
2026-06-23 11:31:59 | ml_trading | INFO | Fold 276: train=17438, test=50, purge=12, embargo=12
2026-06-23 11:32:03 | ml_trading | INFO | Walk-forward validation complete: 276 folds
2026-06-23 11:32:03 | ml_trading | INFO | Avg F1 - Short: 0.529, Neutral: 0.382, Long: 0.103
2026-06-23 11:32:03 | ml_trading | INFO | Training final xgboost model on 17542 samples
2026-06-23 11:32:06 | ml_trading | INFO | Model saved to /root/app/ml-project/ml-trading-dashboard/ml_service/storage/models/candidates/BTCUSDT_1h_xgboost_20260623_113206.pkl
2026-06-23 11:32:07 | ml_trading | INFO | Saved calibration artifact: BTCUSDT_1h_xgboost_20260623_113206_calibration.pkl (chosen=platt)
2026-06-23 11:32:07 | ml_trading | INFO | Calibration metrics (holdout=50): raw: ECE=0.238 LL=1.013 Brier=0.680 | platt: ECE=0.000 LL=0.683 Brier=0.402 | isotonic: ECE=0.037 LL=0.554 Brier=0.362  → chosen: platt

================================================================================
TRAINING COMPLETE
================================================================================
Model: xgboost
Folds: 276

F1 Scores:
  Short:   0.529
  Neutral: 0.382
  Long:    0.103
  Weighted: 0.453

Model saved: /root/app/ml-project/ml-trading-dashboard/ml_service/storage/models/candidates/BTCUSDT_1h_xgboost_20260623_113206.pkl
================================================================================

Finished BTCUSDT 1h

=================================================
TRAINING BTCUSDT 4h
=================================================

Training model for BTCUSDT 4h...
2026-06-23 11:32:16 | ml_trading | INFO | Database schema initialized
2026-06-23 11:32:16 | ml_trading | INFO | Database initialized at /root/app/ml-project/ml-trading-dashboard/ml_service/storage/database.db
Loaded 4440 candles
Loaded 4440 BTC candles for correlation
Loaded 691 ES_proxy candles for correlation
2026-06-23 11:32:16 | ml_trading | INFO | [horizon] forward_periods=12 (source: /root/app/ml-project/ml-trading-dashboard/ml_service/config.yaml)
2026-06-23 11:32:16 | ml_trading | INFO | Starting training for BTCUSDT 4h
2026-06-23 11:32:16 | ml_trading | INFO |   Labeling method: triple_barrier
2026-06-23 11:32:16 | ml_trading | INFO |   Forward periods: 12
2026-06-23 11:32:16 | ml_trading | INFO |   TP multiplier: 3.0x ATR
2026-06-23 11:32:16 | ml_trading | INFO |   SL multiplier: 1.5x ATR
2026-06-23 11:32:16 | ml_trading | INFO | Found tuned hyperparameters for BTCUSDT 4h
2026-06-23 11:32:16 | ml_trading | INFO | Model type: lightgbm, F1: 0.3884
[!] VWAP requires an ordered DatetimeIndex.
2026-06-23 11:32:54 | ml_trading | INFO | Fetched 200 funding rate records for BTCUSDT
2026-06-23 11:32:57 | ml_trading | INFO | Clean dataset: 4224 rows after dropping NaN
2026-06-23 11:32:57 | ml_trading | INFO | Fold 1: train=388, test=50, purge=12, embargo=12
2026-06-23 11:32:59 | ml_trading | INFO | Fold 2: train=450, test=50, purge=12, embargo=12
2026-06-23 11:33:06 | ml_trading | INFO | Fold 3: train=512, test=50, purge=12, embargo=12
2026-06-23 11:33:08 | ml_trading | INFO | Fold 4: train=574, test=50, purge=12, embargo=12
2026-06-23 11:33:10 | ml_trading | INFO | Fold 5: train=636, test=50, purge=12, embargo=12
2026-06-23 11:33:12 | ml_trading | INFO | Fold 6: train=698, test=50, purge=12, embargo=12
2026-06-23 11:33:15 | ml_trading | INFO | Fold 7: train=760, test=50, purge=12, embargo=12
2026-06-23 11:33:17 | ml_trading | INFO | Fold 8: train=822, test=50, purge=12, embargo=12
2026-06-23 11:33:19 | ml_trading | INFO | Fold 9: train=884, test=50, purge=12, embargo=12
2026-06-23 11:33:21 | ml_trading | INFO | Fold 10: train=946, test=50, purge=12, embargo=12
2026-06-23 11:33:23 | ml_trading | INFO | Fold 11: train=1008, test=50, purge=12, embargo=12
2026-06-23 11:33:26 | ml_trading | INFO | Fold 12: train=1070, test=50, purge=12, embargo=12
2026-06-23 11:33:29 | ml_trading | INFO | Fold 13: train=1132, test=50, purge=12, embargo=12
2026-06-23 11:33:32 | ml_trading | INFO | Fold 14: train=1194, test=50, purge=12, embargo=12
2026-06-23 11:33:36 | ml_trading | INFO | Fold 15: train=1256, test=50, purge=12, embargo=12
2026-06-23 11:33:39 | ml_trading | INFO | Fold 16: train=1318, test=50, purge=12, embargo=12
2026-06-23 11:33:43 | ml_trading | INFO | Fold 17: train=1380, test=50, purge=12, embargo=12
2026-06-23 11:33:47 | ml_trading | INFO | Fold 18: train=1442, test=50, purge=12, embargo=12
2026-06-23 11:33:50 | ml_trading | INFO | Fold 19: train=1504, test=50, purge=12, embargo=12
2026-06-23 11:33:53 | ml_trading | INFO | Fold 20: train=1566, test=50, purge=12, embargo=12
2026-06-23 11:33:57 | ml_trading | INFO | Fold 21: train=1628, test=50, purge=12, embargo=12
2026-06-23 11:34:00 | ml_trading | INFO | Fold 22: train=1690, test=50, purge=12, embargo=12
2026-06-23 11:34:04 | ml_trading | INFO | Fold 23: train=1752, test=50, purge=12, embargo=12
2026-06-23 11:34:10 | ml_trading | INFO | Fold 24: train=1814, test=50, purge=12, embargo=12
2026-06-23 11:34:15 | ml_trading | INFO | Fold 25: train=1876, test=50, purge=12, embargo=12
2026-06-23 11:34:18 | ml_trading | INFO | Fold 26: train=1938, test=50, purge=12, embargo=12
2026-06-23 11:34:22 | ml_trading | INFO | Fold 27: train=2000, test=50, purge=12, embargo=12
2026-06-23 11:34:27 | ml_trading | INFO | Fold 28: train=2062, test=50, purge=12, embargo=12
2026-06-23 11:34:32 | ml_trading | INFO | Fold 29: train=2124, test=50, purge=12, embargo=12
2026-06-23 11:34:39 | ml_trading | INFO | Fold 30: train=2186, test=50, purge=12, embargo=12
2026-06-23 11:34:44 | ml_trading | INFO | Fold 31: train=2248, test=50, purge=12, embargo=12
2026-06-23 11:34:49 | ml_trading | INFO | Fold 32: train=2310, test=50, purge=12, embargo=12
2026-06-23 11:34:52 | ml_trading | INFO | Fold 33: train=2372, test=50, purge=12, embargo=12
2026-06-23 11:34:57 | ml_trading | INFO | Fold 34: train=2434, test=50, purge=12, embargo=12
2026-06-23 11:35:04 | ml_trading | INFO | Fold 35: train=2496, test=50, purge=12, embargo=12
2026-06-23 11:35:17 | ml_trading | INFO | Fold 36: train=2558, test=50, purge=12, embargo=12
2026-06-23 11:35:24 | ml_trading | INFO | Fold 37: train=2620, test=50, purge=12, embargo=12
2026-06-23 11:35:37 | ml_trading | INFO | Fold 38: train=2682, test=50, purge=12, embargo=12
2026-06-23 11:35:42 | ml_trading | INFO | Fold 39: train=2744, test=50, purge=12, embargo=12
2026-06-23 11:35:48 | ml_trading | INFO | Fold 40: train=2806, test=50, purge=12, embargo=12
2026-06-23 11:35:54 | ml_trading | INFO | Fold 41: train=2868, test=50, purge=12, embargo=12
2026-06-23 11:36:04 | ml_trading | INFO | Fold 42: train=2930, test=50, purge=12, embargo=12
2026-06-23 11:36:12 | ml_trading | INFO | Fold 43: train=2992, test=50, purge=12, embargo=12
2026-06-23 11:36:22 | ml_trading | INFO | Fold 44: train=3054, test=50, purge=12, embargo=12
2026-06-23 11:36:30 | ml_trading | INFO | Fold 45: train=3116, test=50, purge=12, embargo=12
2026-06-23 11:36:37 | ml_trading | INFO | Fold 46: train=3178, test=50, purge=12, embargo=12
2026-06-23 11:36:43 | ml_trading | INFO | Fold 47: train=3240, test=50, purge=12, embargo=12
2026-06-23 11:36:48 | ml_trading | INFO | Fold 48: train=3302, test=50, purge=12, embargo=12
2026-06-23 11:36:54 | ml_trading | INFO | Fold 49: train=3364, test=50, purge=12, embargo=12
2026-06-23 11:37:00 | ml_trading | INFO | Fold 50: train=3426, test=50, purge=12, embargo=12
2026-06-23 11:37:08 | ml_trading | INFO | Fold 51: train=3488, test=50, purge=12, embargo=12
2026-06-23 11:37:17 | ml_trading | INFO | Fold 52: train=3550, test=50, purge=12, embargo=12
2026-06-23 11:37:25 | ml_trading | INFO | Fold 53: train=3612, test=50, purge=12, embargo=12
2026-06-23 11:37:32 | ml_trading | INFO | Fold 54: train=3674, test=50, purge=12, embargo=12
2026-06-23 11:37:38 | ml_trading | INFO | Fold 55: train=3736, test=50, purge=12, embargo=12
2026-06-23 11:37:44 | ml_trading | INFO | Fold 56: train=3798, test=50, purge=12, embargo=12
2026-06-23 11:37:51 | ml_trading | INFO | Fold 57: train=3860, test=50, purge=12, embargo=12
2026-06-23 11:37:58 | ml_trading | INFO | Fold 58: train=3922, test=50, purge=12, embargo=12
2026-06-23 11:38:07 | ml_trading | INFO | Fold 59: train=3984, test=50, purge=12, embargo=12
2026-06-23 11:38:15 | ml_trading | INFO | Fold 60: train=4046, test=50, purge=12, embargo=12
2026-06-23 11:38:23 | ml_trading | INFO | Fold 61: train=4108, test=50, purge=12, embargo=12
2026-06-23 11:38:28 | ml_trading | INFO | Walk-forward validation complete: 61 folds
2026-06-23 11:38:28 | ml_trading | INFO | Avg F1 - Short: 0.487, Neutral: 0.307, Long: 0.161
2026-06-23 11:38:28 | ml_trading | INFO | Training final xgboost model on 4224 samples
2026-06-23 11:38:35 | ml_trading | INFO | Model saved to /root/app/ml-project/ml-trading-dashboard/ml_service/storage/models/candidates/BTCUSDT_4h_xgboost_20260623_113835.pkl
2026-06-23 11:38:35 | ml_trading | INFO | Saved calibration artifact: BTCUSDT_4h_xgboost_20260623_113835_calibration.pkl (chosen=platt)
2026-06-23 11:38:35 | ml_trading | INFO | Calibration metrics (holdout=50): raw: ECE=0.218 LL=1.097 Brier=0.677 | platt: ECE=0.100 LL=0.835 Brier=0.513 | isotonic: ECE=0.157 LL=0.712 Brier=0.413  → chosen: platt

================================================================================
TRAINING COMPLETE
================================================================================
Model: xgboost
Folds: 61

F1 Scores:
  Short:   0.487
  Neutral: 0.307
  Long:    0.161
  Weighted: 0.392

Model saved: /root/app/ml-project/ml-trading-dashboard/ml_service/storage/models/candidates/BTCUSDT_4h_xgboost_20260623_113835.pkl
================================================================================

Finished BTCUSDT 4h

=================================================
TRAINING ETHUSDT 1h
=================================================

Training model for ETHUSDT 1h...
2026-06-23 11:38:39 | ml_trading | INFO | Database schema initialized
2026-06-23 11:38:39 | ml_trading | INFO | Database initialized at /root/app/ml-project/ml-trading-dashboard/ml_service/storage/database.db
Loaded 17758 candles
Loaded 17758 BTC candles for correlation
Loaded 2414 ES_proxy candles for correlation
2026-06-23 11:38:40 | ml_trading | INFO | [horizon] forward_periods=12 (source: /root/app/ml-project/ml-trading-dashboard/ml_service/config.yaml)
2026-06-23 11:38:40 | ml_trading | INFO | Starting training for ETHUSDT 1h
2026-06-23 11:38:40 | ml_trading | INFO |   Labeling method: triple_barrier
2026-06-23 11:38:40 | ml_trading | INFO |   Forward periods: 12
2026-06-23 11:38:40 | ml_trading | INFO |   TP multiplier: 3.0x ATR
2026-06-23 11:38:40 | ml_trading | INFO |   SL multiplier: 1.5x ATR
[!] VWAP requires an ordered DatetimeIndex.
2026-06-23 11:41:30 | ml_trading | INFO | Fetched 200 funding rate records for ETHUSDT
2026-06-23 11:41:43 | ml_trading | INFO | Clean dataset: 17542 rows after dropping NaN
2026-06-23 11:41:43 | ml_trading | INFO | Fold 1: train=388, test=50, purge=12, embargo=12
2026-06-23 11:41:43 | ml_trading | INFO | Fold 2: train=450, test=50, purge=12, embargo=12
2026-06-23 11:41:45 | ml_trading | INFO | Fold 3: train=512, test=50, purge=12, embargo=12
2026-06-23 11:41:46 | ml_trading | INFO | Fold 4: train=574, test=50, purge=12, embargo=12
2026-06-23 11:41:47 | ml_trading | INFO | Fold 5: train=636, test=50, purge=12, embargo=12
2026-06-23 11:41:48 | ml_trading | INFO | Fold 6: train=698, test=50, purge=12, embargo=12
2026-06-23 11:41:49 | ml_trading | INFO | Fold 7: train=760, test=50, purge=12, embargo=12
2026-06-23 11:41:50 | ml_trading | INFO | Fold 8: train=822, test=50, purge=12, embargo=12
2026-06-23 11:41:51 | ml_trading | INFO | Fold 9: train=884, test=50, purge=12, embargo=12
2026-06-23 11:41:52 | ml_trading | INFO | Fold 10: train=946, test=50, purge=12, embargo=12
2026-06-23 11:41:54 | ml_trading | INFO | Fold 11: train=1008, test=50, purge=12, embargo=12
2026-06-23 11:41:56 | ml_trading | INFO | Fold 12: train=1070, test=50, purge=12, embargo=12
2026-06-23 11:41:58 | ml_trading | INFO | Fold 13: train=1132, test=50, purge=12, embargo=12
2026-06-23 11:42:00 | ml_trading | INFO | Fold 14: train=1194, test=50, purge=12, embargo=12
2026-06-23 11:42:01 | ml_trading | INFO | Fold 15: train=1256, test=50, purge=12, embargo=12
2026-06-23 11:42:03 | ml_trading | INFO | Fold 16: train=1318, test=50, purge=12, embargo=12
2026-06-23 11:42:06 | ml_trading | INFO | Fold 17: train=1380, test=50, purge=12, embargo=12
2026-06-23 11:42:08 | ml_trading | INFO | Fold 18: train=1442, test=50, purge=12, embargo=12
2026-06-23 11:42:09 | ml_trading | INFO | Fold 19: train=1504, test=50, purge=12, embargo=12
2026-06-23 11:42:11 | ml_trading | INFO | Fold 20: train=1566, test=50, purge=12, embargo=12
2026-06-23 11:42:13 | ml_trading | INFO | Fold 21: train=1628, test=50, purge=12, embargo=12
2026-06-23 11:42:15 | ml_trading | INFO | Fold 22: train=1690, test=50, purge=12, embargo=12
2026-06-23 11:42:18 | ml_trading | INFO | Fold 23: train=1752, test=50, purge=12, embargo=12
2026-06-23 11:42:19 | ml_trading | INFO | Fold 24: train=1814, test=50, purge=12, embargo=12
2026-06-23 11:42:23 | ml_trading | INFO | Fold 25: train=1876, test=50, purge=12, embargo=12
2026-06-23 11:42:25 | ml_trading | INFO | Fold 26: train=1938, test=50, purge=12, embargo=12
2026-06-23 11:42:27 | ml_trading | INFO | Fold 27: train=2000, test=50, purge=12, embargo=12
2026-06-23 11:42:29 | ml_trading | INFO | Fold 28: train=2062, test=50, purge=12, embargo=12
2026-06-23 11:42:31 | ml_trading | INFO | Fold 29: train=2124, test=50, purge=12, embargo=12
2026-06-23 11:42:33 | ml_trading | INFO | Fold 30: train=2186, test=50, purge=12, embargo=12
2026-06-23 11:42:35 | ml_trading | INFO | Fold 31: train=2248, test=50, purge=12, embargo=12
2026-06-23 11:42:37 | ml_trading | INFO | Fold 32: train=2310, test=50, purge=12, embargo=12
2026-06-23 11:42:38 | ml_trading | INFO | Fold 33: train=2372, test=50, purge=12, embargo=12
2026-06-23 11:42:41 | ml_trading | INFO | Fold 34: train=2434, test=50, purge=12, embargo=12
2026-06-23 11:42:43 | ml_trading | INFO | Fold 35: train=2496, test=50, purge=12, embargo=12
2026-06-23 11:42:45 | ml_trading | INFO | Fold 36: train=2558, test=50, purge=12, embargo=12
2026-06-23 11:42:46 | ml_trading | INFO | Fold 37: train=2620, test=50, purge=12, embargo=12
2026-06-23 11:42:48 | ml_trading | INFO | Fold 38: train=2682, test=50, purge=12, embargo=12
2026-06-23 11:42:49 | ml_trading | INFO | Fold 39: train=2744, test=50, purge=12, embargo=12
2026-06-23 11:42:51 | ml_trading | INFO | Fold 40: train=2806, test=50, purge=12, embargo=12
2026-06-23 11:42:53 | ml_trading | INFO | Fold 41: train=2868, test=50, purge=12, embargo=12
2026-06-23 11:43:02 | ml_trading | INFO | Fold 42: train=2930, test=50, purge=12, embargo=12
2026-06-23 11:43:21 | ml_trading | INFO | Fold 43: train=2992, test=50, purge=12, embargo=12
2026-06-23 11:43:25 | ml_trading | INFO | Fold 44: train=3054, test=50, purge=12, embargo=12
2026-06-23 11:43:27 | ml_trading | INFO | Fold 45: train=3116, test=50, purge=12, embargo=12
2026-06-23 11:43:29 | ml_trading | INFO | Fold 46: train=3178, test=50, purge=12, embargo=12
2026-06-23 11:43:31 | ml_trading | INFO | Fold 47: train=3240, test=50, purge=12, embargo=12
2026-06-23 11:43:33 | ml_trading | INFO | Fold 48: train=3302, test=50, purge=12, embargo=12
2026-06-23 11:43:34 | ml_trading | INFO | Fold 49: train=3364, test=50, purge=12, embargo=12
2026-06-23 11:43:36 | ml_trading | INFO | Fold 50: train=3426, test=50, purge=12, embargo=12
2026-06-23 11:43:38 | ml_trading | INFO | Fold 51: train=3488, test=50, purge=12, embargo=12
2026-06-23 11:43:40 | ml_trading | INFO | Fold 52: train=3550, test=50, purge=12, embargo=12
2026-06-23 11:43:42 | ml_trading | INFO | Fold 53: train=3612, test=50, purge=12, embargo=12
2026-06-23 11:43:44 | ml_trading | INFO | Fold 54: train=3674, test=50, purge=12, embargo=12
2026-06-23 11:43:47 | ml_trading | INFO | Fold 55: train=3736, test=50, purge=12, embargo=12
2026-06-23 11:43:49 | ml_trading | INFO | Fold 56: train=3798, test=50, purge=12, embargo=12
2026-06-23 11:43:51 | ml_trading | INFO | Fold 57: train=3860, test=50, purge=12, embargo=12
2026-06-23 11:43:53 | ml_trading | INFO | Fold 58: train=3922, test=50, purge=12, embargo=12
2026-06-23 11:43:54 | ml_trading | INFO | Fold 59: train=3984, test=50, purge=12, embargo=12
2026-06-23 11:43:56 | ml_trading | INFO | Fold 60: train=4046, test=50, purge=12, embargo=12
2026-06-23 11:43:58 | ml_trading | INFO | Fold 61: train=4108, test=50, purge=12, embargo=12
2026-06-23 11:44:04 | ml_trading | INFO | Fold 62: train=4170, test=50, purge=12, embargo=12
2026-06-23 11:44:07 | ml_trading | INFO | Fold 63: train=4232, test=50, purge=12, embargo=12
2026-06-23 11:44:08 | ml_trading | INFO | Fold 64: train=4294, test=50, purge=12, embargo=12
2026-06-23 11:44:10 | ml_trading | INFO | Fold 65: train=4356, test=50, purge=12, embargo=12
2026-06-23 11:44:12 | ml_trading | INFO | Fold 66: train=4418, test=50, purge=12, embargo=12
2026-06-23 11:44:14 | ml_trading | INFO | Fold 67: train=4480, test=50, purge=12, embargo=12
2026-06-23 11:44:15 | ml_trading | INFO | Fold 68: train=4542, test=50, purge=12, embargo=12
2026-06-23 11:44:17 | ml_trading | INFO | Fold 69: train=4604, test=50, purge=12, embargo=12
2026-06-23 11:44:19 | ml_trading | INFO | Fold 70: train=4666, test=50, purge=12, embargo=12
2026-06-23 11:44:21 | ml_trading | INFO | Fold 71: train=4728, test=50, purge=12, embargo=12
2026-06-23 11:44:23 | ml_trading | INFO | Fold 72: train=4790, test=50, purge=12, embargo=12
2026-06-23 11:44:27 | ml_trading | INFO | Fold 73: train=4852, test=50, purge=12, embargo=12
2026-06-23 11:44:28 | ml_trading | INFO | Fold 74: train=4914, test=50, purge=12, embargo=12
2026-06-23 11:44:30 | ml_trading | INFO | Fold 75: train=4976, test=50, purge=12, embargo=12
2026-06-23 11:44:32 | ml_trading | INFO | Fold 76: train=5038, test=50, purge=12, embargo=12
2026-06-23 11:44:34 | ml_trading | INFO | Fold 77: train=5100, test=50, purge=12, embargo=12
2026-06-23 11:44:36 | ml_trading | INFO | Fold 78: train=5162, test=50, purge=12, embargo=12
2026-06-23 11:44:38 | ml_trading | INFO | Fold 79: train=5224, test=50, purge=12, embargo=12
2026-06-23 11:44:40 | ml_trading | INFO | Fold 80: train=5286, test=50, purge=12, embargo=12
2026-06-23 11:44:43 | ml_trading | INFO | Fold 81: train=5348, test=50, purge=12, embargo=12
2026-06-23 11:44:45 | ml_trading | INFO | Fold 82: train=5410, test=50, purge=12, embargo=12
2026-06-23 11:44:48 | ml_trading | INFO | Fold 83: train=5472, test=50, purge=12, embargo=12
2026-06-23 11:44:50 | ml_trading | INFO | Fold 84: train=5534, test=50, purge=12, embargo=12
2026-06-23 11:44:52 | ml_trading | INFO | Fold 85: train=5596, test=50, purge=12, embargo=12
2026-06-23 11:44:56 | ml_trading | INFO | Fold 86: train=5658, test=50, purge=12, embargo=12
2026-06-23 11:44:58 | ml_trading | INFO | Fold 87: train=5720, test=50, purge=12, embargo=12
2026-06-23 11:45:04 | ml_trading | INFO | Fold 88: train=5782, test=50, purge=12, embargo=12
2026-06-23 11:45:08 | ml_trading | INFO | Fold 89: train=5844, test=50, purge=12, embargo=12
2026-06-23 11:45:12 | ml_trading | INFO | Fold 90: train=5906, test=50, purge=12, embargo=12
2026-06-23 11:45:15 | ml_trading | INFO | Fold 91: train=5968, test=50, purge=12, embargo=12
2026-06-23 11:45:19 | ml_trading | INFO | Fold 92: train=6030, test=50, purge=12, embargo=12
2026-06-23 11:45:21 | ml_trading | INFO | Fold 93: train=6092, test=50, purge=12, embargo=12
2026-06-23 11:45:25 | ml_trading | INFO | Fold 94: train=6154, test=50, purge=12, embargo=12
2026-06-23 11:45:29 | ml_trading | INFO | Fold 95: train=6216, test=50, purge=12, embargo=12
2026-06-23 11:45:32 | ml_trading | INFO | Fold 96: train=6278, test=50, purge=12, embargo=12
2026-06-23 11:45:35 | ml_trading | INFO | Fold 97: train=6340, test=50, purge=12, embargo=12
2026-06-23 11:45:37 | ml_trading | INFO | Fold 98: train=6402, test=50, purge=12, embargo=12
2026-06-23 11:45:39 | ml_trading | INFO | Fold 99: train=6464, test=50, purge=12, embargo=12
2026-06-23 11:45:42 | ml_trading | INFO | Fold 100: train=6526, test=50, purge=12, embargo=12
2026-06-23 11:45:46 | ml_trading | INFO | Fold 101: train=6588, test=50, purge=12, embargo=12
2026-06-23 11:45:49 | ml_trading | INFO | Fold 102: train=6650, test=50, purge=12, embargo=12
2026-06-23 11:45:51 | ml_trading | INFO | Fold 103: train=6712, test=50, purge=12, embargo=12
2026-06-23 11:45:53 | ml_trading | INFO | Fold 104: train=6774, test=50, purge=12, embargo=12
2026-06-23 11:45:56 | ml_trading | INFO | Fold 105: train=6836, test=50, purge=12, embargo=12
2026-06-23 11:46:00 | ml_trading | INFO | Fold 106: train=6898, test=50, purge=12, embargo=12
2026-06-23 11:46:02 | ml_trading | INFO | Fold 107: train=6960, test=50, purge=12, embargo=12
2026-06-23 11:46:07 | ml_trading | INFO | Fold 108: train=7022, test=50, purge=12, embargo=12
2026-06-23 11:46:10 | ml_trading | INFO | Fold 109: train=7084, test=50, purge=12, embargo=12
2026-06-23 11:46:12 | ml_trading | INFO | Fold 110: train=7146, test=50, purge=12, embargo=12
2026-06-23 11:46:17 | ml_trading | INFO | Fold 111: train=7208, test=50, purge=12, embargo=12
2026-06-23 11:46:20 | ml_trading | INFO | Fold 112: train=7270, test=50, purge=12, embargo=12
2026-06-23 11:46:23 | ml_trading | INFO | Fold 113: train=7332, test=50, purge=12, embargo=12
2026-06-23 11:46:26 | ml_trading | INFO | Fold 114: train=7394, test=50, purge=12, embargo=12
2026-06-23 11:46:36 | ml_trading | INFO | Fold 115: train=7456, test=50, purge=12, embargo=12
2026-06-23 11:46:39 | ml_trading | INFO | Fold 116: train=7518, test=50, purge=12, embargo=12
2026-06-23 11:46:42 | ml_trading | INFO | Fold 117: train=7580, test=50, purge=12, embargo=12
2026-06-23 11:46:46 | ml_trading | INFO | Fold 118: train=7642, test=50, purge=12, embargo=12
2026-06-23 11:46:49 | ml_trading | INFO | Fold 119: train=7704, test=50, purge=12, embargo=12
2026-06-23 11:46:52 | ml_trading | INFO | Fold 120: train=7766, test=50, purge=12, embargo=12
2026-06-23 11:46:55 | ml_trading | INFO | Fold 121: train=7828, test=50, purge=12, embargo=12
2026-06-23 11:47:16 | ml_trading | INFO | Fold 122: train=7890, test=50, purge=12, embargo=12
2026-06-23 11:47:36 | ml_trading | INFO | Fold 123: train=7952, test=50, purge=12, embargo=12
2026-06-23 11:47:50 | ml_trading | INFO | Fold 124: train=8014, test=50, purge=12, embargo=12
2026-06-23 11:47:53 | ml_trading | INFO | Fold 125: train=8076, test=50, purge=12, embargo=12
2026-06-23 11:47:56 | ml_trading | INFO | Fold 126: train=8138, test=50, purge=12, embargo=12
2026-06-23 11:48:00 | ml_trading | INFO | Fold 127: train=8200, test=50, purge=12, embargo=12
2026-06-23 11:48:03 | ml_trading | INFO | Fold 128: train=8262, test=50, purge=12, embargo=12
2026-06-23 11:48:06 | ml_trading | INFO | Fold 129: train=8324, test=50, purge=12, embargo=12
2026-06-23 11:48:11 | ml_trading | INFO | Fold 130: train=8386, test=50, purge=12, embargo=12
2026-06-23 11:48:14 | ml_trading | INFO | Fold 131: train=8448, test=50, purge=12, embargo=12
2026-06-23 11:48:18 | ml_trading | INFO | Fold 132: train=8510, test=50, purge=12, embargo=12
2026-06-23 11:48:20 | ml_trading | INFO | Fold 133: train=8572, test=50, purge=12, embargo=12
2026-06-23 11:48:23 | ml_trading | INFO | Fold 134: train=8634, test=50, purge=12, embargo=12
2026-06-23 11:48:26 | ml_trading | INFO | Fold 135: train=8696, test=50, purge=12, embargo=12
2026-06-23 11:48:30 | ml_trading | INFO | Fold 136: train=8758, test=50, purge=12, embargo=12
2026-06-23 11:48:36 | ml_trading | INFO | Fold 137: train=8820, test=50, purge=12, embargo=12
2026-06-23 11:48:39 | ml_trading | INFO | Fold 138: train=8882, test=50, purge=12, embargo=12
2026-06-23 11:48:42 | ml_trading | INFO | Fold 139: train=8944, test=50, purge=12, embargo=12
2026-06-23 11:48:45 | ml_trading | INFO | Fold 140: train=9006, test=50, purge=12, embargo=12
2026-06-23 11:48:49 | ml_trading | INFO | Fold 141: train=9068, test=50, purge=12, embargo=12
2026-06-23 11:48:52 | ml_trading | INFO | Fold 142: train=9130, test=50, purge=12, embargo=12
2026-06-23 11:48:54 | ml_trading | INFO | Fold 143: train=9192, test=50, purge=12, embargo=12
2026-06-23 11:48:57 | ml_trading | INFO | Fold 144: train=9254, test=50, purge=12, embargo=12
2026-06-23 11:48:59 | ml_trading | INFO | Fold 145: train=9316, test=50, purge=12, embargo=12
2026-06-23 11:49:03 | ml_trading | INFO | Fold 146: train=9378, test=50, purge=12, embargo=12
2026-06-23 11:49:06 | ml_trading | INFO | Fold 147: train=9440, test=50, purge=12, embargo=12
2026-06-23 11:49:09 | ml_trading | INFO | Fold 148: train=9502, test=50, purge=12, embargo=12
2026-06-23 11:49:11 | ml_trading | INFO | Fold 149: train=9564, test=50, purge=12, embargo=12
2026-06-23 11:49:14 | ml_trading | INFO | Fold 150: train=9626, test=50, purge=12, embargo=12
2026-06-23 11:49:17 | ml_trading | INFO | Fold 151: train=9688, test=50, purge=12, embargo=12
2026-06-23 11:49:19 | ml_trading | INFO | Fold 152: train=9750, test=50, purge=12, embargo=12
2026-06-23 11:49:22 | ml_trading | INFO | Fold 153: train=9812, test=50, purge=12, embargo=12
2026-06-23 11:49:25 | ml_trading | INFO | Fold 154: train=9874, test=50, purge=12, embargo=12
2026-06-23 11:49:27 | ml_trading | INFO | Fold 155: train=9936, test=50, purge=12, embargo=12
2026-06-23 11:49:35 | ml_trading | INFO | Fold 156: train=9998, test=50, purge=12, embargo=12
2026-06-23 11:49:38 | ml_trading | INFO | Fold 157: train=10060, test=50, purge=12, embargo=12
2026-06-23 11:49:40 | ml_trading | INFO | Fold 158: train=10122, test=50, purge=12, embargo=12
2026-06-23 11:49:43 | ml_trading | INFO | Fold 159: train=10184, test=50, purge=12, embargo=12
2026-06-23 11:49:45 | ml_trading | INFO | Fold 160: train=10246, test=50, purge=12, embargo=12
2026-06-23 11:49:48 | ml_trading | INFO | Fold 161: train=10308, test=50, purge=12, embargo=12
2026-06-23 11:49:51 | ml_trading | INFO | Fold 162: train=10370, test=50, purge=12, embargo=12
2026-06-23 11:49:54 | ml_trading | INFO | Fold 163: train=10432, test=50, purge=12, embargo=12
2026-06-23 11:49:56 | ml_trading | INFO | Fold 164: train=10494, test=50, purge=12, embargo=12
2026-06-23 11:49:59 | ml_trading | INFO | Fold 165: train=10556, test=50, purge=12, embargo=12
2026-06-23 11:50:02 | ml_trading | INFO | Fold 166: train=10618, test=50, purge=12, embargo=12
2026-06-23 11:50:07 | ml_trading | INFO | Fold 167: train=10680, test=50, purge=12, embargo=12
2026-06-23 11:50:09 | ml_trading | INFO | Fold 168: train=10742, test=50, purge=12, embargo=12
2026-06-23 11:50:12 | ml_trading | INFO | Fold 169: train=10804, test=50, purge=12, embargo=12
2026-06-23 11:50:15 | ml_trading | INFO | Fold 170: train=10866, test=50, purge=12, embargo=12
2026-06-23 11:50:19 | ml_trading | INFO | Fold 171: train=10928, test=50, purge=12, embargo=12
2026-06-23 11:50:21 | ml_trading | INFO | Fold 172: train=10990, test=50, purge=12, embargo=12
2026-06-23 11:50:24 | ml_trading | INFO | Fold 173: train=11052, test=50, purge=12, embargo=12
2026-06-23 11:50:27 | ml_trading | INFO | Fold 174: train=11114, test=50, purge=12, embargo=12
2026-06-23 11:50:30 | ml_trading | INFO | Fold 175: train=11176, test=50, purge=12, embargo=12
2026-06-23 11:50:32 | ml_trading | INFO | Fold 176: train=11238, test=50, purge=12, embargo=12
2026-06-23 11:50:37 | ml_trading | INFO | Fold 177: train=11300, test=50, purge=12, embargo=12
2026-06-23 11:50:40 | ml_trading | INFO | Fold 178: train=11362, test=50, purge=12, embargo=12
2026-06-23 11:50:43 | ml_trading | INFO | Fold 179: train=11424, test=50, purge=12, embargo=12
2026-06-23 11:50:47 | ml_trading | INFO | Fold 180: train=11486, test=50, purge=12, embargo=12
2026-06-23 11:50:49 | ml_trading | INFO | Fold 181: train=11548, test=50, purge=12, embargo=12
2026-06-23 11:50:53 | ml_trading | INFO | Fold 182: train=11610, test=50, purge=12, embargo=12
2026-06-23 11:50:56 | ml_trading | INFO | Fold 183: train=11672, test=50, purge=12, embargo=12
2026-06-23 11:50:59 | ml_trading | INFO | Fold 184: train=11734, test=50, purge=12, embargo=12
2026-06-23 11:51:01 | ml_trading | INFO | Fold 185: train=11796, test=50, purge=12, embargo=12
2026-06-23 11:51:05 | ml_trading | INFO | Fold 186: train=11858, test=50, purge=12, embargo=12
2026-06-23 11:51:08 | ml_trading | INFO | Fold 187: train=11920, test=50, purge=12, embargo=12
2026-06-23 11:51:11 | ml_trading | INFO | Fold 188: train=11982, test=50, purge=12, embargo=12
2026-06-23 11:51:13 | ml_trading | INFO | Fold 189: train=12044, test=50, purge=12, embargo=12
2026-06-23 11:51:16 | ml_trading | INFO | Fold 190: train=12106, test=50, purge=12, embargo=12
2026-06-23 11:51:19 | ml_trading | INFO | Fold 191: train=12168, test=50, purge=12, embargo=12
2026-06-23 11:51:21 | ml_trading | INFO | Fold 192: train=12230, test=50, purge=12, embargo=12
2026-06-23 11:51:24 | ml_trading | INFO | Fold 193: train=12292, test=50, purge=12, embargo=12
2026-06-23 11:51:27 | ml_trading | INFO | Fold 194: train=12354, test=50, purge=12, embargo=12
2026-06-23 11:51:31 | ml_trading | INFO | Fold 195: train=12416, test=50, purge=12, embargo=12
2026-06-23 11:51:34 | ml_trading | INFO | Fold 196: train=12478, test=50, purge=12, embargo=12
2026-06-23 11:51:38 | ml_trading | INFO | Fold 197: train=12540, test=50, purge=12, embargo=12
2026-06-23 11:51:41 | ml_trading | INFO | Fold 198: train=12602, test=50, purge=12, embargo=12
2026-06-23 11:51:45 | ml_trading | INFO | Fold 199: train=12664, test=50, purge=12, embargo=12
2026-06-23 11:51:48 | ml_trading | INFO | Fold 200: train=12726, test=50, purge=12, embargo=12
2026-06-23 11:51:51 | ml_trading | INFO | Fold 201: train=12788, test=50, purge=12, embargo=12
2026-06-23 11:51:55 | ml_trading | INFO | Fold 202: train=12850, test=50, purge=12, embargo=12
2026-06-23 11:51:58 | ml_trading | INFO | Fold 203: train=12912, test=50, purge=12, embargo=12
2026-06-23 11:52:06 | ml_trading | INFO | Fold 204: train=12974, test=50, purge=12, embargo=12
2026-06-23 11:52:09 | ml_trading | INFO | Fold 205: train=13036, test=50, purge=12, embargo=12
2026-06-23 11:52:11 | ml_trading | INFO | Fold 206: train=13098, test=50, purge=12, embargo=12
2026-06-23 11:52:16 | ml_trading | INFO | Fold 207: train=13160, test=50, purge=12, embargo=12
2026-06-23 11:52:19 | ml_trading | INFO | Fold 208: train=13222, test=50, purge=12, embargo=12
2026-06-23 11:52:22 | ml_trading | INFO | Fold 209: train=13284, test=50, purge=12, embargo=12
2026-06-23 11:52:25 | ml_trading | INFO | Fold 210: train=13346, test=50, purge=12, embargo=12
2026-06-23 11:52:28 | ml_trading | INFO | Fold 211: train=13408, test=50, purge=12, embargo=12
2026-06-23 11:52:31 | ml_trading | INFO | Fold 212: train=13470, test=50, purge=12, embargo=12
2026-06-23 11:52:34 | ml_trading | INFO | Fold 213: train=13532, test=50, purge=12, embargo=12
2026-06-23 11:52:39 | ml_trading | INFO | Fold 214: train=13594, test=50, purge=12, embargo=12
2026-06-23 11:52:42 | ml_trading | INFO | Fold 215: train=13656, test=50, purge=12, embargo=12
2026-06-23 11:52:45 | ml_trading | INFO | Fold 216: train=13718, test=50, purge=12, embargo=12
2026-06-23 11:52:48 | ml_trading | INFO | Fold 217: train=13780, test=50, purge=12, embargo=12
2026-06-23 11:52:51 | ml_trading | INFO | Fold 218: train=13842, test=50, purge=12, embargo=12
2026-06-23 11:52:53 | ml_trading | INFO | Fold 219: train=13904, test=50, purge=12, embargo=12
2026-06-23 11:52:56 | ml_trading | INFO | Fold 220: train=13966, test=50, purge=12, embargo=12
2026-06-23 11:52:59 | ml_trading | INFO | Fold 221: train=14028, test=50, purge=12, embargo=12
2026-06-23 11:53:02 | ml_trading | INFO | Fold 222: train=14090, test=50, purge=12, embargo=12
2026-06-23 11:53:05 | ml_trading | INFO | Fold 223: train=14152, test=50, purge=12, embargo=12
2026-06-23 11:53:08 | ml_trading | INFO | Fold 224: train=14214, test=50, purge=12, embargo=12
2026-06-23 11:53:11 | ml_trading | INFO | Fold 225: train=14276, test=50, purge=12, embargo=12
2026-06-23 11:53:14 | ml_trading | INFO | Fold 226: train=14338, test=50, purge=12, embargo=12
2026-06-23 11:53:17 | ml_trading | INFO | Fold 227: train=14400, test=50, purge=12, embargo=12
2026-06-23 11:53:20 | ml_trading | INFO | Fold 228: train=14462, test=50, purge=12, embargo=12
2026-06-23 11:53:23 | ml_trading | INFO | Fold 229: train=14524, test=50, purge=12, embargo=12
2026-06-23 11:53:26 | ml_trading | INFO | Fold 230: train=14586, test=50, purge=12, embargo=12
2026-06-23 11:53:28 | ml_trading | INFO | Fold 231: train=14648, test=50, purge=12, embargo=12
2026-06-23 11:53:31 | ml_trading | INFO | Fold 232: train=14710, test=50, purge=12, embargo=12
2026-06-23 11:53:34 | ml_trading | INFO | Fold 233: train=14772, test=50, purge=12, embargo=12
2026-06-23 11:53:37 | ml_trading | INFO | Fold 234: train=14834, test=50, purge=12, embargo=12
2026-06-23 11:53:41 | ml_trading | INFO | Fold 235: train=14896, test=50, purge=12, embargo=12
2026-06-23 11:53:44 | ml_trading | INFO | Fold 236: train=14958, test=50, purge=12, embargo=12
2026-06-23 11:53:47 | ml_trading | INFO | Fold 237: train=15020, test=50, purge=12, embargo=12
2026-06-23 11:53:50 | ml_trading | INFO | Fold 238: train=15082, test=50, purge=12, embargo=12
2026-06-23 11:53:53 | ml_trading | INFO | Fold 239: train=15144, test=50, purge=12, embargo=12
2026-06-23 11:53:56 | ml_trading | INFO | Fold 240: train=15206, test=50, purge=12, embargo=12
2026-06-23 11:53:59 | ml_trading | INFO | Fold 241: train=15268, test=50, purge=12, embargo=12
2026-06-23 11:54:02 | ml_trading | INFO | Fold 242: train=15330, test=50, purge=12, embargo=12
2026-06-23 11:54:06 | ml_trading | INFO | Fold 243: train=15392, test=50, purge=12, embargo=12
2026-06-23 11:54:09 | ml_trading | INFO | Fold 244: train=15454, test=50, purge=12, embargo=12
2026-06-23 11:54:13 | ml_trading | INFO | Fold 245: train=15516, test=50, purge=12, embargo=12
2026-06-23 11:54:16 | ml_trading | INFO | Fold 246: train=15578, test=50, purge=12, embargo=12
2026-06-23 11:54:19 | ml_trading | INFO | Fold 247: train=15640, test=50, purge=12, embargo=12
2026-06-23 11:54:22 | ml_trading | INFO | Fold 248: train=15702, test=50, purge=12, embargo=12
2026-06-23 11:54:25 | ml_trading | INFO | Fold 249: train=15764, test=50, purge=12, embargo=12
2026-06-23 11:54:28 | ml_trading | INFO | Fold 250: train=15826, test=50, purge=12, embargo=12
2026-06-23 11:54:31 | ml_trading | INFO | Fold 251: train=15888, test=50, purge=12, embargo=12
2026-06-23 11:54:34 | ml_trading | INFO | Fold 252: train=15950, test=50, purge=12, embargo=12
2026-06-23 11:54:37 | ml_trading | INFO | Fold 253: train=16012, test=50, purge=12, embargo=12
2026-06-23 11:54:40 | ml_trading | INFO | Fold 254: train=16074, test=50, purge=12, embargo=12
2026-06-23 11:54:44 | ml_trading | INFO | Fold 255: train=16136, test=50, purge=12, embargo=12
2026-06-23 11:54:48 | ml_trading | INFO | Fold 256: train=16198, test=50, purge=12, embargo=12
2026-06-23 11:54:51 | ml_trading | INFO | Fold 257: train=16260, test=50, purge=12, embargo=12
2026-06-23 11:54:54 | ml_trading | INFO | Fold 258: train=16322, test=50, purge=12, embargo=12
2026-06-23 11:54:57 | ml_trading | INFO | Fold 259: train=16384, test=50, purge=12, embargo=12
2026-06-23 11:55:06 | ml_trading | INFO | Fold 260: train=16446, test=50, purge=12, embargo=12
2026-06-23 11:55:10 | ml_trading | INFO | Fold 261: train=16508, test=50, purge=12, embargo=12
2026-06-23 11:55:14 | ml_trading | INFO | Fold 262: train=16570, test=50, purge=12, embargo=12
2026-06-23 11:55:17 | ml_trading | INFO | Fold 263: train=16632, test=50, purge=12, embargo=12
2026-06-23 11:55:21 | ml_trading | INFO | Fold 264: train=16694, test=50, purge=12, embargo=12
2026-06-23 11:55:24 | ml_trading | INFO | Fold 265: train=16756, test=50, purge=12, embargo=12
2026-06-23 11:55:27 | ml_trading | INFO | Fold 266: train=16818, test=50, purge=12, embargo=12
2026-06-23 11:55:30 | ml_trading | INFO | Fold 267: train=16880, test=50, purge=12, embargo=12
2026-06-23 11:55:32 | ml_trading | INFO | Fold 268: train=16942, test=50, purge=12, embargo=12
2026-06-23 11:55:35 | ml_trading | INFO | Fold 269: train=17004, test=50, purge=12, embargo=12
2026-06-23 11:55:38 | ml_trading | INFO | Fold 270: train=17066, test=50, purge=12, embargo=12
2026-06-23 11:55:40 | ml_trading | INFO | Fold 271: train=17128, test=50, purge=12, embargo=12
2026-06-23 11:55:44 | ml_trading | INFO | Fold 272: train=17190, test=50, purge=12, embargo=12
2026-06-23 11:55:48 | ml_trading | INFO | Fold 273: train=17252, test=50, purge=12, embargo=12
2026-06-23 11:55:51 | ml_trading | INFO | Fold 274: train=17314, test=50, purge=12, embargo=12
2026-06-23 11:55:54 | ml_trading | INFO | Fold 275: train=17376, test=50, purge=12, embargo=12
2026-06-23 11:55:58 | ml_trading | INFO | Fold 276: train=17438, test=50, purge=12, embargo=12
2026-06-23 11:56:02 | ml_trading | INFO | Walk-forward validation complete: 276 folds
2026-06-23 11:56:02 | ml_trading | INFO | Avg F1 - Short: 0.550, Neutral: 0.369, Long: 0.090
2026-06-23 11:56:02 | ml_trading | INFO | Training final xgboost model on 17542 samples
2026-06-23 11:56:05 | ml_trading | INFO | Model saved to /root/app/ml-project/ml-trading-dashboard/ml_service/storage/models/candidates/ETHUSDT_1h_xgboost_20260623_115605.pkl
2026-06-23 11:56:05 | ml_trading | INFO | Saved calibration artifact: ETHUSDT_1h_xgboost_20260623_115605_calibration.pkl (chosen=platt)
2026-06-23 11:56:05 | ml_trading | INFO | Calibration metrics (holdout=50): raw: ECE=0.311 LL=1.251 Brier=0.773 | platt: ECE=0.047 LL=0.849 Brier=0.513 | isotonic: ECE=0.071 LL=0.712 Brier=0.449  → chosen: platt

================================================================================
TRAINING COMPLETE
================================================================================
Model: xgboost
Folds: 276

F1 Scores:
  Short:   0.550
  Neutral: 0.369
  Long:    0.090
  Weighted: 0.454

Model saved: /root/app/ml-project/ml-trading-dashboard/ml_service/storage/models/candidates/ETHUSDT_1h_xgboost_20260623_115605.pkl
================================================================================

Finished ETHUSDT 1h

=================================================
TRAINING ETHUSDT 4h
=================================================

Training model for ETHUSDT 4h...
2026-06-23 11:56:10 | ml_trading | INFO | Database schema initialized
2026-06-23 11:56:10 | ml_trading | INFO | Database initialized at /root/app/ml-project/ml-trading-dashboard/ml_service/storage/database.db
Loaded 4440 candles
Loaded 4440 BTC candles for correlation
Loaded 691 ES_proxy candles for correlation
2026-06-23 11:56:10 | ml_trading | INFO | [horizon] forward_periods=12 (source: /root/app/ml-project/ml-trading-dashboard/ml_service/config.yaml)
2026-06-23 11:56:10 | ml_trading | INFO | Starting training for ETHUSDT 4h
2026-06-23 11:56:10 | ml_trading | INFO |   Labeling method: triple_barrier
2026-06-23 11:56:10 | ml_trading | INFO |   Forward periods: 12
2026-06-23 11:56:10 | ml_trading | INFO |   TP multiplier: 3.0x ATR
2026-06-23 11:56:10 | ml_trading | INFO |   SL multiplier: 1.5x ATR
2026-06-23 11:56:10 | ml_trading | INFO | Found tuned hyperparameters for ETHUSDT 4h
2026-06-23 11:56:10 | ml_trading | INFO | Model type: lightgbm, F1: 0.4315
[!] VWAP requires an ordered DatetimeIndex.
2026-06-23 11:56:48 | ml_trading | INFO | Fetched 200 funding rate records for ETHUSDT
2026-06-23 11:56:51 | ml_trading | INFO | Clean dataset: 4224 rows after dropping NaN
2026-06-23 11:56:51 | ml_trading | INFO | Fold 1: train=388, test=50, purge=12, embargo=12
2026-06-23 11:56:53 | ml_trading | INFO | Fold 2: train=450, test=50, purge=12, embargo=12
2026-06-23 11:56:57 | ml_trading | INFO | Fold 3: train=512, test=50, purge=12, embargo=12
2026-06-23 11:56:59 | ml_trading | INFO | Fold 4: train=574, test=50, purge=12, embargo=12
2026-06-23 11:57:01 | ml_trading | INFO | Fold 5: train=636, test=50, purge=12, embargo=12
2026-06-23 11:57:03 | ml_trading | INFO | Fold 6: train=698, test=50, purge=12, embargo=12
2026-06-23 11:57:07 | ml_trading | INFO | Fold 7: train=760, test=50, purge=12, embargo=12
2026-06-23 11:57:10 | ml_trading | INFO | Fold 8: train=822, test=50, purge=12, embargo=12
2026-06-23 11:57:12 | ml_trading | INFO | Fold 9: train=884, test=50, purge=12, embargo=12
2026-06-23 11:57:14 | ml_trading | INFO | Fold 10: train=946, test=50, purge=12, embargo=12
2026-06-23 11:57:17 | ml_trading | INFO | Fold 11: train=1008, test=50, purge=12, embargo=12
2026-06-23 11:57:19 | ml_trading | INFO | Fold 12: train=1070, test=50, purge=12, embargo=12
2026-06-23 11:57:21 | ml_trading | INFO | Fold 13: train=1132, test=50, purge=12, embargo=12
2026-06-23 11:57:23 | ml_trading | INFO | Fold 14: train=1194, test=50, purge=12, embargo=12
2026-06-23 11:57:25 | ml_trading | INFO | Fold 15: train=1256, test=50, purge=12, embargo=12
2026-06-23 11:57:27 | ml_trading | INFO | Fold 16: train=1318, test=50, purge=12, embargo=12
2026-06-23 11:57:34 | ml_trading | INFO | Fold 17: train=1380, test=50, purge=12, embargo=12
2026-06-23 11:57:37 | ml_trading | INFO | Fold 18: train=1442, test=50, purge=12, embargo=12
2026-06-23 11:57:40 | ml_trading | INFO | Fold 19: train=1504, test=50, purge=12, embargo=12
2026-06-23 11:57:42 | ml_trading | INFO | Fold 20: train=1566, test=50, purge=12, embargo=12
2026-06-23 11:57:45 | ml_trading | INFO | Fold 21: train=1628, test=50, purge=12, embargo=12
2026-06-23 11:57:48 | ml_trading | INFO | Fold 22: train=1690, test=50, purge=12, embargo=12
2026-06-23 11:57:52 | ml_trading | INFO | Fold 23: train=1752, test=50, purge=12, embargo=12
2026-06-23 11:57:55 | ml_trading | INFO | Fold 24: train=1814, test=50, purge=12, embargo=12
2026-06-23 11:57:58 | ml_trading | INFO | Fold 25: train=1876, test=50, purge=12, embargo=12
2026-06-23 11:58:00 | ml_trading | INFO | Fold 26: train=1938, test=50, purge=12, embargo=12
2026-06-23 11:58:04 | ml_trading | INFO | Fold 27: train=2000, test=50, purge=12, embargo=12
2026-06-23 11:58:08 | ml_trading | INFO | Fold 28: train=2062, test=50, purge=12, embargo=12
2026-06-23 11:58:11 | ml_trading | INFO | Fold 29: train=2124, test=50, purge=12, embargo=12
2026-06-23 11:58:15 | ml_trading | INFO | Fold 30: train=2186, test=50, purge=12, embargo=12
2026-06-23 11:58:18 | ml_trading | INFO | Fold 31: train=2248, test=50, purge=12, embargo=12
2026-06-23 11:58:21 | ml_trading | INFO | Fold 32: train=2310, test=50, purge=12, embargo=12
2026-06-23 11:58:24 | ml_trading | INFO | Fold 33: train=2372, test=50, purge=12, embargo=12
2026-06-23 11:58:28 | ml_trading | INFO | Fold 34: train=2434, test=50, purge=12, embargo=12
2026-06-23 11:58:31 | ml_trading | INFO | Fold 35: train=2496, test=50, purge=12, embargo=12
2026-06-23 11:58:33 | ml_trading | INFO | Fold 36: train=2558, test=50, purge=12, embargo=12
2026-06-23 11:58:36 | ml_trading | INFO | Fold 37: train=2620, test=50, purge=12, embargo=12
2026-06-23 11:58:39 | ml_trading | INFO | Fold 38: train=2682, test=50, purge=12, embargo=12
2026-06-23 11:58:42 | ml_trading | INFO | Fold 39: train=2744, test=50, purge=12, embargo=12
2026-06-23 11:58:45 | ml_trading | INFO | Fold 40: train=2806, test=50, purge=12, embargo=12
2026-06-23 11:58:49 | ml_trading | INFO | Fold 41: train=2868, test=50, purge=12, embargo=12
2026-06-23 11:58:52 | ml_trading | INFO | Fold 42: train=2930, test=50, purge=12, embargo=12
2026-06-23 11:58:55 | ml_trading | INFO | Fold 43: train=2992, test=50, purge=12, embargo=12
2026-06-23 11:58:59 | ml_trading | INFO | Fold 44: train=3054, test=50, purge=12, embargo=12
2026-06-23 11:59:03 | ml_trading | INFO | Fold 45: train=3116, test=50, purge=12, embargo=12
2026-06-23 11:59:07 | ml_trading | INFO | Fold 46: train=3178, test=50, purge=12, embargo=12
2026-06-23 11:59:10 | ml_trading | INFO | Fold 47: train=3240, test=50, purge=12, embargo=12
2026-06-23 11:59:14 | ml_trading | INFO | Fold 48: train=3302, test=50, purge=12, embargo=12
2026-06-23 11:59:18 | ml_trading | INFO | Fold 49: train=3364, test=50, purge=12, embargo=12
2026-06-23 11:59:20 | ml_trading | INFO | Fold 50: train=3426, test=50, purge=12, embargo=12
2026-06-23 11:59:25 | ml_trading | INFO | Fold 51: train=3488, test=50, purge=12, embargo=12
2026-06-23 11:59:29 | ml_trading | INFO | Fold 52: train=3550, test=50, purge=12, embargo=12
2026-06-23 11:59:34 | ml_trading | INFO | Fold 53: train=3612, test=50, purge=12, embargo=12
2026-06-23 11:59:37 | ml_trading | INFO | Fold 54: train=3674, test=50, purge=12, embargo=12
2026-06-23 11:59:41 | ml_trading | INFO | Fold 55: train=3736, test=50, purge=12, embargo=12
2026-06-23 11:59:44 | ml_trading | INFO | Fold 56: train=3798, test=50, purge=12, embargo=12
2026-06-23 11:59:48 | ml_trading | INFO | Fold 57: train=3860, test=50, purge=12, embargo=12
2026-06-23 11:59:53 | ml_trading | INFO | Fold 58: train=3922, test=50, purge=12, embargo=12
2026-06-23 11:59:59 | ml_trading | INFO | Fold 59: train=3984, test=50, purge=12, embargo=12
2026-06-23 12:00:04 | ml_trading | INFO | Fold 60: train=4046, test=50, purge=12, embargo=12
2026-06-23 12:00:18 | ml_trading | INFO | Fold 61: train=4108, test=50, purge=12, embargo=12
2026-06-23 12:00:23 | ml_trading | INFO | Walk-forward validation complete: 61 folds
2026-06-23 12:00:23 | ml_trading | INFO | Avg F1 - Short: 0.515, Neutral: 0.321, Long: 0.115
2026-06-23 12:00:23 | ml_trading | INFO | Training final xgboost model on 4224 samples
2026-06-23 12:00:26 | ml_trading | INFO | Model saved to /root/app/ml-project/ml-trading-dashboard/ml_service/storage/models/candidates/ETHUSDT_4h_xgboost_20260623_120026.pkl
2026-06-23 12:00:26 | ml_trading | INFO | Saved calibration artifact: ETHUSDT_4h_xgboost_20260623_120026_calibration.pkl (chosen=platt)
2026-06-23 12:00:26 | ml_trading | INFO | Calibration metrics (holdout=50): raw: ECE=0.189 LL=0.937 Brier=0.588 | platt: ECE=0.037 LL=0.822 Brier=0.507 | isotonic: ECE=0.082 LL=0.598 Brier=0.386  → chosen: platt

================================================================================
TRAINING COMPLETE
================================================================================
Model: xgboost
Folds: 61

F1 Scores:
  Short:   0.515
  Neutral: 0.321
  Long:    0.115
  Weighted: 0.410

Model saved: /root/app/ml-project/ml-trading-dashboard/ml_service/storage/models/candidates/ETHUSDT_4h_xgboost_20260623_120026.pkl
================================================================================

Finished ETHUSDT 4h

=================================================
TRAINING BNBUSDT 1h
=================================================

Training model for BNBUSDT 1h...
2026-06-23 12:00:31 | ml_trading | INFO | Database schema initialized
2026-06-23 12:00:31 | ml_trading | INFO | Database initialized at /root/app/ml-project/ml-trading-dashboard/ml_service/storage/database.db
Loaded 17758 candles
Loaded 17758 BTC candles for correlation
Loaded 2414 ES_proxy candles for correlation
2026-06-23 12:00:32 | ml_trading | INFO | [horizon] forward_periods=12 (source: /root/app/ml-project/ml-trading-dashboard/ml_service/config.yaml)
2026-06-23 12:00:32 | ml_trading | INFO | Starting training for BNBUSDT 1h
2026-06-23 12:00:32 | ml_trading | INFO |   Labeling method: triple_barrier
2026-06-23 12:00:32 | ml_trading | INFO |   Forward periods: 12
2026-06-23 12:00:32 | ml_trading | INFO |   TP multiplier: 3.0x ATR
2026-06-23 12:00:32 | ml_trading | INFO |   SL multiplier: 1.5x ATR
[!] VWAP requires an ordered DatetimeIndex.
2026-06-23 12:03:23 | ml_trading | INFO | Fetched 200 funding rate records for BNBUSDT
2026-06-23 12:03:35 | ml_trading | INFO | Clean dataset: 17542 rows after dropping NaN
2026-06-23 12:03:35 | ml_trading | INFO | Fold 1: train=388, test=50, purge=12, embargo=12
2026-06-23 12:03:36 | ml_trading | INFO | Fold 2: train=450, test=50, purge=12, embargo=12
2026-06-23 12:03:37 | ml_trading | INFO | Fold 3: train=512, test=50, purge=12, embargo=12
2026-06-23 12:03:38 | ml_trading | INFO | Fold 4: train=574, test=50, purge=12, embargo=12
2026-06-23 12:03:38 | ml_trading | INFO | Fold 5: train=636, test=50, purge=12, embargo=12
2026-06-23 12:03:39 | ml_trading | INFO | Fold 6: train=698, test=50, purge=12, embargo=12
2026-06-23 12:03:40 | ml_trading | INFO | Fold 7: train=760, test=50, purge=12, embargo=12
2026-06-23 12:03:42 | ml_trading | INFO | Fold 8: train=822, test=50, purge=12, embargo=12
2026-06-23 12:03:43 | ml_trading | INFO | Fold 9: train=884, test=50, purge=12, embargo=12
2026-06-23 12:03:44 | ml_trading | INFO | Fold 10: train=946, test=50, purge=12, embargo=12
2026-06-23 12:03:45 | ml_trading | INFO | Fold 11: train=1008, test=50, purge=12, embargo=12
2026-06-23 12:03:46 | ml_trading | INFO | Fold 12: train=1070, test=50, purge=12, embargo=12
2026-06-23 12:03:47 | ml_trading | INFO | Fold 13: train=1132, test=50, purge=12, embargo=12
2026-06-23 12:03:48 | ml_trading | INFO | Fold 14: train=1194, test=50, purge=12, embargo=12
2026-06-23 12:03:49 | ml_trading | INFO | Fold 15: train=1256, test=50, purge=12, embargo=12
2026-06-23 12:03:50 | ml_trading | INFO | Fold 16: train=1318, test=50, purge=12, embargo=12
2026-06-23 12:03:51 | ml_trading | INFO | Fold 17: train=1380, test=50, purge=12, embargo=12
2026-06-23 12:03:53 | ml_trading | INFO | Fold 18: train=1442, test=50, purge=12, embargo=12
2026-06-23 12:03:54 | ml_trading | INFO | Fold 19: train=1504, test=50, purge=12, embargo=12
2026-06-23 12:03:56 | ml_trading | INFO | Fold 20: train=1566, test=50, purge=12, embargo=12
2026-06-23 12:03:58 | ml_trading | INFO | Fold 21: train=1628, test=50, purge=12, embargo=12
2026-06-23 12:04:00 | ml_trading | INFO | Fold 22: train=1690, test=50, purge=12, embargo=12
2026-06-23 12:04:01 | ml_trading | INFO | Fold 23: train=1752, test=50, purge=12, embargo=12
2026-06-23 12:04:03 | ml_trading | INFO | Fold 24: train=1814, test=50, purge=12, embargo=12
2026-06-23 12:04:05 | ml_trading | INFO | Fold 25: train=1876, test=50, purge=12, embargo=12
2026-06-23 12:04:06 | ml_trading | INFO | Fold 26: train=1938, test=50, purge=12, embargo=12
2026-06-23 12:04:08 | ml_trading | INFO | Fold 27: train=2000, test=50, purge=12, embargo=12
2026-06-23 12:04:10 | ml_trading | INFO | Fold 28: train=2062, test=50, purge=12, embargo=12
2026-06-23 12:04:11 | ml_trading | INFO | Fold 29: train=2124, test=50, purge=12, embargo=12
2026-06-23 12:04:14 | ml_trading | INFO | Fold 30: train=2186, test=50, purge=12, embargo=12
2026-06-23 12:04:16 | ml_trading | INFO | Fold 31: train=2248, test=50, purge=12, embargo=12
2026-06-23 12:04:18 | ml_trading | INFO | Fold 32: train=2310, test=50, purge=12, embargo=12
2026-06-23 12:04:20 | ml_trading | INFO | Fold 33: train=2372, test=50, purge=12, embargo=12
2026-06-23 12:04:21 | ml_trading | INFO | Fold 34: train=2434, test=50, purge=12, embargo=12
2026-06-23 12:04:23 | ml_trading | INFO | Fold 35: train=2496, test=50, purge=12, embargo=12
2026-06-23 12:04:24 | ml_trading | INFO | Fold 36: train=2558, test=50, purge=12, embargo=12
2026-06-23 12:04:26 | ml_trading | INFO | Fold 37: train=2620, test=50, purge=12, embargo=12
2026-06-23 12:04:28 | ml_trading | INFO | Fold 38: train=2682, test=50, purge=12, embargo=12
2026-06-23 12:04:30 | ml_trading | INFO | Fold 39: train=2744, test=50, purge=12, embargo=12
2026-06-23 12:04:31 | ml_trading | INFO | Fold 40: train=2806, test=50, purge=12, embargo=12
2026-06-23 12:04:33 | ml_trading | INFO | Fold 41: train=2868, test=50, purge=12, embargo=12
2026-06-23 12:04:35 | ml_trading | INFO | Fold 42: train=2930, test=50, purge=12, embargo=12
2026-06-23 12:04:37 | ml_trading | INFO | Fold 43: train=2992, test=50, purge=12, embargo=12
2026-06-23 12:04:39 | ml_trading | INFO | Fold 44: train=3054, test=50, purge=12, embargo=12
2026-06-23 12:04:41 | ml_trading | INFO | Fold 45: train=3116, test=50, purge=12, embargo=12
2026-06-23 12:04:42 | ml_trading | INFO | Fold 46: train=3178, test=50, purge=12, embargo=12
2026-06-23 12:04:44 | ml_trading | INFO | Fold 47: train=3240, test=50, purge=12, embargo=12
2026-06-23 12:04:45 | ml_trading | INFO | Fold 48: train=3302, test=50, purge=12, embargo=12
2026-06-23 12:04:47 | ml_trading | INFO | Fold 49: train=3364, test=50, purge=12, embargo=12
2026-06-23 12:04:49 | ml_trading | INFO | Fold 50: train=3426, test=50, purge=12, embargo=12
2026-06-23 12:04:50 | ml_trading | INFO | Fold 51: train=3488, test=50, purge=12, embargo=12
2026-06-23 12:04:52 | ml_trading | INFO | Fold 52: train=3550, test=50, purge=12, embargo=12
2026-06-23 12:04:53 | ml_trading | INFO | Fold 53: train=3612, test=50, purge=12, embargo=12
2026-06-23 12:04:55 | ml_trading | INFO | Fold 54: train=3674, test=50, purge=12, embargo=12
2026-06-23 12:04:58 | ml_trading | INFO | Fold 55: train=3736, test=50, purge=12, embargo=12
2026-06-23 12:05:00 | ml_trading | INFO | Fold 56: train=3798, test=50, purge=12, embargo=12
2026-06-23 12:05:04 | ml_trading | INFO | Fold 57: train=3860, test=50, purge=12, embargo=12
2026-06-23 12:05:06 | ml_trading | INFO | Fold 58: train=3922, test=50, purge=12, embargo=12
2026-06-23 12:05:09 | ml_trading | INFO | Fold 59: train=3984, test=50, purge=12, embargo=12
2026-06-23 12:05:12 | ml_trading | INFO | Fold 60: train=4046, test=50, purge=12, embargo=12
2026-06-23 12:05:14 | ml_trading | INFO | Fold 61: train=4108, test=50, purge=12, embargo=12
2026-06-23 12:05:16 | ml_trading | INFO | Fold 62: train=4170, test=50, purge=12, embargo=12
2026-06-23 12:05:18 | ml_trading | INFO | Fold 63: train=4232, test=50, purge=12, embargo=12
2026-06-23 12:05:19 | ml_trading | INFO | Fold 64: train=4294, test=50, purge=12, embargo=12
2026-06-23 12:05:21 | ml_trading | INFO | Fold 65: train=4356, test=50, purge=12, embargo=12
2026-06-23 12:05:23 | ml_trading | INFO | Fold 66: train=4418, test=50, purge=12, embargo=12
2026-06-23 12:05:25 | ml_trading | INFO | Fold 67: train=4480, test=50, purge=12, embargo=12
2026-06-23 12:05:27 | ml_trading | INFO | Fold 68: train=4542, test=50, purge=12, embargo=12
2026-06-23 12:05:30 | ml_trading | INFO | Fold 69: train=4604, test=50, purge=12, embargo=12
2026-06-23 12:05:32 | ml_trading | INFO | Fold 70: train=4666, test=50, purge=12, embargo=12
2026-06-23 12:05:34 | ml_trading | INFO | Fold 71: train=4728, test=50, purge=12, embargo=12
2026-06-23 12:05:36 | ml_trading | INFO | Fold 72: train=4790, test=50, purge=12, embargo=12
2026-06-23 12:05:38 | ml_trading | INFO | Fold 73: train=4852, test=50, purge=12, embargo=12
2026-06-23 12:05:40 | ml_trading | INFO | Fold 74: train=4914, test=50, purge=12, embargo=12
2026-06-23 12:05:43 | ml_trading | INFO | Fold 75: train=4976, test=50, purge=12, embargo=12
2026-06-23 12:05:45 | ml_trading | INFO | Fold 76: train=5038, test=50, purge=12, embargo=12
2026-06-23 12:05:47 | ml_trading | INFO | Fold 77: train=5100, test=50, purge=12, embargo=12
2026-06-23 12:05:50 | ml_trading | INFO | Fold 78: train=5162, test=50, purge=12, embargo=12
2026-06-23 12:05:52 | ml_trading | INFO | Fold 79: train=5224, test=50, purge=12, embargo=12
2026-06-23 12:05:53 | ml_trading | INFO | Fold 80: train=5286, test=50, purge=12, embargo=12
2026-06-23 12:05:55 | ml_trading | INFO | Fold 81: train=5348, test=50, purge=12, embargo=12
2026-06-23 12:05:57 | ml_trading | INFO | Fold 82: train=5410, test=50, purge=12, embargo=12
2026-06-23 12:06:07 | ml_trading | INFO | Fold 83: train=5472, test=50, purge=12, embargo=12
2026-06-23 12:06:09 | ml_trading | INFO | Fold 84: train=5534, test=50, purge=12, embargo=12
2026-06-23 12:06:12 | ml_trading | INFO | Fold 85: train=5596, test=50, purge=12, embargo=12
2026-06-23 12:06:13 | ml_trading | INFO | Fold 86: train=5658, test=50, purge=12, embargo=12
2026-06-23 12:06:16 | ml_trading | INFO | Fold 87: train=5720, test=50, purge=12, embargo=12
2026-06-23 12:06:17 | ml_trading | INFO | Fold 88: train=5782, test=50, purge=12, embargo=12
2026-06-23 12:06:19 | ml_trading | INFO | Fold 89: train=5844, test=50, purge=12, embargo=12
2026-06-23 12:06:22 | ml_trading | INFO | Fold 90: train=5906, test=50, purge=12, embargo=12
2026-06-23 12:06:24 | ml_trading | INFO | Fold 91: train=5968, test=50, purge=12, embargo=12
2026-06-23 12:06:26 | ml_trading | INFO | Fold 92: train=6030, test=50, purge=12, embargo=12
2026-06-23 12:06:28 | ml_trading | INFO | Fold 93: train=6092, test=50, purge=12, embargo=12
2026-06-23 12:06:31 | ml_trading | INFO | Fold 94: train=6154, test=50, purge=12, embargo=12
2026-06-23 12:06:34 | ml_trading | INFO | Fold 95: train=6216, test=50, purge=12, embargo=12
2026-06-23 12:06:36 | ml_trading | INFO | Fold 96: train=6278, test=50, purge=12, embargo=12
2026-06-23 12:06:37 | ml_trading | INFO | Fold 97: train=6340, test=50, purge=12, embargo=12
2026-06-23 12:06:40 | ml_trading | INFO | Fold 98: train=6402, test=50, purge=12, embargo=12
2026-06-23 12:06:42 | ml_trading | INFO | Fold 99: train=6464, test=50, purge=12, embargo=12
2026-06-23 12:06:44 | ml_trading | INFO | Fold 100: train=6526, test=50, purge=12, embargo=12
2026-06-23 12:06:46 | ml_trading | INFO | Fold 101: train=6588, test=50, purge=12, embargo=12
2026-06-23 12:06:48 | ml_trading | INFO | Fold 102: train=6650, test=50, purge=12, embargo=12
2026-06-23 12:06:50 | ml_trading | INFO | Fold 103: train=6712, test=50, purge=12, embargo=12
2026-06-23 12:06:52 | ml_trading | INFO | Fold 104: train=6774, test=50, purge=12, embargo=12
2026-06-23 12:06:54 | ml_trading | INFO | Fold 105: train=6836, test=50, purge=12, embargo=12
2026-06-23 12:06:56 | ml_trading | INFO | Fold 106: train=6898, test=50, purge=12, embargo=12
2026-06-23 12:06:58 | ml_trading | INFO | Fold 107: train=6960, test=50, purge=12, embargo=12
2026-06-23 12:07:02 | ml_trading | INFO | Fold 108: train=7022, test=50, purge=12, embargo=12
2026-06-23 12:07:04 | ml_trading | INFO | Fold 109: train=7084, test=50, purge=12, embargo=12
2026-06-23 12:07:06 | ml_trading | INFO | Fold 110: train=7146, test=50, purge=12, embargo=12
2026-06-23 12:07:08 | ml_trading | INFO | Fold 111: train=7208, test=50, purge=12, embargo=12
2026-06-23 12:07:10 | ml_trading | INFO | Fold 112: train=7270, test=50, purge=12, embargo=12
2026-06-23 12:07:13 | ml_trading | INFO | Fold 113: train=7332, test=50, purge=12, embargo=12
2026-06-23 12:07:15 | ml_trading | INFO | Fold 114: train=7394, test=50, purge=12, embargo=12
2026-06-23 12:07:17 | ml_trading | INFO | Fold 115: train=7456, test=50, purge=12, embargo=12
2026-06-23 12:07:18 | ml_trading | INFO | Fold 116: train=7518, test=50, purge=12, embargo=12
2026-06-23 12:07:20 | ml_trading | INFO | Fold 117: train=7580, test=50, purge=12, embargo=12
2026-06-23 12:07:22 | ml_trading | INFO | Fold 118: train=7642, test=50, purge=12, embargo=12
2026-06-23 12:07:24 | ml_trading | INFO | Fold 119: train=7704, test=50, purge=12, embargo=12
2026-06-23 12:07:26 | ml_trading | INFO | Fold 120: train=7766, test=50, purge=12, embargo=12
2026-06-23 12:07:28 | ml_trading | INFO | Fold 121: train=7828, test=50, purge=12, embargo=12
2026-06-23 12:07:31 | ml_trading | INFO | Fold 122: train=7890, test=50, purge=12, embargo=12
2026-06-23 12:07:33 | ml_trading | INFO | Fold 123: train=7952, test=50, purge=12, embargo=12
2026-06-23 12:07:35 | ml_trading | INFO | Fold 124: train=8014, test=50, purge=12, embargo=12
2026-06-23 12:07:37 | ml_trading | INFO | Fold 125: train=8076, test=50, purge=12, embargo=12
2026-06-23 12:07:40 | ml_trading | INFO | Fold 126: train=8138, test=50, purge=12, embargo=12
2026-06-23 12:07:42 | ml_trading | INFO | Fold 127: train=8200, test=50, purge=12, embargo=12
2026-06-23 12:07:44 | ml_trading | INFO | Fold 128: train=8262, test=50, purge=12, embargo=12
2026-06-23 12:07:46 | ml_trading | INFO | Fold 129: train=8324, test=50, purge=12, embargo=12
2026-06-23 12:07:48 | ml_trading | INFO | Fold 130: train=8386, test=50, purge=12, embargo=12
2026-06-23 12:07:50 | ml_trading | INFO | Fold 131: train=8448, test=50, purge=12, embargo=12
2026-06-23 12:07:52 | ml_trading | INFO | Fold 132: train=8510, test=50, purge=12, embargo=12
2026-06-23 12:07:55 | ml_trading | INFO | Fold 133: train=8572, test=50, purge=12, embargo=12
2026-06-23 12:07:58 | ml_trading | INFO | Fold 134: train=8634, test=50, purge=12, embargo=12
2026-06-23 12:08:00 | ml_trading | INFO | Fold 135: train=8696, test=50, purge=12, embargo=12
2026-06-23 12:08:03 | ml_trading | INFO | Fold 136: train=8758, test=50, purge=12, embargo=12
2026-06-23 12:08:06 | ml_trading | INFO | Fold 137: train=8820, test=50, purge=12, embargo=12
2026-06-23 12:08:08 | ml_trading | INFO | Fold 138: train=8882, test=50, purge=12, embargo=12
2026-06-23 12:08:10 | ml_trading | INFO | Fold 139: train=8944, test=50, purge=12, embargo=12
2026-06-23 12:08:12 | ml_trading | INFO | Fold 140: train=9006, test=50, purge=12, embargo=12
2026-06-23 12:08:15 | ml_trading | INFO | Fold 141: train=9068, test=50, purge=12, embargo=12
2026-06-23 12:08:17 | ml_trading | INFO | Fold 142: train=9130, test=50, purge=12, embargo=12
2026-06-23 12:08:19 | ml_trading | INFO | Fold 143: train=9192, test=50, purge=12, embargo=12
2026-06-23 12:08:22 | ml_trading | INFO | Fold 144: train=9254, test=50, purge=12, embargo=12
2026-06-23 12:08:25 | ml_trading | INFO | Fold 145: train=9316, test=50, purge=12, embargo=12
2026-06-23 12:08:27 | ml_trading | INFO | Fold 146: train=9378, test=50, purge=12, embargo=12
2026-06-23 12:08:35 | ml_trading | INFO | Fold 147: train=9440, test=50, purge=12, embargo=12
2026-06-23 12:08:37 | ml_trading | INFO | Fold 148: train=9502, test=50, purge=12, embargo=12
2026-06-23 12:08:39 | ml_trading | INFO | Fold 149: train=9564, test=50, purge=12, embargo=12
2026-06-23 12:08:42 | ml_trading | INFO | Fold 150: train=9626, test=50, purge=12, embargo=12
2026-06-23 12:08:44 | ml_trading | INFO | Fold 151: train=9688, test=50, purge=12, embargo=12
2026-06-23 12:08:47 | ml_trading | INFO | Fold 152: train=9750, test=50, purge=12, embargo=12
2026-06-23 12:08:49 | ml_trading | INFO | Fold 153: train=9812, test=50, purge=12, embargo=12
2026-06-23 12:08:51 | ml_trading | INFO | Fold 154: train=9874, test=50, purge=12, embargo=12
2026-06-23 12:08:53 | ml_trading | INFO | Fold 155: train=9936, test=50, purge=12, embargo=12
2026-06-23 12:08:56 | ml_trading | INFO | Fold 156: train=9998, test=50, purge=12, embargo=12
2026-06-23 12:08:58 | ml_trading | INFO | Fold 157: train=10060, test=50, purge=12, embargo=12
2026-06-23 12:09:01 | ml_trading | INFO | Fold 158: train=10122, test=50, purge=12, embargo=12
2026-06-23 12:09:07 | ml_trading | INFO | Fold 159: train=10184, test=50, purge=12, embargo=12
2026-06-23 12:09:10 | ml_trading | INFO | Fold 160: train=10246, test=50, purge=12, embargo=12
2026-06-23 12:09:12 | ml_trading | INFO | Fold 161: train=10308, test=50, purge=12, embargo=12
2026-06-23 12:09:15 | ml_trading | INFO | Fold 162: train=10370, test=50, purge=12, embargo=12
2026-06-23 12:09:17 | ml_trading | INFO | Fold 163: train=10432, test=50, purge=12, embargo=12
2026-06-23 12:09:20 | ml_trading | INFO | Fold 164: train=10494, test=50, purge=12, embargo=12
2026-06-23 12:09:23 | ml_trading | INFO | Fold 165: train=10556, test=50, purge=12, embargo=12
2026-06-23 12:09:25 | ml_trading | INFO | Fold 166: train=10618, test=50, purge=12, embargo=12
2026-06-23 12:09:27 | ml_trading | INFO | Fold 167: train=10680, test=50, purge=12, embargo=12
2026-06-23 12:09:30 | ml_trading | INFO | Fold 168: train=10742, test=50, purge=12, embargo=12
2026-06-23 12:09:32 | ml_trading | INFO | Fold 169: train=10804, test=50, purge=12, embargo=12
2026-06-23 12:09:36 | ml_trading | INFO | Fold 170: train=10866, test=50, purge=12, embargo=12
2026-06-23 12:09:38 | ml_trading | INFO | Fold 171: train=10928, test=50, purge=12, embargo=12
2026-06-23 12:09:40 | ml_trading | INFO | Fold 172: train=10990, test=50, purge=12, embargo=12
2026-06-23 12:09:43 | ml_trading | INFO | Fold 173: train=11052, test=50, purge=12, embargo=12
2026-06-23 12:09:45 | ml_trading | INFO | Fold 174: train=11114, test=50, purge=12, embargo=12
2026-06-23 12:09:48 | ml_trading | INFO | Fold 175: train=11176, test=50, purge=12, embargo=12
2026-06-23 12:09:50 | ml_trading | INFO | Fold 176: train=11238, test=50, purge=12, embargo=12
2026-06-23 12:09:52 | ml_trading | INFO | Fold 177: train=11300, test=50, purge=12, embargo=12
2026-06-23 12:09:55 | ml_trading | INFO | Fold 178: train=11362, test=50, purge=12, embargo=12
2026-06-23 12:09:58 | ml_trading | INFO | Fold 179: train=11424, test=50, purge=12, embargo=12
2026-06-23 12:10:01 | ml_trading | INFO | Fold 180: train=11486, test=50, purge=12, embargo=12
2026-06-23 12:10:09 | ml_trading | INFO | Fold 181: train=11548, test=50, purge=12, embargo=12
2026-06-23 12:10:12 | ml_trading | INFO | Fold 182: train=11610, test=50, purge=12, embargo=12
2026-06-23 12:10:15 | ml_trading | INFO | Fold 183: train=11672, test=50, purge=12, embargo=12
2026-06-23 12:10:17 | ml_trading | INFO | Fold 184: train=11734, test=50, purge=12, embargo=12
2026-06-23 12:10:20 | ml_trading | INFO | Fold 185: train=11796, test=50, purge=12, embargo=12
2026-06-23 12:10:22 | ml_trading | INFO | Fold 186: train=11858, test=50, purge=12, embargo=12
2026-06-23 12:10:25 | ml_trading | INFO | Fold 187: train=11920, test=50, purge=12, embargo=12
2026-06-23 12:10:28 | ml_trading | INFO | Fold 188: train=11982, test=50, purge=12, embargo=12
2026-06-23 12:10:31 | ml_trading | INFO | Fold 189: train=12044, test=50, purge=12, embargo=12
2026-06-23 12:10:33 | ml_trading | INFO | Fold 190: train=12106, test=50, purge=12, embargo=12
2026-06-23 12:10:35 | ml_trading | INFO | Fold 191: train=12168, test=50, purge=12, embargo=12
2026-06-23 12:10:38 | ml_trading | INFO | Fold 192: train=12230, test=50, purge=12, embargo=12
2026-06-23 12:10:41 | ml_trading | INFO | Fold 193: train=12292, test=50, purge=12, embargo=12
2026-06-23 12:10:43 | ml_trading | INFO | Fold 194: train=12354, test=50, purge=12, embargo=12
2026-06-23 12:10:46 | ml_trading | INFO | Fold 195: train=12416, test=50, purge=12, embargo=12
2026-06-23 12:10:48 | ml_trading | INFO | Fold 196: train=12478, test=50, purge=12, embargo=12
2026-06-23 12:10:51 | ml_trading | INFO | Fold 197: train=12540, test=50, purge=12, embargo=12
2026-06-23 12:10:53 | ml_trading | INFO | Fold 198: train=12602, test=50, purge=12, embargo=12
2026-06-23 12:10:55 | ml_trading | INFO | Fold 199: train=12664, test=50, purge=12, embargo=12
2026-06-23 12:10:58 | ml_trading | INFO | Fold 200: train=12726, test=50, purge=12, embargo=12
2026-06-23 12:11:01 | ml_trading | INFO | Fold 201: train=12788, test=50, purge=12, embargo=12
2026-06-23 12:11:08 | ml_trading | INFO | Fold 202: train=12850, test=50, purge=12, embargo=12
2026-06-23 12:11:11 | ml_trading | INFO | Fold 203: train=12912, test=50, purge=12, embargo=12
2026-06-23 12:11:14 | ml_trading | INFO | Fold 204: train=12974, test=50, purge=12, embargo=12
2026-06-23 12:11:16 | ml_trading | INFO | Fold 205: train=13036, test=50, purge=12, embargo=12
2026-06-23 12:11:19 | ml_trading | INFO | Fold 206: train=13098, test=50, purge=12, embargo=12
2026-06-23 12:11:22 | ml_trading | INFO | Fold 207: train=13160, test=50, purge=12, embargo=12
2026-06-23 12:11:25 | ml_trading | INFO | Fold 208: train=13222, test=50, purge=12, embargo=12
2026-06-23 12:11:28 | ml_trading | INFO | Fold 209: train=13284, test=50, purge=12, embargo=12
2026-06-23 12:11:35 | ml_trading | INFO | Fold 210: train=13346, test=50, purge=12, embargo=12
2026-06-23 12:11:38 | ml_trading | INFO | Fold 211: train=13408, test=50, purge=12, embargo=12
2026-06-23 12:11:41 | ml_trading | INFO | Fold 212: train=13470, test=50, purge=12, embargo=12
2026-06-23 12:11:43 | ml_trading | INFO | Fold 213: train=13532, test=50, purge=12, embargo=12
2026-06-23 12:11:46 | ml_trading | INFO | Fold 214: train=13594, test=50, purge=12, embargo=12
2026-06-23 12:11:49 | ml_trading | INFO | Fold 215: train=13656, test=50, purge=12, embargo=12
2026-06-23 12:11:53 | ml_trading | INFO | Fold 216: train=13718, test=50, purge=12, embargo=12
2026-06-23 12:11:56 | ml_trading | INFO | Fold 217: train=13780, test=50, purge=12, embargo=12
2026-06-23 12:11:59 | ml_trading | INFO | Fold 218: train=13842, test=50, purge=12, embargo=12
2026-06-23 12:12:02 | ml_trading | INFO | Fold 219: train=13904, test=50, purge=12, embargo=12
2026-06-23 12:12:06 | ml_trading | INFO | Fold 220: train=13966, test=50, purge=12, embargo=12
2026-06-23 12:12:11 | ml_trading | INFO | Fold 221: train=14028, test=50, purge=12, embargo=12
2026-06-23 12:12:14 | ml_trading | INFO | Fold 222: train=14090, test=50, purge=12, embargo=12
2026-06-23 12:12:17 | ml_trading | INFO | Fold 223: train=14152, test=50, purge=12, embargo=12
2026-06-23 12:12:20 | ml_trading | INFO | Fold 224: train=14214, test=50, purge=12, embargo=12
2026-06-23 12:12:23 | ml_trading | INFO | Fold 225: train=14276, test=50, purge=12, embargo=12
2026-06-23 12:12:25 | ml_trading | INFO | Fold 226: train=14338, test=50, purge=12, embargo=12
2026-06-23 12:12:30 | ml_trading | INFO | Fold 227: train=14400, test=50, purge=12, embargo=12
2026-06-23 12:12:33 | ml_trading | INFO | Fold 228: train=14462, test=50, purge=12, embargo=12
2026-06-23 12:12:36 | ml_trading | INFO | Fold 229: train=14524, test=50, purge=12, embargo=12
2026-06-23 12:12:39 | ml_trading | INFO | Fold 230: train=14586, test=50, purge=12, embargo=12
2026-06-23 12:12:41 | ml_trading | INFO | Fold 231: train=14648, test=50, purge=12, embargo=12
2026-06-23 12:12:43 | ml_trading | INFO | Fold 232: train=14710, test=50, purge=12, embargo=12
2026-06-23 12:12:46 | ml_trading | INFO | Fold 233: train=14772, test=50, purge=12, embargo=12
2026-06-23 12:12:49 | ml_trading | INFO | Fold 234: train=14834, test=50, purge=12, embargo=12
2026-06-23 12:12:52 | ml_trading | INFO | Fold 235: train=14896, test=50, purge=12, embargo=12
2026-06-23 12:12:54 | ml_trading | INFO | Fold 236: train=14958, test=50, purge=12, embargo=12
2026-06-23 12:12:57 | ml_trading | INFO | Fold 237: train=15020, test=50, purge=12, embargo=12
2026-06-23 12:13:00 | ml_trading | INFO | Fold 238: train=15082, test=50, purge=12, embargo=12
2026-06-23 12:13:02 | ml_trading | INFO | Fold 239: train=15144, test=50, purge=12, embargo=12
2026-06-23 12:13:06 | ml_trading | INFO | Fold 240: train=15206, test=50, purge=12, embargo=12
2026-06-23 12:13:09 | ml_trading | INFO | Fold 241: train=15268, test=50, purge=12, embargo=12
2026-06-23 12:13:13 | ml_trading | INFO | Fold 242: train=15330, test=50, purge=12, embargo=12
2026-06-23 12:13:16 | ml_trading | INFO | Fold 243: train=15392, test=50, purge=12, embargo=12
2026-06-23 12:13:20 | ml_trading | INFO | Fold 244: train=15454, test=50, purge=12, embargo=12
2026-06-23 12:13:22 | ml_trading | INFO | Fold 245: train=15516, test=50, purge=12, embargo=12
2026-06-23 12:13:25 | ml_trading | INFO | Fold 246: train=15578, test=50, purge=12, embargo=12
2026-06-23 12:13:28 | ml_trading | INFO | Fold 247: train=15640, test=50, purge=12, embargo=12
2026-06-23 12:13:31 | ml_trading | INFO | Fold 248: train=15702, test=50, purge=12, embargo=12
2026-06-23 12:13:33 | ml_trading | INFO | Fold 249: train=15764, test=50, purge=12, embargo=12
2026-06-23 12:13:36 | ml_trading | INFO | Fold 250: train=15826, test=50, purge=12, embargo=12
2026-06-23 12:13:39 | ml_trading | INFO | Fold 251: train=15888, test=50, purge=12, embargo=12
2026-06-23 12:13:42 | ml_trading | INFO | Fold 252: train=15950, test=50, purge=12, embargo=12
2026-06-23 12:13:45 | ml_trading | INFO | Fold 253: train=16012, test=50, purge=12, embargo=12
2026-06-23 12:13:47 | ml_trading | INFO | Fold 254: train=16074, test=50, purge=12, embargo=12
2026-06-23 12:13:50 | ml_trading | INFO | Fold 255: train=16136, test=50, purge=12, embargo=12
2026-06-23 12:13:53 | ml_trading | INFO | Fold 256: train=16198, test=50, purge=12, embargo=12
2026-06-23 12:13:55 | ml_trading | INFO | Fold 257: train=16260, test=50, purge=12, embargo=12
2026-06-23 12:13:58 | ml_trading | INFO | Fold 258: train=16322, test=50, purge=12, embargo=12
2026-06-23 12:14:05 | ml_trading | INFO | Fold 259: train=16384, test=50, purge=12, embargo=12
2026-06-23 12:14:09 | ml_trading | INFO | Fold 260: train=16446, test=50, purge=12, embargo=12
2026-06-23 12:14:14 | ml_trading | INFO | Fold 261: train=16508, test=50, purge=12, embargo=12
2026-06-23 12:14:17 | ml_trading | INFO | Fold 262: train=16570, test=50, purge=12, embargo=12
2026-06-23 12:14:19 | ml_trading | INFO | Fold 263: train=16632, test=50, purge=12, embargo=12
2026-06-23 12:14:22 | ml_trading | INFO | Fold 264: train=16694, test=50, purge=12, embargo=12
2026-06-23 12:14:24 | ml_trading | INFO | Fold 265: train=16756, test=50, purge=12, embargo=12
2026-06-23 12:14:27 | ml_trading | INFO | Fold 266: train=16818, test=50, purge=12, embargo=12
2026-06-23 12:14:30 | ml_trading | INFO | Fold 267: train=16880, test=50, purge=12, embargo=12
2026-06-23 12:14:32 | ml_trading | INFO | Fold 268: train=16942, test=50, purge=12, embargo=12
2026-06-23 12:14:35 | ml_trading | INFO | Fold 269: train=17004, test=50, purge=12, embargo=12
2026-06-23 12:14:38 | ml_trading | INFO | Fold 270: train=17066, test=50, purge=12, embargo=12
2026-06-23 12:14:41 | ml_trading | INFO | Fold 271: train=17128, test=50, purge=12, embargo=12
2026-06-23 12:14:44 | ml_trading | INFO | Fold 272: train=17190, test=50, purge=12, embargo=12
2026-06-23 12:14:46 | ml_trading | INFO | Fold 273: train=17252, test=50, purge=12, embargo=12
2026-06-23 12:14:50 | ml_trading | INFO | Fold 274: train=17314, test=50, purge=12, embargo=12
2026-06-23 12:14:52 | ml_trading | INFO | Fold 275: train=17376, test=50, purge=12, embargo=12
2026-06-23 12:14:56 | ml_trading | INFO | Fold 276: train=17438, test=50, purge=12, embargo=12
2026-06-23 12:14:59 | ml_trading | INFO | Walk-forward validation complete: 276 folds
2026-06-23 12:14:59 | ml_trading | INFO | Avg F1 - Short: 0.573, Neutral: 0.353, Long: 0.087
2026-06-23 12:15:00 | ml_trading | INFO | Training final lightgbm model on 17542 samples
2026-06-23 12:15:02 | ml_trading | INFO | Model saved to /root/app/ml-project/ml-trading-dashboard/ml_service/storage/models/candidates/BNBUSDT_1h_lightgbm_20260623_121502.pkl
2026-06-23 12:15:03 | ml_trading | INFO | Saved calibration artifact: BNBUSDT_1h_lightgbm_20260623_121502_calibration.pkl (chosen=platt)
2026-06-23 12:15:03 | ml_trading | INFO | Calibration metrics (holdout=50): raw: ECE=0.187 LL=0.871 Brier=0.544 | platt: ECE=0.063 LL=0.760 Brier=0.449 | isotonic: ECE=0.070 LL=0.642 Brier=0.387  → chosen: platt

================================================================================
TRAINING COMPLETE
================================================================================
Model: lightgbm
Folds: 276

F1 Scores:
  Short:   0.573
  Neutral: 0.353
  Long:    0.087
  Weighted: 0.454

Model saved: /root/app/ml-project/ml-trading-dashboard/ml_service/storage/models/candidates/BNBUSDT_1h_lightgbm_20260623_121502.pkl
================================================================================

Finished BNBUSDT 1h

=================================================
TRAINING BNBUSDT 4h
=================================================

Training model for BNBUSDT 4h...
2026-06-23 12:15:08 | ml_trading | INFO | Database schema initialized
2026-06-23 12:15:08 | ml_trading | INFO | Database initialized at /root/app/ml-project/ml-trading-dashboard/ml_service/storage/database.db
Loaded 4440 candles
Loaded 4440 BTC candles for correlation
Loaded 691 ES_proxy candles for correlation
2026-06-23 12:15:08 | ml_trading | INFO | [horizon] forward_periods=12 (source: /root/app/ml-project/ml-trading-dashboard/ml_service/config.yaml)
2026-06-23 12:15:08 | ml_trading | INFO | Starting training for BNBUSDT 4h
2026-06-23 12:15:08 | ml_trading | INFO |   Labeling method: triple_barrier
2026-06-23 12:15:08 | ml_trading | INFO |   Forward periods: 12
2026-06-23 12:15:08 | ml_trading | INFO |   TP multiplier: 3.0x ATR
2026-06-23 12:15:08 | ml_trading | INFO |   SL multiplier: 1.5x ATR
2026-06-23 12:15:08 | ml_trading | INFO | Found tuned hyperparameters for BNBUSDT 4h
2026-06-23 12:15:08 | ml_trading | INFO | Model type: lightgbm, F1: 0.4134
[!] VWAP requires an ordered DatetimeIndex.
2026-06-23 12:15:45 | ml_trading | INFO | Fetched 200 funding rate records for BNBUSDT
2026-06-23 12:15:48 | ml_trading | INFO | Clean dataset: 4224 rows after dropping NaN
2026-06-23 12:15:48 | ml_trading | INFO | Fold 1: train=388, test=50, purge=12, embargo=12
2026-06-23 12:15:50 | ml_trading | INFO | Fold 2: train=450, test=50, purge=12, embargo=12
2026-06-23 12:15:51 | ml_trading | INFO | Fold 3: train=512, test=50, purge=12, embargo=12
2026-06-23 12:15:53 | ml_trading | INFO | Fold 4: train=574, test=50, purge=12, embargo=12
2026-06-23 12:15:55 | ml_trading | INFO | Fold 5: train=636, test=50, purge=12, embargo=12
2026-06-23 12:15:56 | ml_trading | INFO | Fold 6: train=698, test=50, purge=12, embargo=12
2026-06-23 12:15:58 | ml_trading | INFO | Fold 7: train=760, test=50, purge=12, embargo=12
2026-06-23 12:16:00 | ml_trading | INFO | Fold 8: train=822, test=50, purge=12, embargo=12
2026-06-23 12:16:04 | ml_trading | INFO | Fold 9: train=884, test=50, purge=12, embargo=12
2026-06-23 12:16:07 | ml_trading | INFO | Fold 10: train=946, test=50, purge=12, embargo=12
2026-06-23 12:16:08 | ml_trading | INFO | Fold 11: train=1008, test=50, purge=12, embargo=12
2026-06-23 12:16:11 | ml_trading | INFO | Fold 12: train=1070, test=50, purge=12, embargo=12
2026-06-23 12:16:14 | ml_trading | INFO | Fold 13: train=1132, test=50, purge=12, embargo=12
2026-06-23 12:16:17 | ml_trading | INFO | Fold 14: train=1194, test=50, purge=12, embargo=12
2026-06-23 12:16:19 | ml_trading | INFO | Fold 15: train=1256, test=50, purge=12, embargo=12
2026-06-23 12:16:21 | ml_trading | INFO | Fold 16: train=1318, test=50, purge=12, embargo=12
2026-06-23 12:16:23 | ml_trading | INFO | Fold 17: train=1380, test=50, purge=12, embargo=12
2026-06-23 12:16:25 | ml_trading | INFO | Fold 18: train=1442, test=50, purge=12, embargo=12
2026-06-23 12:16:28 | ml_trading | INFO | Fold 19: train=1504, test=50, purge=12, embargo=12
2026-06-23 12:16:30 | ml_trading | INFO | Fold 20: train=1566, test=50, purge=12, embargo=12
2026-06-23 12:16:33 | ml_trading | INFO | Fold 21: train=1628, test=50, purge=12, embargo=12
2026-06-23 12:16:35 | ml_trading | INFO | Fold 22: train=1690, test=50, purge=12, embargo=12
2026-06-23 12:16:37 | ml_trading | INFO | Fold 23: train=1752, test=50, purge=12, embargo=12
2026-06-23 12:16:38 | ml_trading | INFO | Fold 24: train=1814, test=50, purge=12, embargo=12
2026-06-23 12:16:41 | ml_trading | INFO | Fold 25: train=1876, test=50, purge=12, embargo=12
2026-06-23 12:16:43 | ml_trading | INFO | Fold 26: train=1938, test=50, purge=12, embargo=12
2026-06-23 12:16:45 | ml_trading | INFO | Fold 27: train=2000, test=50, purge=12, embargo=12
2026-06-23 12:16:47 | ml_trading | INFO | Fold 28: train=2062, test=50, purge=12, embargo=12
2026-06-23 12:16:49 | ml_trading | INFO | Fold 29: train=2124, test=50, purge=12, embargo=12
2026-06-23 12:16:51 | ml_trading | INFO | Fold 30: train=2186, test=50, purge=12, embargo=12
2026-06-23 12:16:53 | ml_trading | INFO | Fold 31: train=2248, test=50, purge=12, embargo=12
2026-06-23 12:16:56 | ml_trading | INFO | Fold 32: train=2310, test=50, purge=12, embargo=12
2026-06-23 12:16:58 | ml_trading | INFO | Fold 33: train=2372, test=50, purge=12, embargo=12
2026-06-23 12:17:11 | ml_trading | INFO | Fold 34: train=2434, test=50, purge=12, embargo=12
2026-06-23 12:17:18 | ml_trading | INFO | Fold 35: train=2496, test=50, purge=12, embargo=12
2026-06-23 12:17:23 | ml_trading | INFO | Fold 36: train=2558, test=50, purge=12, embargo=12
2026-06-23 12:17:27 | ml_trading | INFO | Fold 37: train=2620, test=50, purge=12, embargo=12
2026-06-23 12:17:29 | ml_trading | INFO | Fold 38: train=2682, test=50, purge=12, embargo=12
2026-06-23 12:17:33 | ml_trading | INFO | Fold 39: train=2744, test=50, purge=12, embargo=12
2026-06-23 12:17:36 | ml_trading | INFO | Fold 40: train=2806, test=50, purge=12, embargo=12
2026-06-23 12:17:39 | ml_trading | INFO | Fold 41: train=2868, test=50, purge=12, embargo=12
2026-06-23 12:17:42 | ml_trading | INFO | Fold 42: train=2930, test=50, purge=12, embargo=12
2026-06-23 12:17:45 | ml_trading | INFO | Fold 43: train=2992, test=50, purge=12, embargo=12
2026-06-23 12:17:48 | ml_trading | INFO | Fold 44: train=3054, test=50, purge=12, embargo=12
2026-06-23 12:17:51 | ml_trading | INFO | Fold 45: train=3116, test=50, purge=12, embargo=12
2026-06-23 12:17:55 | ml_trading | INFO | Fold 46: train=3178, test=50, purge=12, embargo=12
2026-06-23 12:17:59 | ml_trading | INFO | Fold 47: train=3240, test=50, purge=12, embargo=12
2026-06-23 12:18:04 | ml_trading | INFO | Fold 48: train=3302, test=50, purge=12, embargo=12
2026-06-23 12:18:10 | ml_trading | INFO | Fold 49: train=3364, test=50, purge=12, embargo=12
2026-06-23 12:18:14 | ml_trading | INFO | Fold 50: train=3426, test=50, purge=12, embargo=12
2026-06-23 12:18:18 | ml_trading | INFO | Fold 51: train=3488, test=50, purge=12, embargo=12
2026-06-23 12:18:24 | ml_trading | INFO | Fold 52: train=3550, test=50, purge=12, embargo=12
2026-06-23 12:18:28 | ml_trading | INFO | Fold 53: train=3612, test=50, purge=12, embargo=12
2026-06-23 12:18:32 | ml_trading | INFO | Fold 54: train=3674, test=50, purge=12, embargo=12
2026-06-23 12:18:36 | ml_trading | INFO | Fold 55: train=3736, test=50, purge=12, embargo=12
2026-06-23 12:18:39 | ml_trading | INFO | Fold 56: train=3798, test=50, purge=12, embargo=12
2026-06-23 12:18:42 | ml_trading | INFO | Fold 57: train=3860, test=50, purge=12, embargo=12
2026-06-23 12:18:45 | ml_trading | INFO | Fold 58: train=3922, test=50, purge=12, embargo=12
2026-06-23 12:18:49 | ml_trading | INFO | Fold 59: train=3984, test=50, purge=12, embargo=12
2026-06-23 12:18:51 | ml_trading | INFO | Fold 60: train=4046, test=50, purge=12, embargo=12
2026-06-23 12:18:54 | ml_trading | INFO | Fold 61: train=4108, test=50, purge=12, embargo=12
2026-06-23 12:18:57 | ml_trading | INFO | Walk-forward validation complete: 61 folds
2026-06-23 12:18:57 | ml_trading | INFO | Avg F1 - Short: 0.526, Neutral: 0.310, Long: 0.105
2026-06-23 12:18:57 | ml_trading | INFO | Training final lightgbm model on 4224 samples
2026-06-23 12:18:57 | ml_trading | INFO | Using tuned hyperparameters for LightGBM
2026-06-23 12:18:59 | ml_trading | INFO | Model saved to /root/app/ml-project/ml-trading-dashboard/ml_service/storage/models/candidates/BNBUSDT_4h_lightgbm_20260623_121859.pkl
2026-06-23 12:18:59 | ml_trading | INFO | Saved calibration artifact: BNBUSDT_4h_lightgbm_20260623_121859_calibration.pkl (chosen=isotonic)
2026-06-23 12:18:59 | ml_trading | INFO | Calibration metrics (holdout=50): raw: ECE=0.122 LL=0.862 Brier=0.526 | platt: ECE=0.137 LL=0.721 Brier=0.416 | isotonic: ECE=0.108 LL=0.676 Brier=0.391  → chosen: isotonic

================================================================================
TRAINING COMPLETE
================================================================================
Model: lightgbm
Folds: 61

F1 Scores:
  Short:   0.526
  Neutral: 0.310
  Long:    0.105
  Weighted: 0.399

Model saved: /root/app/ml-project/ml-trading-dashboard/ml_service/storage/models/candidates/BNBUSDT_4h_lightgbm_20260623_121859.pkl
================================================================================

Finished BNBUSDT 4h

=================================================
TRAINING SOLUSDT 1h
=================================================

Training model for SOLUSDT 1h...
2026-06-23 12:19:09 | ml_trading | INFO | Database schema initialized
2026-06-23 12:19:09 | ml_trading | INFO | Database initialized at /root/app/ml-project/ml-trading-dashboard/ml_service/storage/database.db
Loaded 17758 candles
Loaded 17758 BTC candles for correlation
Loaded 2414 ES_proxy candles for correlation
2026-06-23 12:19:09 | ml_trading | INFO | [horizon] forward_periods=12 (source: /root/app/ml-project/ml-trading-dashboard/ml_service/config.yaml)
2026-06-23 12:19:09 | ml_trading | INFO | Starting training for SOLUSDT 1h
2026-06-23 12:19:09 | ml_trading | INFO |   Labeling method: triple_barrier
2026-06-23 12:19:09 | ml_trading | INFO |   Forward periods: 12
2026-06-23 12:19:09 | ml_trading | INFO |   TP multiplier: 3.0x ATR
2026-06-23 12:19:09 | ml_trading | INFO |   SL multiplier: 1.5x ATR
[!] VWAP requires an ordered DatetimeIndex.
2026-06-23 12:21:50 | ml_trading | INFO | Fetched 200 funding rate records for SOLUSDT
2026-06-23 12:22:05 | ml_trading | INFO | Clean dataset: 17542 rows after dropping NaN
2026-06-23 12:22:05 | ml_trading | INFO | Fold 1: train=388, test=50, purge=12, embargo=12
2026-06-23 12:22:07 | ml_trading | INFO | Fold 2: train=450, test=50, purge=12, embargo=12
2026-06-23 12:22:08 | ml_trading | INFO | Fold 3: train=512, test=50, purge=12, embargo=12
2026-06-23 12:22:09 | ml_trading | INFO | Fold 4: train=574, test=50, purge=12, embargo=12
2026-06-23 12:22:10 | ml_trading | INFO | Fold 5: train=636, test=50, purge=12, embargo=12
2026-06-23 12:22:11 | ml_trading | INFO | Fold 6: train=698, test=50, purge=12, embargo=12
2026-06-23 12:22:13 | ml_trading | INFO | Fold 7: train=760, test=50, purge=12, embargo=12
2026-06-23 12:22:15 | ml_trading | INFO | Fold 8: train=822, test=50, purge=12, embargo=12
2026-06-23 12:22:17 | ml_trading | INFO | Fold 9: train=884, test=50, purge=12, embargo=12
2026-06-23 12:22:18 | ml_trading | INFO | Fold 10: train=946, test=50, purge=12, embargo=12
2026-06-23 12:22:21 | ml_trading | INFO | Fold 11: train=1008, test=50, purge=12, embargo=12
2026-06-23 12:22:23 | ml_trading | INFO | Fold 12: train=1070, test=50, purge=12, embargo=12
2026-06-23 12:22:26 | ml_trading | INFO | Fold 13: train=1132, test=50, purge=12, embargo=12
2026-06-23 12:22:29 | ml_trading | INFO | Fold 14: train=1194, test=50, purge=12, embargo=12
2026-06-23 12:22:37 | ml_trading | INFO | Fold 15: train=1256, test=50, purge=12, embargo=12
2026-06-23 12:22:39 | ml_trading | INFO | Fold 16: train=1318, test=50, purge=12, embargo=12
2026-06-23 12:22:41 | ml_trading | INFO | Fold 17: train=1380, test=50, purge=12, embargo=12
2026-06-23 12:22:43 | ml_trading | INFO | Fold 18: train=1442, test=50, purge=12, embargo=12
2026-06-23 12:22:44 | ml_trading | INFO | Fold 19: train=1504, test=50, purge=12, embargo=12
2026-06-23 12:22:46 | ml_trading | INFO | Fold 20: train=1566, test=50, purge=12, embargo=12
2026-06-23 12:22:48 | ml_trading | INFO | Fold 21: train=1628, test=50, purge=12, embargo=12
2026-06-23 12:22:50 | ml_trading | INFO | Fold 22: train=1690, test=50, purge=12, embargo=12
2026-06-23 12:22:52 | ml_trading | INFO | Fold 23: train=1752, test=50, purge=12, embargo=12
2026-06-23 12:22:53 | ml_trading | INFO | Fold 24: train=1814, test=50, purge=12, embargo=12
2026-06-23 12:22:55 | ml_trading | INFO | Fold 25: train=1876, test=50, purge=12, embargo=12
2026-06-23 12:22:57 | ml_trading | INFO | Fold 26: train=1938, test=50, purge=12, embargo=12
2026-06-23 12:22:59 | ml_trading | INFO | Fold 27: train=2000, test=50, purge=12, embargo=12
2026-06-23 12:23:01 | ml_trading | INFO | Fold 28: train=2062, test=50, purge=12, embargo=12
2026-06-23 12:23:04 | ml_trading | INFO | Fold 29: train=2124, test=50, purge=12, embargo=12
2026-06-23 12:23:07 | ml_trading | INFO | Fold 30: train=2186, test=50, purge=12, embargo=12
2026-06-23 12:23:10 | ml_trading | INFO | Fold 31: train=2248, test=50, purge=12, embargo=12
2026-06-23 12:23:12 | ml_trading | INFO | Fold 32: train=2310, test=50, purge=12, embargo=12
2026-06-23 12:23:14 | ml_trading | INFO | Fold 33: train=2372, test=50, purge=12, embargo=12
2026-06-23 12:23:16 | ml_trading | INFO | Fold 34: train=2434, test=50, purge=12, embargo=12
2026-06-23 12:23:19 | ml_trading | INFO | Fold 35: train=2496, test=50, purge=12, embargo=12
2026-06-23 12:23:20 | ml_trading | INFO | Fold 36: train=2558, test=50, purge=12, embargo=12
2026-06-23 12:23:22 | ml_trading | INFO | Fold 37: train=2620, test=50, purge=12, embargo=12
2026-06-23 12:23:24 | ml_trading | INFO | Fold 38: train=2682, test=50, purge=12, embargo=12
2026-06-23 12:23:26 | ml_trading | INFO | Fold 39: train=2744, test=50, purge=12, embargo=12
2026-06-23 12:23:28 | ml_trading | INFO | Fold 40: train=2806, test=50, purge=12, embargo=12
2026-06-23 12:23:31 | ml_trading | INFO | Fold 41: train=2868, test=50, purge=12, embargo=12
2026-06-23 12:23:33 | ml_trading | INFO | Fold 42: train=2930, test=50, purge=12, embargo=12
2026-06-23 12:23:34 | ml_trading | INFO | Fold 43: train=2992, test=50, purge=12, embargo=12
2026-06-23 12:23:36 | ml_trading | INFO | Fold 44: train=3054, test=50, purge=12, embargo=12
2026-06-23 12:23:37 | ml_trading | INFO | Fold 45: train=3116, test=50, purge=12, embargo=12
2026-06-23 12:23:39 | ml_trading | INFO | Fold 46: train=3178, test=50, purge=12, embargo=12
2026-06-23 12:23:40 | ml_trading | INFO | Fold 47: train=3240, test=50, purge=12, embargo=12
2026-06-23 12:23:42 | ml_trading | INFO | Fold 48: train=3302, test=50, purge=12, embargo=12
2026-06-23 12:23:44 | ml_trading | INFO | Fold 49: train=3364, test=50, purge=12, embargo=12
2026-06-23 12:23:46 | ml_trading | INFO | Fold 50: train=3426, test=50, purge=12, embargo=12
2026-06-23 12:23:48 | ml_trading | INFO | Fold 51: train=3488, test=50, purge=12, embargo=12
2026-06-23 12:23:50 | ml_trading | INFO | Fold 52: train=3550, test=50, purge=12, embargo=12
2026-06-23 12:23:51 | ml_trading | INFO | Fold 53: train=3612, test=50, purge=12, embargo=12
2026-06-23 12:23:53 | ml_trading | INFO | Fold 54: train=3674, test=50, purge=12, embargo=12
2026-06-23 12:23:55 | ml_trading | INFO | Fold 55: train=3736, test=50, purge=12, embargo=12
2026-06-23 12:23:57 | ml_trading | INFO | Fold 56: train=3798, test=50, purge=12, embargo=12
2026-06-23 12:23:59 | ml_trading | INFO | Fold 57: train=3860, test=50, purge=12, embargo=12
2026-06-23 12:24:00 | ml_trading | INFO | Fold 58: train=3922, test=50, purge=12, embargo=12
2026-06-23 12:24:03 | ml_trading | INFO | Fold 59: train=3984, test=50, purge=12, embargo=12
2026-06-23 12:24:06 | ml_trading | INFO | Fold 60: train=4046, test=50, purge=12, embargo=12
2026-06-23 12:24:08 | ml_trading | INFO | Fold 61: train=4108, test=50, purge=12, embargo=12
2026-06-23 12:24:09 | ml_trading | INFO | Fold 62: train=4170, test=50, purge=12, embargo=12
2026-06-23 12:24:11 | ml_trading | INFO | Fold 63: train=4232, test=50, purge=12, embargo=12
2026-06-23 12:24:14 | ml_trading | INFO | Fold 64: train=4294, test=50, purge=12, embargo=12
2026-06-23 12:24:16 | ml_trading | INFO | Fold 65: train=4356, test=50, purge=12, embargo=12
2026-06-23 12:24:19 | ml_trading | INFO | Fold 66: train=4418, test=50, purge=12, embargo=12
2026-06-23 12:24:21 | ml_trading | INFO | Fold 67: train=4480, test=50, purge=12, embargo=12
2026-06-23 12:24:23 | ml_trading | INFO | Fold 68: train=4542, test=50, purge=12, embargo=12
2026-06-23 12:24:25 | ml_trading | INFO | Fold 69: train=4604, test=50, purge=12, embargo=12
2026-06-23 12:24:26 | ml_trading | INFO | Fold 70: train=4666, test=50, purge=12, embargo=12
2026-06-23 12:24:28 | ml_trading | INFO | Fold 71: train=4728, test=50, purge=12, embargo=12
2026-06-23 12:24:31 | ml_trading | INFO | Fold 72: train=4790, test=50, purge=12, embargo=12
2026-06-23 12:24:33 | ml_trading | INFO | Fold 73: train=4852, test=50, purge=12, embargo=12
2026-06-23 12:24:35 | ml_trading | INFO | Fold 74: train=4914, test=50, purge=12, embargo=12
2026-06-23 12:24:37 | ml_trading | INFO | Fold 75: train=4976, test=50, purge=12, embargo=12
2026-06-23 12:24:39 | ml_trading | INFO | Fold 76: train=5038, test=50, purge=12, embargo=12
2026-06-23 12:24:41 | ml_trading | INFO | Fold 77: train=5100, test=50, purge=12, embargo=12
2026-06-23 12:24:43 | ml_trading | INFO | Fold 78: train=5162, test=50, purge=12, embargo=12
2026-06-23 12:24:45 | ml_trading | INFO | Fold 79: train=5224, test=50, purge=12, embargo=12
2026-06-23 12:24:48 | ml_trading | INFO | Fold 80: train=5286, test=50, purge=12, embargo=12
2026-06-23 12:24:50 | ml_trading | INFO | Fold 81: train=5348, test=50, purge=12, embargo=12
2026-06-23 12:24:51 | ml_trading | INFO | Fold 82: train=5410, test=50, purge=12, embargo=12
2026-06-23 12:24:54 | ml_trading | INFO | Fold 83: train=5472, test=50, purge=12, embargo=12
2026-06-23 12:24:55 | ml_trading | INFO | Fold 84: train=5534, test=50, purge=12, embargo=12
2026-06-23 12:24:58 | ml_trading | INFO | Fold 85: train=5596, test=50, purge=12, embargo=12
2026-06-23 12:25:06 | ml_trading | INFO | Fold 86: train=5658, test=50, purge=12, embargo=12
2026-06-23 12:25:08 | ml_trading | INFO | Fold 87: train=5720, test=50, purge=12, embargo=12
2026-06-23 12:25:10 | ml_trading | INFO | Fold 88: train=5782, test=50, purge=12, embargo=12
2026-06-23 12:25:14 | ml_trading | INFO | Fold 89: train=5844, test=50, purge=12, embargo=12
2026-06-23 12:25:17 | ml_trading | INFO | Fold 90: train=5906, test=50, purge=12, embargo=12
2026-06-23 12:25:21 | ml_trading | INFO | Fold 91: train=5968, test=50, purge=12, embargo=12
2026-06-23 12:25:24 | ml_trading | INFO | Fold 92: train=6030, test=50, purge=12, embargo=12
2026-06-23 12:25:26 | ml_trading | INFO | Fold 93: train=6092, test=50, purge=12, embargo=12
2026-06-23 12:25:29 | ml_trading | INFO | Fold 94: train=6154, test=50, purge=12, embargo=12
2026-06-23 12:25:32 | ml_trading | INFO | Fold 95: train=6216, test=50, purge=12, embargo=12
2026-06-23 12:25:35 | ml_trading | INFO | Fold 96: train=6278, test=50, purge=12, embargo=12
2026-06-23 12:25:37 | ml_trading | INFO | Fold 97: train=6340, test=50, purge=12, embargo=12
2026-06-23 12:25:39 | ml_trading | INFO | Fold 98: train=6402, test=50, purge=12, embargo=12
2026-06-23 12:25:41 | ml_trading | INFO | Fold 99: train=6464, test=50, purge=12, embargo=12
2026-06-23 12:25:44 | ml_trading | INFO | Fold 100: train=6526, test=50, purge=12, embargo=12
2026-06-23 12:25:47 | ml_trading | INFO | Fold 101: train=6588, test=50, purge=12, embargo=12
2026-06-23 12:25:50 | ml_trading | INFO | Fold 102: train=6650, test=50, purge=12, embargo=12
2026-06-23 12:25:52 | ml_trading | INFO | Fold 103: train=6712, test=50, purge=12, embargo=12
2026-06-23 12:25:55 | ml_trading | INFO | Fold 104: train=6774, test=50, purge=12, embargo=12
2026-06-23 12:25:57 | ml_trading | INFO | Fold 105: train=6836, test=50, purge=12, embargo=12
2026-06-23 12:25:59 | ml_trading | INFO | Fold 106: train=6898, test=50, purge=12, embargo=12
2026-06-23 12:26:02 | ml_trading | INFO | Fold 107: train=6960, test=50, purge=12, embargo=12
2026-06-23 12:26:06 | ml_trading | INFO | Fold 108: train=7022, test=50, purge=12, embargo=12
2026-06-23 12:26:09 | ml_trading | INFO | Fold 109: train=7084, test=50, purge=12, embargo=12
2026-06-23 12:26:12 | ml_trading | INFO | Fold 110: train=7146, test=50, purge=12, embargo=12
2026-06-23 12:26:31 | ml_trading | INFO | Fold 111: train=7208, test=50, purge=12, embargo=12
2026-06-23 12:26:40 | ml_trading | INFO | Fold 112: train=7270, test=50, purge=12, embargo=12
2026-06-23 12:26:43 | ml_trading | INFO | Fold 113: train=7332, test=50, purge=12, embargo=12
2026-06-23 12:26:45 | ml_trading | INFO | Fold 114: train=7394, test=50, purge=12, embargo=12
2026-06-23 12:26:47 | ml_trading | INFO | Fold 115: train=7456, test=50, purge=12, embargo=12
2026-06-23 12:26:49 | ml_trading | INFO | Fold 116: train=7518, test=50, purge=12, embargo=12
2026-06-23 12:26:51 | ml_trading | INFO | Fold 117: train=7580, test=50, purge=12, embargo=12
2026-06-23 12:26:54 | ml_trading | INFO | Fold 118: train=7642, test=50, purge=12, embargo=12
2026-06-23 12:26:56 | ml_trading | INFO | Fold 119: train=7704, test=50, purge=12, embargo=12
2026-06-23 12:26:58 | ml_trading | INFO | Fold 120: train=7766, test=50, purge=12, embargo=12
2026-06-23 12:27:00 | ml_trading | INFO | Fold 121: train=7828, test=50, purge=12, embargo=12
2026-06-23 12:27:09 | ml_trading | INFO | Fold 122: train=7890, test=50, purge=12, embargo=12
2026-06-23 12:27:27 | ml_trading | INFO | Fold 123: train=7952, test=50, purge=12, embargo=12
2026-06-23 12:27:33 | ml_trading | INFO | Fold 124: train=8014, test=50, purge=12, embargo=12
2026-06-23 12:27:36 | ml_trading | INFO | Fold 125: train=8076, test=50, purge=12, embargo=12
2026-06-23 12:27:39 | ml_trading | INFO | Fold 126: train=8138, test=50, purge=12, embargo=12
2026-06-23 12:27:41 | ml_trading | INFO | Fold 127: train=8200, test=50, purge=12, embargo=12
2026-06-23 12:27:44 | ml_trading | INFO | Fold 128: train=8262, test=50, purge=12, embargo=12
2026-06-23 12:27:47 | ml_trading | INFO | Fold 129: train=8324, test=50, purge=12, embargo=12
2026-06-23 12:27:49 | ml_trading | INFO | Fold 130: train=8386, test=50, purge=12, embargo=12
2026-06-23 12:27:51 | ml_trading | INFO | Fold 131: train=8448, test=50, purge=12, embargo=12
2026-06-23 12:27:54 | ml_trading | INFO | Fold 132: train=8510, test=50, purge=12, embargo=12
2026-06-23 12:27:56 | ml_trading | INFO | Fold 133: train=8572, test=50, purge=12, embargo=12
2026-06-23 12:27:59 | ml_trading | INFO | Fold 134: train=8634, test=50, purge=12, embargo=12
2026-06-23 12:28:05 | ml_trading | INFO | Fold 135: train=8696, test=50, purge=12, embargo=12
2026-06-23 12:28:08 | ml_trading | INFO | Fold 136: train=8758, test=50, purge=12, embargo=12
2026-06-23 12:28:11 | ml_trading | INFO | Fold 137: train=8820, test=50, purge=12, embargo=12
2026-06-23 12:28:13 | ml_trading | INFO | Fold 138: train=8882, test=50, purge=12, embargo=12
2026-06-23 12:28:16 | ml_trading | INFO | Fold 139: train=8944, test=50, purge=12, embargo=12
2026-06-23 12:28:20 | ml_trading | INFO | Fold 140: train=9006, test=50, purge=12, embargo=12
2026-06-23 12:28:22 | ml_trading | INFO | Fold 141: train=9068, test=50, purge=12, embargo=12
2026-06-23 12:28:25 | ml_trading | INFO | Fold 142: train=9130, test=50, purge=12, embargo=12
2026-06-23 12:28:27 | ml_trading | INFO | Fold 143: train=9192, test=50, purge=12, embargo=12
2026-06-23 12:28:28 | ml_trading | INFO | Fold 144: train=9254, test=50, purge=12, embargo=12
2026-06-23 12:28:31 | ml_trading | INFO | Fold 145: train=9316, test=50, purge=12, embargo=12
2026-06-23 12:28:33 | ml_trading | INFO | Fold 146: train=9378, test=50, purge=12, embargo=12
2026-06-23 12:28:35 | ml_trading | INFO | Fold 147: train=9440, test=50, purge=12, embargo=12
2026-06-23 12:28:39 | ml_trading | INFO | Fold 148: train=9502, test=50, purge=12, embargo=12
2026-06-23 12:28:41 | ml_trading | INFO | Fold 149: train=9564, test=50, purge=12, embargo=12
2026-06-23 12:28:43 | ml_trading | INFO | Fold 150: train=9626, test=50, purge=12, embargo=12
2026-06-23 12:28:45 | ml_trading | INFO | Fold 151: train=9688, test=50, purge=12, embargo=12
2026-06-23 12:28:47 | ml_trading | INFO | Fold 152: train=9750, test=50, purge=12, embargo=12
2026-06-23 12:28:50 | ml_trading | INFO | Fold 153: train=9812, test=50, purge=12, embargo=12
2026-06-23 12:28:52 | ml_trading | INFO | Fold 154: train=9874, test=50, purge=12, embargo=12
2026-06-23 12:28:54 | ml_trading | INFO | Fold 155: train=9936, test=50, purge=12, embargo=12
2026-06-23 12:28:57 | ml_trading | INFO | Fold 156: train=9998, test=50, purge=12, embargo=12
2026-06-23 12:28:59 | ml_trading | INFO | Fold 157: train=10060, test=50, purge=12, embargo=12
2026-06-23 12:29:01 | ml_trading | INFO | Fold 158: train=10122, test=50, purge=12, embargo=12
2026-06-23 12:29:03 | ml_trading | INFO | Fold 159: train=10184, test=50, purge=12, embargo=12
2026-06-23 12:29:06 | ml_trading | INFO | Fold 160: train=10246, test=50, purge=12, embargo=12
2026-06-23 12:29:09 | ml_trading | INFO | Fold 161: train=10308, test=50, purge=12, embargo=12
2026-06-23 12:29:11 | ml_trading | INFO | Fold 162: train=10370, test=50, purge=12, embargo=12
2026-06-23 12:29:13 | ml_trading | INFO | Fold 163: train=10432, test=50, purge=12, embargo=12
2026-06-23 12:29:15 | ml_trading | INFO | Fold 164: train=10494, test=50, purge=12, embargo=12
2026-06-23 12:29:18 | ml_trading | INFO | Fold 165: train=10556, test=50, purge=12, embargo=12
2026-06-23 12:29:21 | ml_trading | INFO | Fold 166: train=10618, test=50, purge=12, embargo=12
2026-06-23 12:29:23 | ml_trading | INFO | Fold 167: train=10680, test=50, purge=12, embargo=12
2026-06-23 12:29:25 | ml_trading | INFO | Fold 168: train=10742, test=50, purge=12, embargo=12
2026-06-23 12:29:28 | ml_trading | INFO | Fold 169: train=10804, test=50, purge=12, embargo=12
2026-06-23 12:29:30 | ml_trading | INFO | Fold 170: train=10866, test=50, purge=12, embargo=12
2026-06-23 12:29:33 | ml_trading | INFO | Fold 171: train=10928, test=50, purge=12, embargo=12
2026-06-23 12:29:35 | ml_trading | INFO | Fold 172: train=10990, test=50, purge=12, embargo=12
2026-06-23 12:29:39 | ml_trading | INFO | Fold 173: train=11052, test=50, purge=12, embargo=12
2026-06-23 12:29:41 | ml_trading | INFO | Fold 174: train=11114, test=50, purge=12, embargo=12
2026-06-23 12:29:43 | ml_trading | INFO | Fold 175: train=11176, test=50, purge=12, embargo=12
2026-06-23 12:29:45 | ml_trading | INFO | Fold 176: train=11238, test=50, purge=12, embargo=12
2026-06-23 12:29:48 | ml_trading | INFO | Fold 177: train=11300, test=50, purge=12, embargo=12
2026-06-23 12:29:50 | ml_trading | INFO | Fold 178: train=11362, test=50, purge=12, embargo=12
2026-06-23 12:29:52 | ml_trading | INFO | Fold 179: train=11424, test=50, purge=12, embargo=12
2026-06-23 12:29:55 | ml_trading | INFO | Fold 180: train=11486, test=50, purge=12, embargo=12
2026-06-23 12:29:57 | ml_trading | INFO | Fold 181: train=11548, test=50, purge=12, embargo=12
2026-06-23 12:30:00 | ml_trading | INFO | Fold 182: train=11610, test=50, purge=12, embargo=12
2026-06-23 12:30:04 | ml_trading | INFO | Fold 183: train=11672, test=50, purge=12, embargo=12
2026-06-23 12:30:11 | ml_trading | INFO | Fold 184: train=11734, test=50, purge=12, embargo=12
2026-06-23 12:30:19 | ml_trading | INFO | Fold 185: train=11796, test=50, purge=12, embargo=12
2026-06-23 12:30:22 | ml_trading | INFO | Fold 186: train=11858, test=50, purge=12, embargo=12
2026-06-23 12:30:25 | ml_trading | INFO | Fold 187: train=11920, test=50, purge=12, embargo=12
2026-06-23 12:30:28 | ml_trading | INFO | Fold 188: train=11982, test=50, purge=12, embargo=12
2026-06-23 12:30:36 | ml_trading | INFO | Fold 189: train=12044, test=50, purge=12, embargo=12
2026-06-23 12:30:40 | ml_trading | INFO | Fold 190: train=12106, test=50, purge=12, embargo=12
2026-06-23 12:30:44 | ml_trading | INFO | Fold 191: train=12168, test=50, purge=12, embargo=12
2026-06-23 12:30:47 | ml_trading | INFO | Fold 192: train=12230, test=50, purge=12, embargo=12
2026-06-23 12:30:49 | ml_trading | INFO | Fold 193: train=12292, test=50, purge=12, embargo=12
2026-06-23 12:30:51 | ml_trading | INFO | Fold 194: train=12354, test=50, purge=12, embargo=12
2026-06-23 12:30:54 | ml_trading | INFO | Fold 195: train=12416, test=50, purge=12, embargo=12
2026-06-23 12:30:57 | ml_trading | INFO | Fold 196: train=12478, test=50, purge=12, embargo=12
2026-06-23 12:30:59 | ml_trading | INFO | Fold 197: train=12540, test=50, purge=12, embargo=12
2026-06-23 12:31:03 | ml_trading | INFO | Fold 198: train=12602, test=50, purge=12, embargo=12
2026-06-23 12:31:09 | ml_trading | INFO | Fold 199: train=12664, test=50, purge=12, embargo=12
2026-06-23 12:31:12 | ml_trading | INFO | Fold 200: train=12726, test=50, purge=12, embargo=12
2026-06-23 12:31:15 | ml_trading | INFO | Fold 201: train=12788, test=50, purge=12, embargo=12
2026-06-23 12:31:18 | ml_trading | INFO | Fold 202: train=12850, test=50, purge=12, embargo=12
2026-06-23 12:31:21 | ml_trading | INFO | Fold 203: train=12912, test=50, purge=12, embargo=12
2026-06-23 12:31:24 | ml_trading | INFO | Fold 204: train=12974, test=50, purge=12, embargo=12
2026-06-23 12:31:26 | ml_trading | INFO | Fold 205: train=13036, test=50, purge=12, embargo=12
2026-06-23 12:31:29 | ml_trading | INFO | Fold 206: train=13098, test=50, purge=12, embargo=12
2026-06-23 12:31:32 | ml_trading | INFO | Fold 207: train=13160, test=50, purge=12, embargo=12
2026-06-23 12:31:35 | ml_trading | INFO | Fold 208: train=13222, test=50, purge=12, embargo=12
2026-06-23 12:31:38 | ml_trading | INFO | Fold 209: train=13284, test=50, purge=12, embargo=12
2026-06-23 12:31:42 | ml_trading | INFO | Fold 210: train=13346, test=50, purge=12, embargo=12
2026-06-23 12:31:45 | ml_trading | INFO | Fold 211: train=13408, test=50, purge=12, embargo=12
2026-06-23 12:31:47 | ml_trading | INFO | Fold 212: train=13470, test=50, purge=12, embargo=12
2026-06-23 12:31:50 | ml_trading | INFO | Fold 213: train=13532, test=50, purge=12, embargo=12
2026-06-23 12:31:52 | ml_trading | INFO | Fold 214: train=13594, test=50, purge=12, embargo=12
2026-06-23 12:31:55 | ml_trading | INFO | Fold 215: train=13656, test=50, purge=12, embargo=12
2026-06-23 12:31:57 | ml_trading | INFO | Fold 216: train=13718, test=50, purge=12, embargo=12
2026-06-23 12:31:59 | ml_trading | INFO | Fold 217: train=13780, test=50, purge=12, embargo=12
2026-06-23 12:32:02 | ml_trading | INFO | Fold 218: train=13842, test=50, purge=12, embargo=12
2026-06-23 12:32:05 | ml_trading | INFO | Fold 219: train=13904, test=50, purge=12, embargo=12
2026-06-23 12:32:08 | ml_trading | INFO | Fold 220: train=13966, test=50, purge=12, embargo=12
2026-06-23 12:32:11 | ml_trading | INFO | Fold 221: train=14028, test=50, purge=12, embargo=12
2026-06-23 12:32:13 | ml_trading | INFO | Fold 222: train=14090, test=50, purge=12, embargo=12
2026-06-23 12:32:16 | ml_trading | INFO | Fold 223: train=14152, test=50, purge=12, embargo=12
2026-06-23 12:32:18 | ml_trading | INFO | Fold 224: train=14214, test=50, purge=12, embargo=12
2026-06-23 12:32:21 | ml_trading | INFO | Fold 225: train=14276, test=50, purge=12, embargo=12
2026-06-23 12:32:24 | ml_trading | INFO | Fold 226: train=14338, test=50, purge=12, embargo=12
2026-06-23 12:32:27 | ml_trading | INFO | Fold 227: train=14400, test=50, purge=12, embargo=12
2026-06-23 12:32:29 | ml_trading | INFO | Fold 228: train=14462, test=50, purge=12, embargo=12
2026-06-23 12:32:31 | ml_trading | INFO | Fold 229: train=14524, test=50, purge=12, embargo=12
2026-06-23 12:32:34 | ml_trading | INFO | Fold 230: train=14586, test=50, purge=12, embargo=12
2026-06-23 12:32:36 | ml_trading | INFO | Fold 231: train=14648, test=50, purge=12, embargo=12
2026-06-23 12:32:38 | ml_trading | INFO | Fold 232: train=14710, test=50, purge=12, embargo=12
2026-06-23 12:32:41 | ml_trading | INFO | Fold 233: train=14772, test=50, purge=12, embargo=12
2026-06-23 12:32:45 | ml_trading | INFO | Fold 234: train=14834, test=50, purge=12, embargo=12
2026-06-23 12:32:47 | ml_trading | INFO | Fold 235: train=14896, test=50, purge=12, embargo=12
2026-06-23 12:32:50 | ml_trading | INFO | Fold 236: train=14958, test=50, purge=12, embargo=12
2026-06-23 12:32:52 | ml_trading | INFO | Fold 237: train=15020, test=50, purge=12, embargo=12
2026-06-23 12:32:54 | ml_trading | INFO | Fold 238: train=15082, test=50, purge=12, embargo=12
2026-06-23 12:32:56 | ml_trading | INFO | Fold 239: train=15144, test=50, purge=12, embargo=12
2026-06-23 12:32:58 | ml_trading | INFO | Fold 240: train=15206, test=50, purge=12, embargo=12
2026-06-23 12:33:01 | ml_trading | INFO | Fold 241: train=15268, test=50, purge=12, embargo=12
2026-06-23 12:33:03 | ml_trading | INFO | Fold 242: train=15330, test=50, purge=12, embargo=12
2026-06-23 12:33:05 | ml_trading | INFO | Fold 243: train=15392, test=50, purge=12, embargo=12
2026-06-23 12:33:08 | ml_trading | INFO | Fold 244: train=15454, test=50, purge=12, embargo=12
2026-06-23 12:33:10 | ml_trading | INFO | Fold 245: train=15516, test=50, purge=12, embargo=12
2026-06-23 12:33:12 | ml_trading | INFO | Fold 246: train=15578, test=50, purge=12, embargo=12
2026-06-23 12:33:15 | ml_trading | INFO | Fold 247: train=15640, test=50, purge=12, embargo=12
2026-06-23 12:33:17 | ml_trading | INFO | Fold 248: train=15702, test=50, purge=12, embargo=12
2026-06-23 12:33:20 | ml_trading | INFO | Fold 249: train=15764, test=50, purge=12, embargo=12
2026-06-23 12:33:23 | ml_trading | INFO | Fold 250: train=15826, test=50, purge=12, embargo=12
2026-06-23 12:33:26 | ml_trading | INFO | Fold 251: train=15888, test=50, purge=12, embargo=12
2026-06-23 12:33:29 | ml_trading | INFO | Fold 252: train=15950, test=50, purge=12, embargo=12
2026-06-23 12:33:36 | ml_trading | INFO | Fold 253: train=16012, test=50, purge=12, embargo=12
2026-06-23 12:33:39 | ml_trading | INFO | Fold 254: train=16074, test=50, purge=12, embargo=12
2026-06-23 12:33:41 | ml_trading | INFO | Fold 255: train=16136, test=50, purge=12, embargo=12
2026-06-23 12:33:45 | ml_trading | INFO | Fold 256: train=16198, test=50, purge=12, embargo=12
2026-06-23 12:33:48 | ml_trading | INFO | Fold 257: train=16260, test=50, purge=12, embargo=12
2026-06-23 12:33:50 | ml_trading | INFO | Fold 258: train=16322, test=50, purge=12, embargo=12
2026-06-23 12:33:52 | ml_trading | INFO | Fold 259: train=16384, test=50, purge=12, embargo=12
2026-06-23 12:33:55 | ml_trading | INFO | Fold 260: train=16446, test=50, purge=12, embargo=12
2026-06-23 12:33:57 | ml_trading | INFO | Fold 261: train=16508, test=50, purge=12, embargo=12
2026-06-23 12:33:59 | ml_trading | INFO | Fold 262: train=16570, test=50, purge=12, embargo=12
2026-06-23 12:34:02 | ml_trading | INFO | Fold 263: train=16632, test=50, purge=12, embargo=12
2026-06-23 12:34:05 | ml_trading | INFO | Fold 264: train=16694, test=50, purge=12, embargo=12
2026-06-23 12:34:08 | ml_trading | INFO | Fold 265: train=16756, test=50, purge=12, embargo=12
2026-06-23 12:34:10 | ml_trading | INFO | Fold 266: train=16818, test=50, purge=12, embargo=12
2026-06-23 12:34:14 | ml_trading | INFO | Fold 267: train=16880, test=50, purge=12, embargo=12
2026-06-23 12:34:16 | ml_trading | INFO | Fold 268: train=16942, test=50, purge=12, embargo=12
2026-06-23 12:34:19 | ml_trading | INFO | Fold 269: train=17004, test=50, purge=12, embargo=12
2026-06-23 12:34:21 | ml_trading | INFO | Fold 270: train=17066, test=50, purge=12, embargo=12
2026-06-23 12:34:25 | ml_trading | INFO | Fold 271: train=17128, test=50, purge=12, embargo=12
2026-06-23 12:34:28 | ml_trading | INFO | Fold 272: train=17190, test=50, purge=12, embargo=12
2026-06-23 12:34:31 | ml_trading | INFO | Fold 273: train=17252, test=50, purge=12, embargo=12
2026-06-23 12:34:33 | ml_trading | INFO | Fold 274: train=17314, test=50, purge=12, embargo=12
2026-06-23 12:34:36 | ml_trading | INFO | Fold 275: train=17376, test=50, purge=12, embargo=12
2026-06-23 12:34:39 | ml_trading | INFO | Fold 276: train=17438, test=50, purge=12, embargo=12
2026-06-23 12:34:41 | ml_trading | INFO | Walk-forward validation complete: 276 folds
2026-06-23 12:34:41 | ml_trading | INFO | Avg F1 - Short: 0.556, Neutral: 0.341, Long: 0.099
2026-06-23 12:34:41 | ml_trading | INFO | Training final lightgbm model on 17542 samples
2026-06-23 12:34:42 | ml_trading | INFO | Model saved to /root/app/ml-project/ml-trading-dashboard/ml_service/storage/models/candidates/SOLUSDT_1h_lightgbm_20260623_123442.pkl
2026-06-23 12:34:42 | ml_trading | INFO | Saved calibration artifact: SOLUSDT_1h_lightgbm_20260623_123442_calibration.pkl (chosen=isotonic)
2026-06-23 12:34:42 | ml_trading | INFO | Calibration metrics (holdout=50): raw: ECE=0.360 LL=1.415 Brier=0.866 | platt: ECE=0.108 LL=1.064 Brier=0.644 | isotonic: ECE=0.092 LL=0.915 Brier=0.555  → chosen: isotonic

================================================================================
TRAINING COMPLETE
================================================================================
Model: lightgbm
Folds: 276

F1 Scores:
  Short:   0.556
  Neutral: 0.341
  Long:    0.099
  Weighted: 0.446

Model saved: /root/app/ml-project/ml-trading-dashboard/ml_service/storage/models/candidates/SOLUSDT_1h_lightgbm_20260623_123442.pkl
================================================================================

Finished SOLUSDT 1h

=================================================
TRAINING SOLUSDT 4h
=================================================

Training model for SOLUSDT 4h...
2026-06-23 12:34:46 | ml_trading | INFO | Database schema initialized
2026-06-23 12:34:46 | ml_trading | INFO | Database initialized at /root/app/ml-project/ml-trading-dashboard/ml_service/storage/database.db
Loaded 4440 candles
Loaded 4440 BTC candles for correlation
Loaded 691 ES_proxy candles for correlation
2026-06-23 12:34:47 | ml_trading | INFO | [horizon] forward_periods=12 (source: /root/app/ml-project/ml-trading-dashboard/ml_service/config.yaml)
2026-06-23 12:34:47 | ml_trading | INFO | Starting training for SOLUSDT 4h
2026-06-23 12:34:47 | ml_trading | INFO |   Labeling method: triple_barrier
2026-06-23 12:34:47 | ml_trading | INFO |   Forward periods: 12
2026-06-23 12:34:47 | ml_trading | INFO |   TP multiplier: 3.0x ATR
2026-06-23 12:34:47 | ml_trading | INFO |   SL multiplier: 1.5x ATR
2026-06-23 12:34:47 | ml_trading | INFO | Found tuned hyperparameters for SOLUSDT 4h
2026-06-23 12:34:47 | ml_trading | INFO | Model type: lightgbm, F1: 0.4563
[!] VWAP requires an ordered DatetimeIndex.
2026-06-23 12:35:22 | ml_trading | INFO | Fetched 200 funding rate records for SOLUSDT
2026-06-23 12:35:25 | ml_trading | INFO | Clean dataset: 4224 rows after dropping NaN
2026-06-23 12:35:25 | ml_trading | INFO | Fold 1: train=388, test=50, purge=12, embargo=12
2026-06-23 12:35:26 | ml_trading | INFO | Fold 2: train=450, test=50, purge=12, embargo=12
2026-06-23 12:35:28 | ml_trading | INFO | Fold 3: train=512, test=50, purge=12, embargo=12
2026-06-23 12:35:29 | ml_trading | INFO | Fold 4: train=574, test=50, purge=12, embargo=12
2026-06-23 12:35:31 | ml_trading | INFO | Fold 5: train=636, test=50, purge=12, embargo=12
2026-06-23 12:35:32 | ml_trading | INFO | Fold 6: train=698, test=50, purge=12, embargo=12
2026-06-23 12:35:34 | ml_trading | INFO | Fold 7: train=760, test=50, purge=12, embargo=12
2026-06-23 12:35:36 | ml_trading | INFO | Fold 8: train=822, test=50, purge=12, embargo=12
2026-06-23 12:35:37 | ml_trading | INFO | Fold 9: train=884, test=50, purge=12, embargo=12
2026-06-23 12:35:38 | ml_trading | INFO | Fold 10: train=946, test=50, purge=12, embargo=12
2026-06-23 12:35:39 | ml_trading | INFO | Fold 11: train=1008, test=50, purge=12, embargo=12
2026-06-23 12:35:41 | ml_trading | INFO | Fold 12: train=1070, test=50, purge=12, embargo=12
2026-06-23 12:35:42 | ml_trading | INFO | Fold 13: train=1132, test=50, purge=12, embargo=12
2026-06-23 12:35:43 | ml_trading | INFO | Fold 14: train=1194, test=50, purge=12, embargo=12
2026-06-23 12:35:44 | ml_trading | INFO | Fold 15: train=1256, test=50, purge=12, embargo=12
2026-06-23 12:35:48 | ml_trading | INFO | Fold 16: train=1318, test=50, purge=12, embargo=12
2026-06-23 12:35:49 | ml_trading | INFO | Fold 17: train=1380, test=50, purge=12, embargo=12
2026-06-23 12:35:51 | ml_trading | INFO | Fold 18: train=1442, test=50, purge=12, embargo=12
2026-06-23 12:35:52 | ml_trading | INFO | Fold 19: train=1504, test=50, purge=12, embargo=12
2026-06-23 12:35:54 | ml_trading | INFO | Fold 20: train=1566, test=50, purge=12, embargo=12
2026-06-23 12:35:55 | ml_trading | INFO | Fold 21: train=1628, test=50, purge=12, embargo=12
2026-06-23 12:35:57 | ml_trading | INFO | Fold 22: train=1690, test=50, purge=12, embargo=12
2026-06-23 12:35:58 | ml_trading | INFO | Fold 23: train=1752, test=50, purge=12, embargo=12
2026-06-23 12:36:03 | ml_trading | INFO | Fold 24: train=1814, test=50, purge=12, embargo=12
2026-06-23 12:36:07 | ml_trading | INFO | Fold 25: train=1876, test=50, purge=12, embargo=12
2026-06-23 12:36:08 | ml_trading | INFO | Fold 26: train=1938, test=50, purge=12, embargo=12
2026-06-23 12:36:10 | ml_trading | INFO | Fold 27: train=2000, test=50, purge=12, embargo=12
2026-06-23 12:36:12 | ml_trading | INFO | Fold 28: train=2062, test=50, purge=12, embargo=12
2026-06-23 12:36:14 | ml_trading | INFO | Fold 29: train=2124, test=50, purge=12, embargo=12
2026-06-23 12:36:16 | ml_trading | INFO | Fold 30: train=2186, test=50, purge=12, embargo=12
2026-06-23 12:36:18 | ml_trading | INFO | Fold 31: train=2248, test=50, purge=12, embargo=12
2026-06-23 12:36:20 | ml_trading | INFO | Fold 32: train=2310, test=50, purge=12, embargo=12
2026-06-23 12:36:22 | ml_trading | INFO | Fold 33: train=2372, test=50, purge=12, embargo=12
2026-06-23 12:36:24 | ml_trading | INFO | Fold 34: train=2434, test=50, purge=12, embargo=12
2026-06-23 12:36:26 | ml_trading | INFO | Fold 35: train=2496, test=50, purge=12, embargo=12
2026-06-23 12:36:29 | ml_trading | INFO | Fold 36: train=2558, test=50, purge=12, embargo=12
2026-06-23 12:36:31 | ml_trading | INFO | Fold 37: train=2620, test=50, purge=12, embargo=12
2026-06-23 12:36:33 | ml_trading | INFO | Fold 38: train=2682, test=50, purge=12, embargo=12
2026-06-23 12:36:34 | ml_trading | INFO | Fold 39: train=2744, test=50, purge=12, embargo=12
2026-06-23 12:36:36 | ml_trading | INFO | Fold 40: train=2806, test=50, purge=12, embargo=12
2026-06-23 12:36:38 | ml_trading | INFO | Fold 41: train=2868, test=50, purge=12, embargo=12
2026-06-23 12:36:40 | ml_trading | INFO | Fold 42: train=2930, test=50, purge=12, embargo=12
2026-06-23 12:36:42 | ml_trading | INFO | Fold 43: train=2992, test=50, purge=12, embargo=12
2026-06-23 12:36:43 | ml_trading | INFO | Fold 44: train=3054, test=50, purge=12, embargo=12
2026-06-23 12:36:46 | ml_trading | INFO | Fold 45: train=3116, test=50, purge=12, embargo=12
2026-06-23 12:36:49 | ml_trading | INFO | Fold 46: train=3178, test=50, purge=12, embargo=12
2026-06-23 12:36:52 | ml_trading | INFO | Fold 47: train=3240, test=50, purge=12, embargo=12
2026-06-23 12:36:54 | ml_trading | INFO | Fold 48: train=3302, test=50, purge=12, embargo=12
2026-06-23 12:36:56 | ml_trading | INFO | Fold 49: train=3364, test=50, purge=12, embargo=12
2026-06-23 12:36:59 | ml_trading | INFO | Fold 50: train=3426, test=50, purge=12, embargo=12
2026-06-23 12:37:01 | ml_trading | INFO | Fold 51: train=3488, test=50, purge=12, embargo=12
2026-06-23 12:37:03 | ml_trading | INFO | Fold 52: train=3550, test=50, purge=12, embargo=12
2026-06-23 12:37:08 | ml_trading | INFO | Fold 53: train=3612, test=50, purge=12, embargo=12
2026-06-23 12:37:10 | ml_trading | INFO | Fold 54: train=3674, test=50, purge=12, embargo=12
2026-06-23 12:37:13 | ml_trading | INFO | Fold 55: train=3736, test=50, purge=12, embargo=12
2026-06-23 12:37:15 | ml_trading | INFO | Fold 56: train=3798, test=50, purge=12, embargo=12
2026-06-23 12:37:18 | ml_trading | INFO | Fold 57: train=3860, test=50, purge=12, embargo=12
2026-06-23 12:37:20 | ml_trading | INFO | Fold 58: train=3922, test=50, purge=12, embargo=12
2026-06-23 12:37:22 | ml_trading | INFO | Fold 59: train=3984, test=50, purge=12, embargo=12
2026-06-23 12:37:25 | ml_trading | INFO | Fold 60: train=4046, test=50, purge=12, embargo=12
2026-06-23 12:37:28 | ml_trading | INFO | Fold 61: train=4108, test=50, purge=12, embargo=12
2026-06-23 12:37:31 | ml_trading | INFO | Walk-forward validation complete: 61 folds
2026-06-23 12:37:31 | ml_trading | INFO | Avg F1 - Short: 0.530, Neutral: 0.332, Long: 0.108
2026-06-23 12:37:31 | ml_trading | INFO | Training final lightgbm model on 4224 samples
2026-06-23 12:37:31 | ml_trading | INFO | Using tuned hyperparameters for LightGBM
2026-06-23 12:37:32 | ml_trading | INFO | Model saved to /root/app/ml-project/ml-trading-dashboard/ml_service/storage/models/candidates/SOLUSDT_4h_lightgbm_20260623_123732.pkl
2026-06-23 12:37:33 | ml_trading | INFO | Saved calibration artifact: SOLUSDT_4h_lightgbm_20260623_123732_calibration.pkl (chosen=platt)
2026-06-23 12:37:33 | ml_trading | INFO | Calibration metrics (holdout=50): raw: ECE=0.451 LL=2.636 Brier=0.940 | platt: ECE=0.000 LL=0.725 Brier=0.474 | isotonic: ECE=0.023 LL=0.604 Brier=0.417  → chosen: platt

================================================================================
TRAINING COMPLETE
================================================================================
Model: lightgbm
Folds: 61

F1 Scores:
  Short:   0.530
  Neutral: 0.332
  Long:    0.108
  Weighted: 0.421

Model saved: /root/app/ml-project/ml-trading-dashboard/ml_service/storage/models/candidates/SOLUSDT_4h_lightgbm_20260623_123732.pkl
================================================================================

Finished SOLUSDT 4h

=================================================
TRAINING HYPEUSDT 1h
=================================================

Training model for HYPEUSDT 1h...
2026-06-23 12:37:38 | ml_trading | INFO | Database schema initialized
2026-06-23 12:37:38 | ml_trading | INFO | Database initialized at /root/app/ml-project/ml-trading-dashboard/ml_service/storage/database.db
Loaded 9332 candles
Loaded 17758 BTC candles for correlation
Loaded 2414 ES_proxy candles for correlation
2026-06-23 12:37:38 | ml_trading | INFO | [horizon] forward_periods=12 (source: /root/app/ml-project/ml-trading-dashboard/ml_service/config.yaml)
2026-06-23 12:37:38 | ml_trading | INFO | Starting training for HYPEUSDT 1h
2026-06-23 12:37:38 | ml_trading | INFO |   Labeling method: triple_barrier
2026-06-23 12:37:38 | ml_trading | INFO |   Forward periods: 12
2026-06-23 12:37:38 | ml_trading | INFO |   TP multiplier: 3.0x ATR
2026-06-23 12:37:38 | ml_trading | INFO |   SL multiplier: 1.5x ATR
[!] VWAP requires an ordered DatetimeIndex.
2026-06-23 12:38:56 | ml_trading | INFO | Fetched 200 funding rate records for HYPEUSDT
2026-06-23 12:39:03 | ml_trading | INFO | Clean dataset: 9116 rows after dropping NaN
2026-06-23 12:39:03 | ml_trading | INFO | Fold 1: train=388, test=50, purge=12, embargo=12
2026-06-23 12:39:07 | ml_trading | INFO | Fold 2: train=450, test=50, purge=12, embargo=12
2026-06-23 12:39:08 | ml_trading | INFO | Fold 3: train=512, test=50, purge=12, embargo=12
2026-06-23 12:39:09 | ml_trading | INFO | Fold 4: train=574, test=50, purge=12, embargo=12
2026-06-23 12:39:10 | ml_trading | INFO | Fold 5: train=636, test=50, purge=12, embargo=12
2026-06-23 12:39:12 | ml_trading | INFO | Fold 6: train=698, test=50, purge=12, embargo=12
2026-06-23 12:39:13 | ml_trading | INFO | Fold 7: train=760, test=50, purge=12, embargo=12
2026-06-23 12:39:15 | ml_trading | INFO | Fold 8: train=822, test=50, purge=12, embargo=12
2026-06-23 12:39:16 | ml_trading | INFO | Fold 9: train=884, test=50, purge=12, embargo=12
2026-06-23 12:39:18 | ml_trading | INFO | Fold 10: train=946, test=50, purge=12, embargo=12
2026-06-23 12:39:19 | ml_trading | INFO | Fold 11: train=1008, test=50, purge=12, embargo=12
2026-06-23 12:39:20 | ml_trading | INFO | Fold 12: train=1070, test=50, purge=12, embargo=12
2026-06-23 12:39:22 | ml_trading | INFO | Fold 13: train=1132, test=50, purge=12, embargo=12
2026-06-23 12:39:24 | ml_trading | INFO | Fold 14: train=1194, test=50, purge=12, embargo=12
2026-06-23 12:39:26 | ml_trading | INFO | Fold 15: train=1256, test=50, purge=12, embargo=12
2026-06-23 12:39:28 | ml_trading | INFO | Fold 16: train=1318, test=50, purge=12, embargo=12
2026-06-23 12:39:30 | ml_trading | INFO | Fold 17: train=1380, test=50, purge=12, embargo=12
2026-06-23 12:39:32 | ml_trading | INFO | Fold 18: train=1442, test=50, purge=12, embargo=12
2026-06-23 12:39:34 | ml_trading | INFO | Fold 19: train=1504, test=50, purge=12, embargo=12
2026-06-23 12:39:35 | ml_trading | INFO | Fold 20: train=1566, test=50, purge=12, embargo=12
2026-06-23 12:39:37 | ml_trading | INFO | Fold 21: train=1628, test=50, purge=12, embargo=12
2026-06-23 12:39:38 | ml_trading | INFO | Fold 22: train=1690, test=50, purge=12, embargo=12
2026-06-23 12:39:39 | ml_trading | INFO | Fold 23: train=1752, test=50, purge=12, embargo=12
2026-06-23 12:39:41 | ml_trading | INFO | Fold 24: train=1814, test=50, purge=12, embargo=12
2026-06-23 12:39:43 | ml_trading | INFO | Fold 25: train=1876, test=50, purge=12, embargo=12
2026-06-23 12:39:44 | ml_trading | INFO | Fold 26: train=1938, test=50, purge=12, embargo=12
2026-06-23 12:39:46 | ml_trading | INFO | Fold 27: train=2000, test=50, purge=12, embargo=12
2026-06-23 12:39:47 | ml_trading | INFO | Fold 28: train=2062, test=50, purge=12, embargo=12
2026-06-23 12:39:49 | ml_trading | INFO | Fold 29: train=2124, test=50, purge=12, embargo=12
2026-06-23 12:39:50 | ml_trading | INFO | Fold 30: train=2186, test=50, purge=12, embargo=12
2026-06-23 12:39:52 | ml_trading | INFO | Fold 31: train=2248, test=50, purge=12, embargo=12
2026-06-23 12:39:55 | ml_trading | INFO | Fold 32: train=2310, test=50, purge=12, embargo=12
2026-06-23 12:39:57 | ml_trading | INFO | Fold 33: train=2372, test=50, purge=12, embargo=12
2026-06-23 12:39:59 | ml_trading | INFO | Fold 34: train=2434, test=50, purge=12, embargo=12
2026-06-23 12:40:03 | ml_trading | INFO | Fold 35: train=2496, test=50, purge=12, embargo=12
2026-06-23 12:40:06 | ml_trading | INFO | Fold 36: train=2558, test=50, purge=12, embargo=12
2026-06-23 12:40:08 | ml_trading | INFO | Fold 37: train=2620, test=50, purge=12, embargo=12
2026-06-23 12:40:10 | ml_trading | INFO | Fold 38: train=2682, test=50, purge=12, embargo=12
2026-06-23 12:40:12 | ml_trading | INFO | Fold 39: train=2744, test=50, purge=12, embargo=12
2026-06-23 12:40:14 | ml_trading | INFO | Fold 40: train=2806, test=50, purge=12, embargo=12
2026-06-23 12:40:17 | ml_trading | INFO | Fold 41: train=2868, test=50, purge=12, embargo=12
2026-06-23 12:40:18 | ml_trading | INFO | Fold 42: train=2930, test=50, purge=12, embargo=12
2026-06-23 12:40:20 | ml_trading | INFO | Fold 43: train=2992, test=50, purge=12, embargo=12
2026-06-23 12:40:22 | ml_trading | INFO | Fold 44: train=3054, test=50, purge=12, embargo=12
2026-06-23 12:40:24 | ml_trading | INFO | Fold 45: train=3116, test=50, purge=12, embargo=12
2026-06-23 12:40:26 | ml_trading | INFO | Fold 46: train=3178, test=50, purge=12, embargo=12
2026-06-23 12:40:28 | ml_trading | INFO | Fold 47: train=3240, test=50, purge=12, embargo=12
2026-06-23 12:40:31 | ml_trading | INFO | Fold 48: train=3302, test=50, purge=12, embargo=12
2026-06-23 12:40:33 | ml_trading | INFO | Fold 49: train=3364, test=50, purge=12, embargo=12
2026-06-23 12:40:35 | ml_trading | INFO | Fold 50: train=3426, test=50, purge=12, embargo=12
2026-06-23 12:40:37 | ml_trading | INFO | Fold 51: train=3488, test=50, purge=12, embargo=12
2026-06-23 12:40:40 | ml_trading | INFO | Fold 52: train=3550, test=50, purge=12, embargo=12
2026-06-23 12:40:45 | ml_trading | INFO | Fold 53: train=3612, test=50, purge=12, embargo=12
2026-06-23 12:40:47 | ml_trading | INFO | Fold 54: train=3674, test=50, purge=12, embargo=12
2026-06-23 12:40:49 | ml_trading | INFO | Fold 55: train=3736, test=50, purge=12, embargo=12
2026-06-23 12:40:51 | ml_trading | INFO | Fold 56: train=3798, test=50, purge=12, embargo=12
2026-06-23 12:40:53 | ml_trading | INFO | Fold 57: train=3860, test=50, purge=12, embargo=12
2026-06-23 12:40:57 | ml_trading | INFO | Fold 58: train=3922, test=50, purge=12, embargo=12
2026-06-23 12:40:59 | ml_trading | INFO | Fold 59: train=3984, test=50, purge=12, embargo=12
2026-06-23 12:41:03 | ml_trading | INFO | Fold 60: train=4046, test=50, purge=12, embargo=12
2026-06-23 12:41:06 | ml_trading | INFO | Fold 61: train=4108, test=50, purge=12, embargo=12
2026-06-23 12:41:09 | ml_trading | INFO | Fold 62: train=4170, test=50, purge=12, embargo=12
2026-06-23 12:41:13 | ml_trading | INFO | Fold 63: train=4232, test=50, purge=12, embargo=12
2026-06-23 12:41:16 | ml_trading | INFO | Fold 64: train=4294, test=50, purge=12, embargo=12
2026-06-23 12:41:18 | ml_trading | INFO | Fold 65: train=4356, test=50, purge=12, embargo=12
2026-06-23 12:41:22 | ml_trading | INFO | Fold 66: train=4418, test=50, purge=12, embargo=12
2026-06-23 12:41:24 | ml_trading | INFO | Fold 67: train=4480, test=50, purge=12, embargo=12
2026-06-23 12:41:27 | ml_trading | INFO | Fold 68: train=4542, test=50, purge=12, embargo=12
2026-06-23 12:41:28 | ml_trading | INFO | Fold 69: train=4604, test=50, purge=12, embargo=12
2026-06-23 12:41:36 | ml_trading | INFO | Fold 70: train=4666, test=50, purge=12, embargo=12
2026-06-23 12:41:38 | ml_trading | INFO | Fold 71: train=4728, test=50, purge=12, embargo=12
2026-06-23 12:41:40 | ml_trading | INFO | Fold 72: train=4790, test=50, purge=12, embargo=12
2026-06-23 12:41:42 | ml_trading | INFO | Fold 73: train=4852, test=50, purge=12, embargo=12
2026-06-23 12:41:44 | ml_trading | INFO | Fold 74: train=4914, test=50, purge=12, embargo=12
2026-06-23 12:41:46 | ml_trading | INFO | Fold 75: train=4976, test=50, purge=12, embargo=12
2026-06-23 12:41:48 | ml_trading | INFO | Fold 76: train=5038, test=50, purge=12, embargo=12
2026-06-23 12:41:50 | ml_trading | INFO | Fold 77: train=5100, test=50, purge=12, embargo=12
2026-06-23 12:41:52 | ml_trading | INFO | Fold 78: train=5162, test=50, purge=12, embargo=12
2026-06-23 12:41:54 | ml_trading | INFO | Fold 79: train=5224, test=50, purge=12, embargo=12
2026-06-23 12:41:57 | ml_trading | INFO | Fold 80: train=5286, test=50, purge=12, embargo=12
2026-06-23 12:41:59 | ml_trading | INFO | Fold 81: train=5348, test=50, purge=12, embargo=12
2026-06-23 12:42:02 | ml_trading | INFO | Fold 82: train=5410, test=50, purge=12, embargo=12
2026-06-23 12:42:05 | ml_trading | INFO | Fold 83: train=5472, test=50, purge=12, embargo=12
2026-06-23 12:42:08 | ml_trading | INFO | Fold 84: train=5534, test=50, purge=12, embargo=12
2026-06-23 12:42:09 | ml_trading | INFO | Fold 85: train=5596, test=50, purge=12, embargo=12
2026-06-23 12:42:12 | ml_trading | INFO | Fold 86: train=5658, test=50, purge=12, embargo=12
2026-06-23 12:42:14 | ml_trading | INFO | Fold 87: train=5720, test=50, purge=12, embargo=12
2026-06-23 12:42:16 | ml_trading | INFO | Fold 88: train=5782, test=50, purge=12, embargo=12
2026-06-23 12:42:18 | ml_trading | INFO | Fold 89: train=5844, test=50, purge=12, embargo=12
2026-06-23 12:42:20 | ml_trading | INFO | Fold 90: train=5906, test=50, purge=12, embargo=12
2026-06-23 12:42:21 | ml_trading | INFO | Fold 91: train=5968, test=50, purge=12, embargo=12
2026-06-23 12:42:23 | ml_trading | INFO | Fold 92: train=6030, test=50, purge=12, embargo=12
2026-06-23 12:42:26 | ml_trading | INFO | Fold 93: train=6092, test=50, purge=12, embargo=12
2026-06-23 12:42:28 | ml_trading | INFO | Fold 94: train=6154, test=50, purge=12, embargo=12
2026-06-23 12:42:31 | ml_trading | INFO | Fold 95: train=6216, test=50, purge=12, embargo=12
2026-06-23 12:42:33 | ml_trading | INFO | Fold 96: train=6278, test=50, purge=12, embargo=12
2026-06-23 12:42:35 | ml_trading | INFO | Fold 97: train=6340, test=50, purge=12, embargo=12
2026-06-23 12:42:36 | ml_trading | INFO | Fold 98: train=6402, test=50, purge=12, embargo=12
2026-06-23 12:42:39 | ml_trading | INFO | Fold 99: train=6464, test=50, purge=12, embargo=12
2026-06-23 12:42:40 | ml_trading | INFO | Fold 100: train=6526, test=50, purge=12, embargo=12
2026-06-23 12:42:42 | ml_trading | INFO | Fold 101: train=6588, test=50, purge=12, embargo=12
2026-06-23 12:42:44 | ml_trading | INFO | Fold 102: train=6650, test=50, purge=12, embargo=12
2026-06-23 12:42:46 | ml_trading | INFO | Fold 103: train=6712, test=50, purge=12, embargo=12
2026-06-23 12:42:48 | ml_trading | INFO | Fold 104: train=6774, test=50, purge=12, embargo=12
2026-06-23 12:42:50 | ml_trading | INFO | Fold 105: train=6836, test=50, purge=12, embargo=12
2026-06-23 12:42:52 | ml_trading | INFO | Fold 106: train=6898, test=50, purge=12, embargo=12
2026-06-23 12:42:54 | ml_trading | INFO | Fold 107: train=6960, test=50, purge=12, embargo=12
2026-06-23 12:42:56 | ml_trading | INFO | Fold 108: train=7022, test=50, purge=12, embargo=12
2026-06-23 12:42:59 | ml_trading | INFO | Fold 109: train=7084, test=50, purge=12, embargo=12
2026-06-23 12:43:01 | ml_trading | INFO | Fold 110: train=7146, test=50, purge=12, embargo=12
2026-06-23 12:43:03 | ml_trading | INFO | Fold 111: train=7208, test=50, purge=12, embargo=12
2026-06-23 12:43:05 | ml_trading | INFO | Fold 112: train=7270, test=50, purge=12, embargo=12
2026-06-23 12:43:07 | ml_trading | INFO | Fold 113: train=7332, test=50, purge=12, embargo=12
2026-06-23 12:43:09 | ml_trading | INFO | Fold 114: train=7394, test=50, purge=12, embargo=12
2026-06-23 12:43:11 | ml_trading | INFO | Fold 115: train=7456, test=50, purge=12, embargo=12
2026-06-23 12:43:13 | ml_trading | INFO | Fold 116: train=7518, test=50, purge=12, embargo=12
2026-06-23 12:43:15 | ml_trading | INFO | Fold 117: train=7580, test=50, purge=12, embargo=12
2026-06-23 12:43:16 | ml_trading | INFO | Fold 118: train=7642, test=50, purge=12, embargo=12
2026-06-23 12:43:18 | ml_trading | INFO | Fold 119: train=7704, test=50, purge=12, embargo=12
2026-06-23 12:43:20 | ml_trading | INFO | Fold 120: train=7766, test=50, purge=12, embargo=12
2026-06-23 12:43:21 | ml_trading | INFO | Fold 121: train=7828, test=50, purge=12, embargo=12
2026-06-23 12:43:23 | ml_trading | INFO | Fold 122: train=7890, test=50, purge=12, embargo=12
2026-06-23 12:43:25 | ml_trading | INFO | Fold 123: train=7952, test=50, purge=12, embargo=12
2026-06-23 12:43:27 | ml_trading | INFO | Fold 124: train=8014, test=50, purge=12, embargo=12
2026-06-23 12:43:30 | ml_trading | INFO | Fold 125: train=8076, test=50, purge=12, embargo=12
2026-06-23 12:43:32 | ml_trading | INFO | Fold 126: train=8138, test=50, purge=12, embargo=12
2026-06-23 12:43:34 | ml_trading | INFO | Fold 127: train=8200, test=50, purge=12, embargo=12
2026-06-23 12:43:36 | ml_trading | INFO | Fold 128: train=8262, test=50, purge=12, embargo=12
2026-06-23 12:43:37 | ml_trading | INFO | Fold 129: train=8324, test=50, purge=12, embargo=12
2026-06-23 12:43:39 | ml_trading | INFO | Fold 130: train=8386, test=50, purge=12, embargo=12
2026-06-23 12:43:41 | ml_trading | INFO | Fold 131: train=8448, test=50, purge=12, embargo=12
2026-06-23 12:43:42 | ml_trading | INFO | Fold 132: train=8510, test=50, purge=12, embargo=12
2026-06-23 12:43:45 | ml_trading | INFO | Fold 133: train=8572, test=50, purge=12, embargo=12
2026-06-23 12:43:47 | ml_trading | INFO | Fold 134: train=8634, test=50, purge=12, embargo=12
2026-06-23 12:43:48 | ml_trading | INFO | Fold 135: train=8696, test=50, purge=12, embargo=12
2026-06-23 12:43:50 | ml_trading | INFO | Fold 136: train=8758, test=50, purge=12, embargo=12
2026-06-23 12:43:52 | ml_trading | INFO | Fold 137: train=8820, test=50, purge=12, embargo=12
2026-06-23 12:43:54 | ml_trading | INFO | Fold 138: train=8882, test=50, purge=12, embargo=12
2026-06-23 12:43:56 | ml_trading | INFO | Fold 139: train=8944, test=50, purge=12, embargo=12
2026-06-23 12:43:58 | ml_trading | INFO | Fold 140: train=9006, test=50, purge=12, embargo=12
2026-06-23 12:44:01 | ml_trading | INFO | Walk-forward validation complete: 140 folds
2026-06-23 12:44:01 | ml_trading | INFO | Avg F1 - Short: 0.523, Neutral: 0.344, Long: 0.103
2026-06-23 12:44:01 | ml_trading | INFO | Training final lightgbm model on 9116 samples
2026-06-23 12:44:02 | ml_trading | INFO | Model saved to /root/app/ml-project/ml-trading-dashboard/ml_service/storage/models/candidates/HYPEUSDT_1h_lightgbm_20260623_124402.pkl
2026-06-23 12:44:02 | ml_trading | INFO | Saved calibration artifact: HYPEUSDT_1h_lightgbm_20260623_124402_calibration.pkl (chosen=platt)
2026-06-23 12:44:02 | ml_trading | INFO | Calibration metrics (holdout=50): raw: ECE=0.193 LL=1.113 Brier=0.686 | platt: ECE=0.000 LL=0.940 Brier=0.568 | isotonic: ECE=0.057 LL=0.795 Brier=0.501  → chosen: platt

================================================================================
TRAINING COMPLETE
================================================================================
Model: lightgbm
Folds: 140

F1 Scores:
  Short:   0.523
  Neutral: 0.344
  Long:    0.103
  Weighted: 0.413

Model saved: /root/app/ml-project/ml-trading-dashboard/ml_service/storage/models/candidates/HYPEUSDT_1h_lightgbm_20260623_124402.pkl
================================================================================

Finished HYPEUSDT 1h

=================================================
TRAINING HYPEUSDT 4h
=================================================

Training model for HYPEUSDT 4h...
2026-06-23 12:44:07 | ml_trading | INFO | Database schema initialized
2026-06-23 12:44:07 | ml_trading | INFO | Database initialized at /root/app/ml-project/ml-trading-dashboard/ml_service/storage/database.db
Loaded 2334 candles
Loaded 4440 BTC candles for correlation
Loaded 691 ES_proxy candles for correlation
2026-06-23 12:44:07 | ml_trading | INFO | [horizon] forward_periods=12 (source: /root/app/ml-project/ml-trading-dashboard/ml_service/config.yaml)
2026-06-23 12:44:07 | ml_trading | INFO | Starting training for HYPEUSDT 4h
2026-06-23 12:44:07 | ml_trading | INFO |   Labeling method: triple_barrier
2026-06-23 12:44:07 | ml_trading | INFO |   Forward periods: 12
2026-06-23 12:44:07 | ml_trading | INFO |   TP multiplier: 3.0x ATR
2026-06-23 12:44:07 | ml_trading | INFO |   SL multiplier: 1.5x ATR
2026-06-23 12:44:07 | ml_trading | INFO | Found tuned hyperparameters for HYPEUSDT 4h
2026-06-23 12:44:07 | ml_trading | INFO | Model type: lightgbm, F1: 0.4261
[!] VWAP requires an ordered DatetimeIndex.
2026-06-23 12:44:25 | ml_trading | INFO | Fetched 200 funding rate records for HYPEUSDT
2026-06-23 12:44:27 | ml_trading | INFO | Clean dataset: 2118 rows after dropping NaN
2026-06-23 12:44:27 | ml_trading | INFO | Fold 1: train=388, test=50, purge=12, embargo=12
2026-06-23 12:44:28 | ml_trading | INFO | Fold 2: train=450, test=50, purge=12, embargo=12
2026-06-23 12:44:29 | ml_trading | INFO | Fold 3: train=512, test=50, purge=12, embargo=12
2026-06-23 12:44:33 | ml_trading | INFO | Fold 4: train=574, test=50, purge=12, embargo=12
2026-06-23 12:44:37 | ml_trading | INFO | Fold 5: train=636, test=50, purge=12, embargo=12
2026-06-23 12:44:38 | ml_trading | INFO | Fold 6: train=698, test=50, purge=12, embargo=12
2026-06-23 12:44:39 | ml_trading | INFO | Fold 7: train=760, test=50, purge=12, embargo=12
2026-06-23 12:44:41 | ml_trading | INFO | Fold 8: train=822, test=50, purge=12, embargo=12
2026-06-23 12:44:42 | ml_trading | INFO | Fold 9: train=884, test=50, purge=12, embargo=12
2026-06-23 12:44:43 | ml_trading | INFO | Fold 10: train=946, test=50, purge=12, embargo=12
2026-06-23 12:44:45 | ml_trading | INFO | Fold 11: train=1008, test=50, purge=12, embargo=12
2026-06-23 12:44:46 | ml_trading | INFO | Fold 12: train=1070, test=50, purge=12, embargo=12
2026-06-23 12:44:48 | ml_trading | INFO | Fold 13: train=1132, test=50, purge=12, embargo=12
2026-06-23 12:44:49 | ml_trading | INFO | Fold 14: train=1194, test=50, purge=12, embargo=12
2026-06-23 12:44:51 | ml_trading | INFO | Fold 15: train=1256, test=50, purge=12, embargo=12
2026-06-23 12:44:52 | ml_trading | INFO | Fold 16: train=1318, test=50, purge=12, embargo=12
2026-06-23 12:44:54 | ml_trading | INFO | Fold 17: train=1380, test=50, purge=12, embargo=12
2026-06-23 12:44:55 | ml_trading | INFO | Fold 18: train=1442, test=50, purge=12, embargo=12
2026-06-23 12:44:57 | ml_trading | INFO | Fold 19: train=1504, test=50, purge=12, embargo=12
2026-06-23 12:44:58 | ml_trading | INFO | Fold 20: train=1566, test=50, purge=12, embargo=12
2026-06-23 12:45:02 | ml_trading | INFO | Fold 21: train=1628, test=50, purge=12, embargo=12
2026-06-23 12:45:05 | ml_trading | INFO | Fold 22: train=1690, test=50, purge=12, embargo=12
2026-06-23 12:45:07 | ml_trading | INFO | Fold 23: train=1752, test=50, purge=12, embargo=12
2026-06-23 12:45:08 | ml_trading | INFO | Fold 24: train=1814, test=50, purge=12, embargo=12
2026-06-23 12:45:10 | ml_trading | INFO | Fold 25: train=1876, test=50, purge=12, embargo=12
2026-06-23 12:45:12 | ml_trading | INFO | Fold 26: train=1938, test=50, purge=12, embargo=12
2026-06-23 12:45:14 | ml_trading | INFO | Fold 27: train=2000, test=50, purge=12, embargo=12
2026-06-23 12:45:16 | ml_trading | INFO | Walk-forward validation complete: 27 folds
2026-06-23 12:45:16 | ml_trading | INFO | Avg F1 - Short: 0.499, Neutral: 0.330, Long: 0.071
2026-06-23 12:45:16 | ml_trading | INFO | Training final lightgbm model on 2118 samples
2026-06-23 12:45:16 | ml_trading | INFO | Using tuned hyperparameters for LightGBM
2026-06-23 12:45:17 | ml_trading | INFO | Model saved to /root/app/ml-project/ml-trading-dashboard/ml_service/storage/models/candidates/HYPEUSDT_4h_lightgbm_20260623_124517.pkl
2026-06-23 12:45:17 | ml_trading | INFO | Saved calibration artifact: HYPEUSDT_4h_lightgbm_20260623_124517_calibration.pkl (chosen=isotonic)
2026-06-23 12:45:17 | ml_trading | INFO | Calibration metrics (holdout=50): raw: ECE=0.146 LL=1.131 Brier=0.685 | platt: ECE=0.118 LL=0.875 Brier=0.552 | isotonic: ECE=0.032 LL=0.734 Brier=0.467  → chosen: isotonic

================================================================================
TRAINING COMPLETE
================================================================================
Model: lightgbm
Folds: 27

F1 Scores:
  Short:   0.499
  Neutral: 0.330
  Long:    0.071
  Weighted: 0.378

Model saved: /root/app/ml-project/ml-trading-dashboard/ml_service/storage/models/candidates/HYPEUSDT_4h_lightgbm_20260623_124517.pkl
================================================================================

Finished HYPEUSDT 4h

=================================================
TRAINING ADAUSDT 1h
=================================================

Training model for ADAUSDT 1h...
2026-06-23 12:45:22 | ml_trading | INFO | Database schema initialized
2026-06-23 12:45:22 | ml_trading | INFO | Database initialized at /root/app/ml-project/ml-trading-dashboard/ml_service/storage/database.db
Loaded 17758 candles
Loaded 17758 BTC candles for correlation
Loaded 2414 ES_proxy candles for correlation
2026-06-23 12:45:22 | ml_trading | INFO | [horizon] forward_periods=12 (source: /root/app/ml-project/ml-trading-dashboard/ml_service/config.yaml)
2026-06-23 12:45:22 | ml_trading | INFO | Starting training for ADAUSDT 1h
2026-06-23 12:45:22 | ml_trading | INFO |   Labeling method: triple_barrier
2026-06-23 12:45:22 | ml_trading | INFO |   Forward periods: 12
2026-06-23 12:45:22 | ml_trading | INFO |   TP multiplier: 3.0x ATR
2026-06-23 12:45:22 | ml_trading | INFO |   SL multiplier: 1.5x ATR
[!] VWAP requires an ordered DatetimeIndex.
2026-06-23 12:47:45 | ml_trading | INFO | Fetched 200 funding rate records for ADAUSDT
2026-06-23 12:47:57 | ml_trading | INFO | Clean dataset: 17542 rows after dropping NaN
2026-06-23 12:47:57 | ml_trading | INFO | Fold 1: train=388, test=50, purge=12, embargo=12
2026-06-23 12:47:58 | ml_trading | INFO | Fold 2: train=450, test=50, purge=12, embargo=12
2026-06-23 12:47:59 | ml_trading | INFO | Fold 3: train=512, test=50, purge=12, embargo=12
2026-06-23 12:48:00 | ml_trading | INFO | Fold 4: train=574, test=50, purge=12, embargo=12
2026-06-23 12:48:01 | ml_trading | INFO | Fold 5: train=636, test=50, purge=12, embargo=12
2026-06-23 12:48:03 | ml_trading | INFO | Fold 6: train=698, test=50, purge=12, embargo=12
2026-06-23 12:48:04 | ml_trading | INFO | Fold 7: train=760, test=50, purge=12, embargo=12
2026-06-23 12:48:07 | ml_trading | INFO | Fold 8: train=822, test=50, purge=12, embargo=12
2026-06-23 12:48:08 | ml_trading | INFO | Fold 9: train=884, test=50, purge=12, embargo=12
2026-06-23 12:48:09 | ml_trading | INFO | Fold 10: train=946, test=50, purge=12, embargo=12
2026-06-23 12:48:11 | ml_trading | INFO | Fold 11: train=1008, test=50, purge=12, embargo=12
2026-06-23 12:48:12 | ml_trading | INFO | Fold 12: train=1070, test=50, purge=12, embargo=12
2026-06-23 12:48:13 | ml_trading | INFO | Fold 13: train=1132, test=50, purge=12, embargo=12
2026-06-23 12:48:15 | ml_trading | INFO | Fold 14: train=1194, test=50, purge=12, embargo=12
2026-06-23 12:48:16 | ml_trading | INFO | Fold 15: train=1256, test=50, purge=12, embargo=12
2026-06-23 12:48:18 | ml_trading | INFO | Fold 16: train=1318, test=50, purge=12, embargo=12
2026-06-23 12:48:19 | ml_trading | INFO | Fold 17: train=1380, test=50, purge=12, embargo=12
2026-06-23 12:48:21 | ml_trading | INFO | Fold 18: train=1442, test=50, purge=12, embargo=12
2026-06-23 12:48:22 | ml_trading | INFO | Fold 19: train=1504, test=50, purge=12, embargo=12
2026-06-23 12:48:23 | ml_trading | INFO | Fold 20: train=1566, test=50, purge=12, embargo=12
2026-06-23 12:48:25 | ml_trading | INFO | Fold 21: train=1628, test=50, purge=12, embargo=12
2026-06-23 12:48:26 | ml_trading | INFO | Fold 22: train=1690, test=50, purge=12, embargo=12
2026-06-23 12:48:28 | ml_trading | INFO | Fold 23: train=1752, test=50, purge=12, embargo=12
2026-06-23 12:48:29 | ml_trading | INFO | Fold 24: train=1814, test=50, purge=12, embargo=12
2026-06-23 12:48:31 | ml_trading | INFO | Fold 25: train=1876, test=50, purge=12, embargo=12
2026-06-23 12:48:32 | ml_trading | INFO | Fold 26: train=1938, test=50, purge=12, embargo=12
2026-06-23 12:48:34 | ml_trading | INFO | Fold 27: train=2000, test=50, purge=12, embargo=12
2026-06-23 12:48:36 | ml_trading | INFO | Fold 28: train=2062, test=50, purge=12, embargo=12
2026-06-23 12:48:37 | ml_trading | INFO | Fold 29: train=2124, test=50, purge=12, embargo=12
2026-06-23 12:48:38 | ml_trading | INFO | Fold 30: train=2186, test=50, purge=12, embargo=12
2026-06-23 12:48:40 | ml_trading | INFO | Fold 31: train=2248, test=50, purge=12, embargo=12
2026-06-23 12:48:41 | ml_trading | INFO | Fold 32: train=2310, test=50, purge=12, embargo=12
2026-06-23 12:48:42 | ml_trading | INFO | Fold 33: train=2372, test=50, purge=12, embargo=12
2026-06-23 12:48:43 | ml_trading | INFO | Fold 34: train=2434, test=50, purge=12, embargo=12
2026-06-23 12:48:44 | ml_trading | INFO | Fold 35: train=2496, test=50, purge=12, embargo=12
2026-06-23 12:48:46 | ml_trading | INFO | Fold 36: train=2558, test=50, purge=12, embargo=12
2026-06-23 12:48:47 | ml_trading | INFO | Fold 37: train=2620, test=50, purge=12, embargo=12
2026-06-23 12:48:49 | ml_trading | INFO | Fold 38: train=2682, test=50, purge=12, embargo=12
2026-06-23 12:48:50 | ml_trading | INFO | Fold 39: train=2744, test=50, purge=12, embargo=12
2026-06-23 12:48:52 | ml_trading | INFO | Fold 40: train=2806, test=50, purge=12, embargo=12
2026-06-23 12:48:53 | ml_trading | INFO | Fold 41: train=2868, test=50, purge=12, embargo=12
2026-06-23 12:48:54 | ml_trading | INFO | Fold 42: train=2930, test=50, purge=12, embargo=12
2026-06-23 12:48:56 | ml_trading | INFO | Fold 43: train=2992, test=50, purge=12, embargo=12
2026-06-23 12:48:57 | ml_trading | INFO | Fold 44: train=3054, test=50, purge=12, embargo=12
2026-06-23 12:48:59 | ml_trading | INFO | Fold 45: train=3116, test=50, purge=12, embargo=12
2026-06-23 12:49:01 | ml_trading | INFO | Fold 46: train=3178, test=50, purge=12, embargo=12
2026-06-23 12:49:02 | ml_trading | INFO | Fold 47: train=3240, test=50, purge=12, embargo=12
2026-06-23 12:49:04 | ml_trading | INFO | Fold 48: train=3302, test=50, purge=12, embargo=12
2026-06-23 12:49:06 | ml_trading | INFO | Fold 49: train=3364, test=50, purge=12, embargo=12
2026-06-23 12:49:09 | ml_trading | INFO | Fold 50: train=3426, test=50, purge=12, embargo=12
2026-06-23 12:49:11 | ml_trading | INFO | Fold 51: train=3488, test=50, purge=12, embargo=12
2026-06-23 12:49:13 | ml_trading | INFO | Fold 52: train=3550, test=50, purge=12, embargo=12
2026-06-23 12:49:14 | ml_trading | INFO | Fold 53: train=3612, test=50, purge=12, embargo=12
2026-06-23 12:49:16 | ml_trading | INFO | Fold 54: train=3674, test=50, purge=12, embargo=12
2026-06-23 12:49:18 | ml_trading | INFO | Fold 55: train=3736, test=50, purge=12, embargo=12
2026-06-23 12:49:19 | ml_trading | INFO | Fold 56: train=3798, test=50, purge=12, embargo=12
2026-06-23 12:49:21 | ml_trading | INFO | Fold 57: train=3860, test=50, purge=12, embargo=12
2026-06-23 12:49:23 | ml_trading | INFO | Fold 58: train=3922, test=50, purge=12, embargo=12
2026-06-23 12:49:24 | ml_trading | INFO | Fold 59: train=3984, test=50, purge=12, embargo=12
2026-06-23 12:49:26 | ml_trading | INFO | Fold 60: train=4046, test=50, purge=12, embargo=12
2026-06-23 12:49:28 | ml_trading | INFO | Fold 61: train=4108, test=50, purge=12, embargo=12
2026-06-23 12:49:30 | ml_trading | INFO | Fold 62: train=4170, test=50, purge=12, embargo=12
2026-06-23 12:49:32 | ml_trading | INFO | Fold 63: train=4232, test=50, purge=12, embargo=12
2026-06-23 12:49:33 | ml_trading | INFO | Fold 64: train=4294, test=50, purge=12, embargo=12
2026-06-23 12:49:36 | ml_trading | INFO | Fold 65: train=4356, test=50, purge=12, embargo=12
2026-06-23 12:49:38 | ml_trading | INFO | Fold 66: train=4418, test=50, purge=12, embargo=12
2026-06-23 12:49:39 | ml_trading | INFO | Fold 67: train=4480, test=50, purge=12, embargo=12
2026-06-23 12:49:41 | ml_trading | INFO | Fold 68: train=4542, test=50, purge=12, embargo=12
2026-06-23 12:49:43 | ml_trading | INFO | Fold 69: train=4604, test=50, purge=12, embargo=12
2026-06-23 12:49:45 | ml_trading | INFO | Fold 70: train=4666, test=50, purge=12, embargo=12
2026-06-23 12:49:47 | ml_trading | INFO | Fold 71: train=4728, test=50, purge=12, embargo=12
2026-06-23 12:49:49 | ml_trading | INFO | Fold 72: train=4790, test=50, purge=12, embargo=12
2026-06-23 12:49:51 | ml_trading | INFO | Fold 73: train=4852, test=50, purge=12, embargo=12
2026-06-23 12:49:53 | ml_trading | INFO | Fold 74: train=4914, test=50, purge=12, embargo=12
2026-06-23 12:49:54 | ml_trading | INFO | Fold 75: train=4976, test=50, purge=12, embargo=12
2026-06-23 12:49:56 | ml_trading | INFO | Fold 76: train=5038, test=50, purge=12, embargo=12
2026-06-23 12:49:58 | ml_trading | INFO | Fold 77: train=5100, test=50, purge=12, embargo=12
2026-06-23 12:50:00 | ml_trading | INFO | Fold 78: train=5162, test=50, purge=12, embargo=12
2026-06-23 12:50:08 | ml_trading | INFO | Fold 79: train=5224, test=50, purge=12, embargo=12
2026-06-23 12:50:12 | ml_trading | INFO | Fold 80: train=5286, test=50, purge=12, embargo=12
2026-06-23 12:50:15 | ml_trading | INFO | Fold 81: train=5348, test=50, purge=12, embargo=12
2026-06-23 12:50:16 | ml_trading | INFO | Fold 82: train=5410, test=50, purge=12, embargo=12
2026-06-23 12:50:18 | ml_trading | INFO | Fold 83: train=5472, test=50, purge=12, embargo=12
2026-06-23 12:50:20 | ml_trading | INFO | Fold 84: train=5534, test=50, purge=12, embargo=12
2026-06-23 12:50:23 | ml_trading | INFO | Fold 85: train=5596, test=50, purge=12, embargo=12
2026-06-23 12:50:24 | ml_trading | INFO | Fold 86: train=5658, test=50, purge=12, embargo=12
2026-06-23 12:50:26 | ml_trading | INFO | Fold 87: train=5720, test=50, purge=12, embargo=12
2026-06-23 12:50:28 | ml_trading | INFO | Fold 88: train=5782, test=50, purge=12, embargo=12
2026-06-23 12:50:30 | ml_trading | INFO | Fold 89: train=5844, test=50, purge=12, embargo=12
2026-06-23 12:50:32 | ml_trading | INFO | Fold 90: train=5906, test=50, purge=12, embargo=12
2026-06-23 12:50:34 | ml_trading | INFO | Fold 91: train=5968, test=50, purge=12, embargo=12
2026-06-23 12:50:36 | ml_trading | INFO | Fold 92: train=6030, test=50, purge=12, embargo=12
2026-06-23 12:50:38 | ml_trading | INFO | Fold 93: train=6092, test=50, purge=12, embargo=12
2026-06-23 12:50:40 | ml_trading | INFO | Fold 94: train=6154, test=50, purge=12, embargo=12
2026-06-23 12:50:42 | ml_trading | INFO | Fold 95: train=6216, test=50, purge=12, embargo=12
2026-06-23 12:50:45 | ml_trading | INFO | Fold 96: train=6278, test=50, purge=12, embargo=12
2026-06-23 12:50:46 | ml_trading | INFO | Fold 97: train=6340, test=50, purge=12, embargo=12
2026-06-23 12:50:48 | ml_trading | INFO | Fold 98: train=6402, test=50, purge=12, embargo=12
2026-06-23 12:50:50 | ml_trading | INFO | Fold 99: train=6464, test=50, purge=12, embargo=12
2026-06-23 12:50:52 | ml_trading | INFO | Fold 100: train=6526, test=50, purge=12, embargo=12
2026-06-23 12:50:55 | ml_trading | INFO | Fold 101: train=6588, test=50, purge=12, embargo=12
2026-06-23 12:50:57 | ml_trading | INFO | Fold 102: train=6650, test=50, purge=12, embargo=12
2026-06-23 12:50:59 | ml_trading | INFO | Fold 103: train=6712, test=50, purge=12, embargo=12
2026-06-23 12:51:01 | ml_trading | INFO | Fold 104: train=6774, test=50, purge=12, embargo=12
2026-06-23 12:51:03 | ml_trading | INFO | Fold 105: train=6836, test=50, purge=12, embargo=12
2026-06-23 12:51:05 | ml_trading | INFO | Fold 106: train=6898, test=50, purge=12, embargo=12
2026-06-23 12:51:07 | ml_trading | INFO | Fold 107: train=6960, test=50, purge=12, embargo=12
2026-06-23 12:51:11 | ml_trading | INFO | Fold 108: train=7022, test=50, purge=12, embargo=12
2026-06-23 12:51:15 | ml_trading | INFO | Fold 109: train=7084, test=50, purge=12, embargo=12
2026-06-23 12:51:17 | ml_trading | INFO | Fold 110: train=7146, test=50, purge=12, embargo=12
2026-06-23 12:51:19 | ml_trading | INFO | Fold 111: train=7208, test=50, purge=12, embargo=12
2026-06-23 12:51:20 | ml_trading | INFO | Fold 112: train=7270, test=50, purge=12, embargo=12
2026-06-23 12:51:23 | ml_trading | INFO | Fold 113: train=7332, test=50, purge=12, embargo=12
2026-06-23 12:51:25 | ml_trading | INFO | Fold 114: train=7394, test=50, purge=12, embargo=12
2026-06-23 12:51:27 | ml_trading | INFO | Fold 115: train=7456, test=50, purge=12, embargo=12
2026-06-23 12:51:29 | ml_trading | INFO | Fold 116: train=7518, test=50, purge=12, embargo=12
2026-06-23 12:51:31 | ml_trading | INFO | Fold 117: train=7580, test=50, purge=12, embargo=12
2026-06-23 12:51:33 | ml_trading | INFO | Fold 118: train=7642, test=50, purge=12, embargo=12
2026-06-23 12:51:35 | ml_trading | INFO | Fold 119: train=7704, test=50, purge=12, embargo=12
2026-06-23 12:51:37 | ml_trading | INFO | Fold 120: train=7766, test=50, purge=12, embargo=12
2026-06-23 12:51:39 | ml_trading | INFO | Fold 121: train=7828, test=50, purge=12, embargo=12
2026-06-23 12:51:41 | ml_trading | INFO | Fold 122: train=7890, test=50, purge=12, embargo=12
2026-06-23 12:51:43 | ml_trading | INFO | Fold 123: train=7952, test=50, purge=12, embargo=12
2026-06-23 12:51:45 | ml_trading | INFO | Fold 124: train=8014, test=50, purge=12, embargo=12
2026-06-23 12:51:46 | ml_trading | INFO | Fold 125: train=8076, test=50, purge=12, embargo=12
2026-06-23 12:51:48 | ml_trading | INFO | Fold 126: train=8138, test=50, purge=12, embargo=12
2026-06-23 12:51:50 | ml_trading | INFO | Fold 127: train=8200, test=50, purge=12, embargo=12
2026-06-23 12:51:52 | ml_trading | INFO | Fold 128: train=8262, test=50, purge=12, embargo=12
2026-06-23 12:51:55 | ml_trading | INFO | Fold 129: train=8324, test=50, purge=12, embargo=12
2026-06-23 12:51:57 | ml_trading | INFO | Fold 130: train=8386, test=50, purge=12, embargo=12
2026-06-23 12:51:59 | ml_trading | INFO | Fold 131: train=8448, test=50, purge=12, embargo=12
2026-06-23 12:52:02 | ml_trading | INFO | Fold 132: train=8510, test=50, purge=12, embargo=12
2026-06-23 12:52:04 | ml_trading | INFO | Fold 133: train=8572, test=50, purge=12, embargo=12
2026-06-23 12:52:07 | ml_trading | INFO | Fold 134: train=8634, test=50, purge=12, embargo=12
2026-06-23 12:52:09 | ml_trading | INFO | Fold 135: train=8696, test=50, purge=12, embargo=12
2026-06-23 12:52:12 | ml_trading | INFO | Fold 136: train=8758, test=50, purge=12, embargo=12
2026-06-23 12:52:15 | ml_trading | INFO | Fold 137: train=8820, test=50, purge=12, embargo=12
2026-06-23 12:52:17 | ml_trading | INFO | Fold 138: train=8882, test=50, purge=12, embargo=12
2026-06-23 12:52:19 | ml_trading | INFO | Fold 139: train=8944, test=50, purge=12, embargo=12
2026-06-23 12:52:21 | ml_trading | INFO | Fold 140: train=9006, test=50, purge=12, embargo=12
2026-06-23 12:52:23 | ml_trading | INFO | Fold 141: train=9068, test=50, purge=12, embargo=12
2026-06-23 12:52:26 | ml_trading | INFO | Fold 142: train=9130, test=50, purge=12, embargo=12
2026-06-23 12:52:28 | ml_trading | INFO | Fold 143: train=9192, test=50, purge=12, embargo=12
2026-06-23 12:52:30 | ml_trading | INFO | Fold 144: train=9254, test=50, purge=12, embargo=12
2026-06-23 12:52:37 | ml_trading | INFO | Fold 145: train=9316, test=50, purge=12, embargo=12
2026-06-23 12:52:39 | ml_trading | INFO | Fold 146: train=9378, test=50, purge=12, embargo=12
2026-06-23 12:52:41 | ml_trading | INFO | Fold 147: train=9440, test=50, purge=12, embargo=12
2026-06-23 12:52:43 | ml_trading | INFO | Fold 148: train=9502, test=50, purge=12, embargo=12
2026-06-23 12:52:45 | ml_trading | INFO | Fold 149: train=9564, test=50, purge=12, embargo=12
2026-06-23 12:52:47 | ml_trading | INFO | Fold 150: train=9626, test=50, purge=12, embargo=12
2026-06-23 12:52:49 | ml_trading | INFO | Fold 151: train=9688, test=50, purge=12, embargo=12
2026-06-23 12:52:51 | ml_trading | INFO | Fold 152: train=9750, test=50, purge=12, embargo=12
2026-06-23 12:52:53 | ml_trading | INFO | Fold 153: train=9812, test=50, purge=12, embargo=12
2026-06-23 12:52:55 | ml_trading | INFO | Fold 154: train=9874, test=50, purge=12, embargo=12
2026-06-23 12:52:57 | ml_trading | INFO | Fold 155: train=9936, test=50, purge=12, embargo=12
2026-06-23 12:52:59 | ml_trading | INFO | Fold 156: train=9998, test=50, purge=12, embargo=12
2026-06-23 12:53:01 | ml_trading | INFO | Fold 157: train=10060, test=50, purge=12, embargo=12
2026-06-23 12:53:03 | ml_trading | INFO | Fold 158: train=10122, test=50, purge=12, embargo=12
2026-06-23 12:53:05 | ml_trading | INFO | Fold 159: train=10184, test=50, purge=12, embargo=12
2026-06-23 12:53:07 | ml_trading | INFO | Fold 160: train=10246, test=50, purge=12, embargo=12
2026-06-23 12:53:09 | ml_trading | INFO | Fold 161: train=10308, test=50, purge=12, embargo=12
2026-06-23 12:53:11 | ml_trading | INFO | Fold 162: train=10370, test=50, purge=12, embargo=12
2026-06-23 12:53:15 | ml_trading | INFO | Fold 163: train=10432, test=50, purge=12, embargo=12
2026-06-23 12:53:17 | ml_trading | INFO | Fold 164: train=10494, test=50, purge=12, embargo=12
2026-06-23 12:53:20 | ml_trading | INFO | Fold 165: train=10556, test=50, purge=12, embargo=12
2026-06-23 12:53:22 | ml_trading | INFO | Fold 166: train=10618, test=50, purge=12, embargo=12
2026-06-23 12:53:24 | ml_trading | INFO | Fold 167: train=10680, test=50, purge=12, embargo=12
2026-06-23 12:53:27 | ml_trading | INFO | Fold 168: train=10742, test=50, purge=12, embargo=12
2026-06-23 12:53:29 | ml_trading | INFO | Fold 169: train=10804, test=50, purge=12, embargo=12
2026-06-23 12:53:32 | ml_trading | INFO | Fold 170: train=10866, test=50, purge=12, embargo=12
2026-06-23 12:53:34 | ml_trading | INFO | Fold 171: train=10928, test=50, purge=12, embargo=12
2026-06-23 12:53:37 | ml_trading | INFO | Fold 172: train=10990, test=50, purge=12, embargo=12
2026-06-23 12:53:40 | ml_trading | INFO | Fold 173: train=11052, test=50, purge=12, embargo=12
2026-06-23 12:53:42 | ml_trading | INFO | Fold 174: train=11114, test=50, purge=12, embargo=12
2026-06-23 12:53:44 | ml_trading | INFO | Fold 175: train=11176, test=50, purge=12, embargo=12
2026-06-23 12:53:47 | ml_trading | INFO | Fold 176: train=11238, test=50, purge=12, embargo=12
2026-06-23 12:53:49 | ml_trading | INFO | Fold 177: train=11300, test=50, purge=12, embargo=12
2026-06-23 12:53:51 | ml_trading | INFO | Fold 178: train=11362, test=50, purge=12, embargo=12
2026-06-23 12:53:53 | ml_trading | INFO | Fold 179: train=11424, test=50, purge=12, embargo=12
2026-06-23 12:53:56 | ml_trading | INFO | Fold 180: train=11486, test=50, purge=12, embargo=12
2026-06-23 12:53:58 | ml_trading | INFO | Fold 181: train=11548, test=50, purge=12, embargo=12
2026-06-23 12:54:01 | ml_trading | INFO | Fold 182: train=11610, test=50, purge=12, embargo=12
2026-06-23 12:54:03 | ml_trading | INFO | Fold 183: train=11672, test=50, purge=12, embargo=12
2026-06-23 12:54:05 | ml_trading | INFO | Fold 184: train=11734, test=50, purge=12, embargo=12
2026-06-23 12:54:08 | ml_trading | INFO | Fold 185: train=11796, test=50, purge=12, embargo=12
2026-06-23 12:54:11 | ml_trading | INFO | Fold 186: train=11858, test=50, purge=12, embargo=12
2026-06-23 12:54:13 | ml_trading | INFO | Fold 187: train=11920, test=50, purge=12, embargo=12
2026-06-23 12:54:16 | ml_trading | INFO | Fold 188: train=11982, test=50, purge=12, embargo=12
2026-06-23 12:54:18 | ml_trading | INFO | Fold 189: train=12044, test=50, purge=12, embargo=12
2026-06-23 12:54:21 | ml_trading | INFO | Fold 190: train=12106, test=50, purge=12, embargo=12
2026-06-23 12:54:23 | ml_trading | INFO | Fold 191: train=12168, test=50, purge=12, embargo=12
2026-06-23 12:54:25 | ml_trading | INFO | Fold 192: train=12230, test=50, purge=12, embargo=12
2026-06-23 12:54:27 | ml_trading | INFO | Fold 193: train=12292, test=50, purge=12, embargo=12
2026-06-23 12:54:29 | ml_trading | INFO | Fold 194: train=12354, test=50, purge=12, embargo=12
2026-06-23 12:54:32 | ml_trading | INFO | Fold 195: train=12416, test=50, purge=12, embargo=12
2026-06-23 12:54:34 | ml_trading | INFO | Fold 196: train=12478, test=50, purge=12, embargo=12
2026-06-23 12:54:37 | ml_trading | INFO | Fold 197: train=12540, test=50, purge=12, embargo=12
2026-06-23 12:54:39 | ml_trading | INFO | Fold 198: train=12602, test=50, purge=12, embargo=12
2026-06-23 12:54:41 | ml_trading | INFO | Fold 199: train=12664, test=50, purge=12, embargo=12
2026-06-23 12:54:43 | ml_trading | INFO | Fold 200: train=12726, test=50, purge=12, embargo=12
2026-06-23 12:54:46 | ml_trading | INFO | Fold 201: train=12788, test=50, purge=12, embargo=12
2026-06-23 12:54:48 | ml_trading | INFO | Fold 202: train=12850, test=50, purge=12, embargo=12
2026-06-23 12:54:50 | ml_trading | INFO | Fold 203: train=12912, test=50, purge=12, embargo=12
2026-06-23 12:54:52 | ml_trading | INFO | Fold 204: train=12974, test=50, purge=12, embargo=12
2026-06-23 12:54:54 | ml_trading | INFO | Fold 205: train=13036, test=50, purge=12, embargo=12
2026-06-23 12:54:57 | ml_trading | INFO | Fold 206: train=13098, test=50, purge=12, embargo=12
2026-06-23 12:54:59 | ml_trading | INFO | Fold 207: train=13160, test=50, purge=12, embargo=12
2026-06-23 12:55:02 | ml_trading | INFO | Fold 208: train=13222, test=50, purge=12, embargo=12
2026-06-23 12:55:06 | ml_trading | INFO | Fold 209: train=13284, test=50, purge=12, embargo=12
2026-06-23 12:55:08 | ml_trading | INFO | Fold 210: train=13346, test=50, purge=12, embargo=12
2026-06-23 12:55:11 | ml_trading | INFO | Fold 211: train=13408, test=50, purge=12, embargo=12
2026-06-23 12:55:14 | ml_trading | INFO | Fold 212: train=13470, test=50, purge=12, embargo=12
2026-06-23 12:55:18 | ml_trading | INFO | Fold 213: train=13532, test=50, purge=12, embargo=12
2026-06-23 12:55:20 | ml_trading | INFO | Fold 214: train=13594, test=50, purge=12, embargo=12
2026-06-23 12:55:23 | ml_trading | INFO | Fold 215: train=13656, test=50, purge=12, embargo=12
2026-06-23 12:55:25 | ml_trading | INFO | Fold 216: train=13718, test=50, purge=12, embargo=12
2026-06-23 12:55:28 | ml_trading | INFO | Fold 217: train=13780, test=50, purge=12, embargo=12
2026-06-23 12:55:35 | ml_trading | INFO | Fold 218: train=13842, test=50, purge=12, embargo=12
2026-06-23 12:55:39 | ml_trading | INFO | Fold 219: train=13904, test=50, purge=12, embargo=12
2026-06-23 12:55:43 | ml_trading | INFO | Fold 220: train=13966, test=50, purge=12, embargo=12
2026-06-23 12:55:45 | ml_trading | INFO | Fold 221: train=14028, test=50, purge=12, embargo=12
2026-06-23 12:55:48 | ml_trading | INFO | Fold 222: train=14090, test=50, purge=12, embargo=12
2026-06-23 12:55:50 | ml_trading | INFO | Fold 223: train=14152, test=50, purge=12, embargo=12
2026-06-23 12:55:53 | ml_trading | INFO | Fold 224: train=14214, test=50, purge=12, embargo=12
2026-06-23 12:55:56 | ml_trading | INFO | Fold 225: train=14276, test=50, purge=12, embargo=12
2026-06-23 12:55:59 | ml_trading | INFO | Fold 226: train=14338, test=50, purge=12, embargo=12
2026-06-23 12:56:01 | ml_trading | INFO | Fold 227: train=14400, test=50, purge=12, embargo=12
2026-06-23 12:56:04 | ml_trading | INFO | Fold 228: train=14462, test=50, purge=12, embargo=12
2026-06-23 12:56:09 | ml_trading | INFO | Fold 229: train=14524, test=50, purge=12, embargo=12
2026-06-23 12:56:13 | ml_trading | INFO | Fold 230: train=14586, test=50, purge=12, embargo=12
2026-06-23 12:56:16 | ml_trading | INFO | Fold 231: train=14648, test=50, purge=12, embargo=12
2026-06-23 12:56:20 | ml_trading | INFO | Fold 232: train=14710, test=50, purge=12, embargo=12
2026-06-23 12:56:23 | ml_trading | INFO | Fold 233: train=14772, test=50, purge=12, embargo=12
2026-06-23 12:56:27 | ml_trading | INFO | Fold 234: train=14834, test=50, purge=12, embargo=12
2026-06-23 12:56:30 | ml_trading | INFO | Fold 235: train=14896, test=50, purge=12, embargo=12
2026-06-23 12:56:34 | ml_trading | INFO | Fold 236: train=14958, test=50, purge=12, embargo=12
2026-06-23 12:56:36 | ml_trading | INFO | Fold 237: train=15020, test=50, purge=12, embargo=12
2026-06-23 12:56:40 | ml_trading | INFO | Fold 238: train=15082, test=50, purge=12, embargo=12
2026-06-23 12:56:43 | ml_trading | INFO | Fold 239: train=15144, test=50, purge=12, embargo=12
2026-06-23 12:56:46 | ml_trading | INFO | Fold 240: train=15206, test=50, purge=12, embargo=12
2026-06-23 12:56:49 | ml_trading | INFO | Fold 241: train=15268, test=50, purge=12, embargo=12
2026-06-23 12:56:52 | ml_trading | INFO | Fold 242: train=15330, test=50, purge=12, embargo=12
2026-06-23 12:56:57 | ml_trading | INFO | Fold 243: train=15392, test=50, purge=12, embargo=12
2026-06-23 12:57:02 | ml_trading | INFO | Fold 244: train=15454, test=50, purge=12, embargo=12
2026-06-23 12:57:07 | ml_trading | INFO | Fold 245: train=15516, test=50, purge=12, embargo=12
2026-06-23 12:57:12 | ml_trading | INFO | Fold 246: train=15578, test=50, purge=12, embargo=12
2026-06-23 12:57:14 | ml_trading | INFO | Fold 247: train=15640, test=50, purge=12, embargo=12
2026-06-23 12:57:17 | ml_trading | INFO | Fold 248: train=15702, test=50, purge=12, embargo=12
2026-06-23 12:57:21 | ml_trading | INFO | Fold 249: train=15764, test=50, purge=12, embargo=12
2026-06-23 12:57:24 | ml_trading | INFO | Fold 250: train=15826, test=50, purge=12, embargo=12
2026-06-23 12:57:26 | ml_trading | INFO | Fold 251: train=15888, test=50, purge=12, embargo=12
2026-06-23 12:57:30 | ml_trading | INFO | Fold 252: train=15950, test=50, purge=12, embargo=12
2026-06-23 12:57:34 | ml_trading | INFO | Fold 253: train=16012, test=50, purge=12, embargo=12
2026-06-23 12:57:37 | ml_trading | INFO | Fold 254: train=16074, test=50, purge=12, embargo=12
2026-06-23 12:57:42 | ml_trading | INFO | Fold 255: train=16136, test=50, purge=12, embargo=12
2026-06-23 12:57:45 | ml_trading | INFO | Fold 256: train=16198, test=50, purge=12, embargo=12
2026-06-23 12:57:47 | ml_trading | INFO | Fold 257: train=16260, test=50, purge=12, embargo=12
2026-06-23 12:57:51 | ml_trading | INFO | Fold 258: train=16322, test=50, purge=12, embargo=12
2026-06-23 12:57:53 | ml_trading | INFO | Fold 259: train=16384, test=50, purge=12, embargo=12
2026-06-23 12:57:56 | ml_trading | INFO | Fold 260: train=16446, test=50, purge=12, embargo=12
2026-06-23 12:57:59 | ml_trading | INFO | Fold 261: train=16508, test=50, purge=12, embargo=12
2026-06-23 12:58:07 | ml_trading | INFO | Fold 262: train=16570, test=50, purge=12, embargo=12
2026-06-23 12:58:11 | ml_trading | INFO | Fold 263: train=16632, test=50, purge=12, embargo=12
2026-06-23 12:58:15 | ml_trading | INFO | Fold 264: train=16694, test=50, purge=12, embargo=12
2026-06-23 12:58:18 | ml_trading | INFO | Fold 265: train=16756, test=50, purge=12, embargo=12
2026-06-23 12:58:23 | ml_trading | INFO | Fold 266: train=16818, test=50, purge=12, embargo=12
2026-06-23 12:58:26 | ml_trading | INFO | Fold 267: train=16880, test=50, purge=12, embargo=12
2026-06-23 12:58:28 | ml_trading | INFO | Fold 268: train=16942, test=50, purge=12, embargo=12
2026-06-23 12:58:32 | ml_trading | INFO | Fold 269: train=17004, test=50, purge=12, embargo=12
2026-06-23 12:58:35 | ml_trading | INFO | Fold 270: train=17066, test=50, purge=12, embargo=12
2026-06-23 12:58:38 | ml_trading | INFO | Fold 271: train=17128, test=50, purge=12, embargo=12
2026-06-23 12:58:41 | ml_trading | INFO | Fold 272: train=17190, test=50, purge=12, embargo=12
2026-06-23 12:58:44 | ml_trading | INFO | Fold 273: train=17252, test=50, purge=12, embargo=12
2026-06-23 12:58:46 | ml_trading | INFO | Fold 274: train=17314, test=50, purge=12, embargo=12
2026-06-23 12:58:49 | ml_trading | INFO | Fold 275: train=17376, test=50, purge=12, embargo=12
2026-06-23 12:58:52 | ml_trading | INFO | Fold 276: train=17438, test=50, purge=12, embargo=12
2026-06-23 12:58:55 | ml_trading | INFO | Walk-forward validation complete: 276 folds
2026-06-23 12:58:55 | ml_trading | INFO | Avg F1 - Short: 0.555, Neutral: 0.368, Long: 0.096
2026-06-23 12:58:55 | ml_trading | INFO | Training final lightgbm model on 17542 samples
2026-06-23 12:58:57 | ml_trading | INFO | Model saved to /root/app/ml-project/ml-trading-dashboard/ml_service/storage/models/candidates/ADAUSDT_1h_lightgbm_20260623_125857.pkl
2026-06-23 12:58:57 | ml_trading | INFO | Saved calibration artifact: ADAUSDT_1h_lightgbm_20260623_125857_calibration.pkl (chosen=platt)
2026-06-23 12:58:57 | ml_trading | INFO | Calibration metrics (holdout=50): raw: ECE=0.234 LL=1.000 Brier=0.655 | platt: ECE=0.097 LL=0.769 Brier=0.496 | isotonic: ECE=0.166 LL=0.661 Brier=0.418  → chosen: platt

================================================================================
TRAINING COMPLETE
================================================================================
Model: lightgbm
Folds: 276

F1 Scores:
  Short:   0.555
  Neutral: 0.368
  Long:    0.096
  Weighted: 0.456

Model saved: /root/app/ml-project/ml-trading-dashboard/ml_service/storage/models/candidates/ADAUSDT_1h_lightgbm_20260623_125857.pkl
================================================================================

Finished ADAUSDT 1h

=================================================
TRAINING ADAUSDT 4h
=================================================

Training model for ADAUSDT 4h...
2026-06-23 12:59:02 | ml_trading | INFO | Database schema initialized
2026-06-23 12:59:02 | ml_trading | INFO | Database initialized at /root/app/ml-project/ml-trading-dashboard/ml_service/storage/database.db
Loaded 4440 candles
Loaded 4440 BTC candles for correlation
Loaded 691 ES_proxy candles for correlation
2026-06-23 12:59:02 | ml_trading | INFO | [horizon] forward_periods=12 (source: /root/app/ml-project/ml-trading-dashboard/ml_service/config.yaml)
2026-06-23 12:59:02 | ml_trading | INFO | Starting training for ADAUSDT 4h
2026-06-23 12:59:02 | ml_trading | INFO |   Labeling method: triple_barrier
2026-06-23 12:59:02 | ml_trading | INFO |   Forward periods: 12
2026-06-23 12:59:02 | ml_trading | INFO |   TP multiplier: 3.0x ATR
2026-06-23 12:59:02 | ml_trading | INFO |   SL multiplier: 1.5x ATR
2026-06-23 12:59:02 | ml_trading | INFO | Found tuned hyperparameters for ADAUSDT 4h
2026-06-23 12:59:02 | ml_trading | INFO | Model type: xgboost, F1: 0.4774
[!] VWAP requires an ordered DatetimeIndex.
2026-06-23 12:59:37 | ml_trading | INFO | Fetched 200 funding rate records for ADAUSDT
2026-06-23 12:59:40 | ml_trading | INFO | Clean dataset: 4224 rows after dropping NaN
2026-06-23 12:59:40 | ml_trading | INFO | Fold 1: train=388, test=50, purge=12, embargo=12
2026-06-23 12:59:41 | ml_trading | INFO | Fold 2: train=450, test=50, purge=12, embargo=12
2026-06-23 12:59:42 | ml_trading | INFO | Fold 3: train=512, test=50, purge=12, embargo=12
2026-06-23 12:59:43 | ml_trading | INFO | Fold 4: train=574, test=50, purge=12, embargo=12
2026-06-23 12:59:43 | ml_trading | INFO | Fold 5: train=636, test=50, purge=12, embargo=12
2026-06-23 12:59:44 | ml_trading | INFO | Fold 6: train=698, test=50, purge=12, embargo=12
2026-06-23 12:59:45 | ml_trading | INFO | Fold 7: train=760, test=50, purge=12, embargo=12
2026-06-23 12:59:46 | ml_trading | INFO | Fold 8: train=822, test=50, purge=12, embargo=12
2026-06-23 12:59:47 | ml_trading | INFO | Fold 9: train=884, test=50, purge=12, embargo=12
2026-06-23 12:59:48 | ml_trading | INFO | Fold 10: train=946, test=50, purge=12, embargo=12
2026-06-23 12:59:49 | ml_trading | INFO | Fold 11: train=1008, test=50, purge=12, embargo=12
2026-06-23 12:59:50 | ml_trading | INFO | Fold 12: train=1070, test=50, purge=12, embargo=12
2026-06-23 12:59:51 | ml_trading | INFO | Fold 13: train=1132, test=50, purge=12, embargo=12
2026-06-23 12:59:52 | ml_trading | INFO | Fold 14: train=1194, test=50, purge=12, embargo=12
2026-06-23 12:59:53 | ml_trading | INFO | Fold 15: train=1256, test=50, purge=12, embargo=12
2026-06-23 12:59:54 | ml_trading | INFO | Fold 16: train=1318, test=50, purge=12, embargo=12
2026-06-23 12:59:55 | ml_trading | INFO | Fold 17: train=1380, test=50, purge=12, embargo=12
2026-06-23 12:59:56 | ml_trading | INFO | Fold 18: train=1442, test=50, purge=12, embargo=12
2026-06-23 12:59:57 | ml_trading | INFO | Fold 19: train=1504, test=50, purge=12, embargo=12
2026-06-23 12:59:58 | ml_trading | INFO | Fold 20: train=1566, test=50, purge=12, embargo=12
2026-06-23 12:59:59 | ml_trading | INFO | Fold 21: train=1628, test=50, purge=12, embargo=12
2026-06-23 13:00:03 | ml_trading | INFO | Fold 22: train=1690, test=50, purge=12, embargo=12
2026-06-23 13:00:06 | ml_trading | INFO | Fold 23: train=1752, test=50, purge=12, embargo=12
2026-06-23 13:00:09 | ml_trading | INFO | Fold 24: train=1814, test=50, purge=12, embargo=12
2026-06-23 13:00:13 | ml_trading | INFO | Fold 25: train=1876, test=50, purge=12, embargo=12
2026-06-23 13:00:15 | ml_trading | INFO | Fold 26: train=1938, test=50, purge=12, embargo=12
2026-06-23 13:00:18 | ml_trading | INFO | Fold 27: train=2000, test=50, purge=12, embargo=12
2026-06-23 13:00:20 | ml_trading | INFO | Fold 28: train=2062, test=50, purge=12, embargo=12
2026-06-23 13:00:23 | ml_trading | INFO | Fold 29: train=2124, test=50, purge=12, embargo=12
2026-06-23 13:00:28 | ml_trading | INFO | Fold 30: train=2186, test=50, purge=12, embargo=12
2026-06-23 13:00:30 | ml_trading | INFO | Fold 31: train=2248, test=50, purge=12, embargo=12
2026-06-23 13:00:32 | ml_trading | INFO | Fold 32: train=2310, test=50, purge=12, embargo=12
2026-06-23 13:00:33 | ml_trading | INFO | Fold 33: train=2372, test=50, purge=12, embargo=12
2026-06-23 13:00:36 | ml_trading | INFO | Fold 34: train=2434, test=50, purge=12, embargo=12
2026-06-23 13:00:38 | ml_trading | INFO | Fold 35: train=2496, test=50, purge=12, embargo=12
2026-06-23 13:00:41 | ml_trading | INFO | Fold 36: train=2558, test=50, purge=12, embargo=12
2026-06-23 13:00:45 | ml_trading | INFO | Fold 37: train=2620, test=50, purge=12, embargo=12
2026-06-23 13:00:48 | ml_trading | INFO | Fold 38: train=2682, test=50, purge=12, embargo=12
2026-06-23 13:00:50 | ml_trading | INFO | Fold 39: train=2744, test=50, purge=12, embargo=12
2026-06-23 13:00:52 | ml_trading | INFO | Fold 40: train=2806, test=50, purge=12, embargo=12
2026-06-23 13:00:54 | ml_trading | INFO | Fold 41: train=2868, test=50, purge=12, embargo=12
2026-06-23 13:00:56 | ml_trading | INFO | Fold 42: train=2930, test=50, purge=12, embargo=12
2026-06-23 13:00:58 | ml_trading | INFO | Fold 43: train=2992, test=50, purge=12, embargo=12
2026-06-23 13:01:00 | ml_trading | INFO | Fold 44: train=3054, test=50, purge=12, embargo=12
2026-06-23 13:01:10 | ml_trading | INFO | Fold 45: train=3116, test=50, purge=12, embargo=12
2026-06-23 13:01:13 | ml_trading | INFO | Fold 46: train=3178, test=50, purge=12, embargo=12
2026-06-23 13:01:16 | ml_trading | INFO | Fold 47: train=3240, test=50, purge=12, embargo=12
2026-06-23 13:01:18 | ml_trading | INFO | Fold 48: train=3302, test=50, purge=12, embargo=12
2026-06-23 13:01:21 | ml_trading | INFO | Fold 49: train=3364, test=50, purge=12, embargo=12
2026-06-23 13:01:23 | ml_trading | INFO | Fold 50: train=3426, test=50, purge=12, embargo=12
2026-06-23 13:01:28 | ml_trading | INFO | Fold 51: train=3488, test=50, purge=12, embargo=12
2026-06-23 13:01:31 | ml_trading | INFO | Fold 52: train=3550, test=50, purge=12, embargo=12
2026-06-23 13:01:33 | ml_trading | INFO | Fold 53: train=3612, test=50, purge=12, embargo=12
2026-06-23 13:01:36 | ml_trading | INFO | Fold 54: train=3674, test=50, purge=12, embargo=12
2026-06-23 13:01:38 | ml_trading | INFO | Fold 55: train=3736, test=50, purge=12, embargo=12
2026-06-23 13:01:41 | ml_trading | INFO | Fold 56: train=3798, test=50, purge=12, embargo=12
2026-06-23 13:01:44 | ml_trading | INFO | Fold 57: train=3860, test=50, purge=12, embargo=12
2026-06-23 13:01:46 | ml_trading | INFO | Fold 58: train=3922, test=50, purge=12, embargo=12
2026-06-23 13:01:48 | ml_trading | INFO | Fold 59: train=3984, test=50, purge=12, embargo=12
2026-06-23 13:01:50 | ml_trading | INFO | Fold 60: train=4046, test=50, purge=12, embargo=12
2026-06-23 13:01:52 | ml_trading | INFO | Fold 61: train=4108, test=50, purge=12, embargo=12
2026-06-23 13:01:55 | ml_trading | INFO | Walk-forward validation complete: 61 folds
2026-06-23 13:01:55 | ml_trading | INFO | Avg F1 - Short: 0.521, Neutral: 0.330, Long: 0.091
2026-06-23 13:01:55 | ml_trading | INFO | Training final lightgbm model on 4224 samples
2026-06-23 13:01:56 | ml_trading | INFO | Model saved to /root/app/ml-project/ml-trading-dashboard/ml_service/storage/models/candidates/ADAUSDT_4h_lightgbm_20260623_130155.pkl
2026-06-23 13:01:56 | ml_trading | INFO | Saved calibration artifact: ADAUSDT_4h_lightgbm_20260623_130155_calibration.pkl (chosen=platt)
2026-06-23 13:01:56 | ml_trading | INFO | Calibration metrics (holdout=50): raw: ECE=0.134 LL=0.655 Brier=0.390 | platt: ECE=0.099 LL=0.665 Brier=0.401 | isotonic: ECE=0.128 LL=0.558 Brier=0.331  → chosen: platt

================================================================================
TRAINING COMPLETE
================================================================================
Model: lightgbm
Folds: 61

F1 Scores:
  Short:   0.521
  Neutral: 0.330
  Long:    0.091
  Weighted: 0.412

Model saved: /root/app/ml-project/ml-trading-dashboard/ml_service/storage/models/candidates/ADAUSDT_4h_lightgbm_20260623_130155.pkl
================================================================================

Finished ADAUSDT 4h

=================================================
TRAINING LINKUSDT 1h
=================================================

Training model for LINKUSDT 1h...
2026-06-23 13:02:01 | ml_trading | INFO | Database schema initialized
2026-06-23 13:02:01 | ml_trading | INFO | Database initialized at /root/app/ml-project/ml-trading-dashboard/ml_service/storage/database.db
Loaded 17758 candles
Loaded 17758 BTC candles for correlation
Loaded 2414 ES_proxy candles for correlation
2026-06-23 13:02:01 | ml_trading | INFO | [horizon] forward_periods=12 (source: /root/app/ml-project/ml-trading-dashboard/ml_service/config.yaml)
2026-06-23 13:02:01 | ml_trading | INFO | Starting training for LINKUSDT 1h
2026-06-23 13:02:01 | ml_trading | INFO |   Labeling method: triple_barrier
2026-06-23 13:02:01 | ml_trading | INFO |   Forward periods: 12
2026-06-23 13:02:01 | ml_trading | INFO |   TP multiplier: 3.0x ATR
2026-06-23 13:02:01 | ml_trading | INFO |   SL multiplier: 1.5x ATR
[!] VWAP requires an ordered DatetimeIndex.
2026-06-23 13:04:27 | ml_trading | INFO | Fetched 200 funding rate records for LINKUSDT
2026-06-23 13:04:39 | ml_trading | INFO | Clean dataset: 17542 rows after dropping NaN
2026-06-23 13:04:39 | ml_trading | INFO | Fold 1: train=388, test=50, purge=12, embargo=12
2026-06-23 13:04:40 | ml_trading | INFO | Fold 2: train=450, test=50, purge=12, embargo=12
2026-06-23 13:04:42 | ml_trading | INFO | Fold 3: train=512, test=50, purge=12, embargo=12
2026-06-23 13:04:43 | ml_trading | INFO | Fold 4: train=574, test=50, purge=12, embargo=12
2026-06-23 13:04:44 | ml_trading | INFO | Fold 5: train=636, test=50, purge=12, embargo=12
2026-06-23 13:04:45 | ml_trading | INFO | Fold 6: train=698, test=50, purge=12, embargo=12
2026-06-23 13:04:45 | ml_trading | INFO | Fold 7: train=760, test=50, purge=12, embargo=12
2026-06-23 13:04:47 | ml_trading | INFO | Fold 8: train=822, test=50, purge=12, embargo=12
2026-06-23 13:04:48 | ml_trading | INFO | Fold 9: train=884, test=50, purge=12, embargo=12
2026-06-23 13:04:49 | ml_trading | INFO | Fold 10: train=946, test=50, purge=12, embargo=12
2026-06-23 13:04:50 | ml_trading | INFO | Fold 11: train=1008, test=50, purge=12, embargo=12
2026-06-23 13:04:52 | ml_trading | INFO | Fold 12: train=1070, test=50, purge=12, embargo=12
2026-06-23 13:04:53 | ml_trading | INFO | Fold 13: train=1132, test=50, purge=12, embargo=12
2026-06-23 13:04:55 | ml_trading | INFO | Fold 14: train=1194, test=50, purge=12, embargo=12
2026-06-23 13:04:56 | ml_trading | INFO | Fold 15: train=1256, test=50, purge=12, embargo=12
2026-06-23 13:04:57 | ml_trading | INFO | Fold 16: train=1318, test=50, purge=12, embargo=12
2026-06-23 13:04:59 | ml_trading | INFO | Fold 17: train=1380, test=50, purge=12, embargo=12
2026-06-23 13:05:00 | ml_trading | INFO | Fold 18: train=1442, test=50, purge=12, embargo=12
2026-06-23 13:05:02 | ml_trading | INFO | Fold 19: train=1504, test=50, purge=12, embargo=12
2026-06-23 13:05:04 | ml_trading | INFO | Fold 20: train=1566, test=50, purge=12, embargo=12
2026-06-23 13:05:05 | ml_trading | INFO | Fold 21: train=1628, test=50, purge=12, embargo=12
2026-06-23 13:05:07 | ml_trading | INFO | Fold 22: train=1690, test=50, purge=12, embargo=12
2026-06-23 13:05:09 | ml_trading | INFO | Fold 23: train=1752, test=50, purge=12, embargo=12
2026-06-23 13:05:10 | ml_trading | INFO | Fold 24: train=1814, test=50, purge=12, embargo=12
2026-06-23 13:05:12 | ml_trading | INFO | Fold 25: train=1876, test=50, purge=12, embargo=12
2026-06-23 13:05:14 | ml_trading | INFO | Fold 26: train=1938, test=50, purge=12, embargo=12
2026-06-23 13:05:15 | ml_trading | INFO | Fold 27: train=2000, test=50, purge=12, embargo=12
2026-06-23 13:05:17 | ml_trading | INFO | Fold 28: train=2062, test=50, purge=12, embargo=12
2026-06-23 13:05:18 | ml_trading | INFO | Fold 29: train=2124, test=50, purge=12, embargo=12
2026-06-23 13:05:20 | ml_trading | INFO | Fold 30: train=2186, test=50, purge=12, embargo=12
2026-06-23 13:05:21 | ml_trading | INFO | Fold 31: train=2248, test=50, purge=12, embargo=12
2026-06-23 13:05:23 | ml_trading | INFO | Fold 32: train=2310, test=50, purge=12, embargo=12
2026-06-23 13:05:25 | ml_trading | INFO | Fold 33: train=2372, test=50, purge=12, embargo=12
2026-06-23 13:05:27 | ml_trading | INFO | Fold 34: train=2434, test=50, purge=12, embargo=12
2026-06-23 13:05:28 | ml_trading | INFO | Fold 35: train=2496, test=50, purge=12, embargo=12
2026-06-23 13:05:30 | ml_trading | INFO | Fold 36: train=2558, test=50, purge=12, embargo=12
2026-06-23 13:05:33 | ml_trading | INFO | Fold 37: train=2620, test=50, purge=12, embargo=12
2026-06-23 13:05:35 | ml_trading | INFO | Fold 38: train=2682, test=50, purge=12, embargo=12
2026-06-23 13:05:37 | ml_trading | INFO | Fold 39: train=2744, test=50, purge=12, embargo=12
2026-06-23 13:05:38 | ml_trading | INFO | Fold 40: train=2806, test=50, purge=12, embargo=12
2026-06-23 13:05:40 | ml_trading | INFO | Fold 41: train=2868, test=50, purge=12, embargo=12
2026-06-23 13:05:42 | ml_trading | INFO | Fold 42: train=2930, test=50, purge=12, embargo=12
2026-06-23 13:05:44 | ml_trading | INFO | Fold 43: train=2992, test=50, purge=12, embargo=12
2026-06-23 13:05:46 | ml_trading | INFO | Fold 44: train=3054, test=50, purge=12, embargo=12
2026-06-23 13:05:48 | ml_trading | INFO | Fold 45: train=3116, test=50, purge=12, embargo=12
2026-06-23 13:05:49 | ml_trading | INFO | Fold 46: train=3178, test=50, purge=12, embargo=12
2026-06-23 13:05:51 | ml_trading | INFO | Fold 47: train=3240, test=50, purge=12, embargo=12
2026-06-23 13:05:52 | ml_trading | INFO | Fold 48: train=3302, test=50, purge=12, embargo=12
2026-06-23 13:05:54 | ml_trading | INFO | Fold 49: train=3364, test=50, purge=12, embargo=12
2026-06-23 13:05:56 | ml_trading | INFO | Fold 50: train=3426, test=50, purge=12, embargo=12
2026-06-23 13:05:58 | ml_trading | INFO | Fold 51: train=3488, test=50, purge=12, embargo=12
2026-06-23 13:05:59 | ml_trading | INFO | Fold 52: train=3550, test=50, purge=12, embargo=12
2026-06-23 13:06:01 | ml_trading | INFO | Fold 53: train=3612, test=50, purge=12, embargo=12
2026-06-23 13:06:04 | ml_trading | INFO | Fold 54: train=3674, test=50, purge=12, embargo=12
2026-06-23 13:06:05 | ml_trading | INFO | Fold 55: train=3736, test=50, purge=12, embargo=12
2026-06-23 13:06:07 | ml_trading | INFO | Fold 56: train=3798, test=50, purge=12, embargo=12
2026-06-23 13:06:09 | ml_trading | INFO | Fold 57: train=3860, test=50, purge=12, embargo=12
2026-06-23 13:06:10 | ml_trading | INFO | Fold 58: train=3922, test=50, purge=12, embargo=12
2026-06-23 13:06:12 | ml_trading | INFO | Fold 59: train=3984, test=50, purge=12, embargo=12
2026-06-23 13:06:13 | ml_trading | INFO | Fold 60: train=4046, test=50, purge=12, embargo=12
2026-06-23 13:06:15 | ml_trading | INFO | Fold 61: train=4108, test=50, purge=12, embargo=12
2026-06-23 13:06:17 | ml_trading | INFO | Fold 62: train=4170, test=50, purge=12, embargo=12
2026-06-23 13:06:19 | ml_trading | INFO | Fold 63: train=4232, test=50, purge=12, embargo=12
2026-06-23 13:06:20 | ml_trading | INFO | Fold 64: train=4294, test=50, purge=12, embargo=12
2026-06-23 13:06:22 | ml_trading | INFO | Fold 65: train=4356, test=50, purge=12, embargo=12
2026-06-23 13:06:24 | ml_trading | INFO | Fold 66: train=4418, test=50, purge=12, embargo=12
2026-06-23 13:06:26 | ml_trading | INFO | Fold 67: train=4480, test=50, purge=12, embargo=12
2026-06-23 13:06:27 | ml_trading | INFO | Fold 68: train=4542, test=50, purge=12, embargo=12
2026-06-23 13:06:29 | ml_trading | INFO | Fold 69: train=4604, test=50, purge=12, embargo=12
2026-06-23 13:06:31 | ml_trading | INFO | Fold 70: train=4666, test=50, purge=12, embargo=12
2026-06-23 13:06:32 | ml_trading | INFO | Fold 71: train=4728, test=50, purge=12, embargo=12
2026-06-23 13:06:36 | ml_trading | INFO | Fold 72: train=4790, test=50, purge=12, embargo=12
2026-06-23 13:06:38 | ml_trading | INFO | Fold 73: train=4852, test=50, purge=12, embargo=12
2026-06-23 13:06:39 | ml_trading | INFO | Fold 74: train=4914, test=50, purge=12, embargo=12
2026-06-23 13:06:41 | ml_trading | INFO | Fold 75: train=4976, test=50, purge=12, embargo=12
2026-06-23 13:06:43 | ml_trading | INFO | Fold 76: train=5038, test=50, purge=12, embargo=12
2026-06-23 13:06:44 | ml_trading | INFO | Fold 77: train=5100, test=50, purge=12, embargo=12
2026-06-23 13:06:46 | ml_trading | INFO | Fold 78: train=5162, test=50, purge=12, embargo=12
2026-06-23 13:06:48 | ml_trading | INFO | Fold 79: train=5224, test=50, purge=12, embargo=12
2026-06-23 13:06:49 | ml_trading | INFO | Fold 80: train=5286, test=50, purge=12, embargo=12
2026-06-23 13:06:50 | ml_trading | INFO | Fold 81: train=5348, test=50, purge=12, embargo=12
2026-06-23 13:06:52 | ml_trading | INFO | Fold 82: train=5410, test=50, purge=12, embargo=12
2026-06-23 13:06:53 | ml_trading | INFO | Fold 83: train=5472, test=50, purge=12, embargo=12
2026-06-23 13:06:55 | ml_trading | INFO | Fold 84: train=5534, test=50, purge=12, embargo=12
2026-06-23 13:06:57 | ml_trading | INFO | Fold 85: train=5596, test=50, purge=12, embargo=12
2026-06-23 13:07:00 | ml_trading | INFO | Fold 86: train=5658, test=50, purge=12, embargo=12
2026-06-23 13:07:01 | ml_trading | INFO | Fold 87: train=5720, test=50, purge=12, embargo=12
2026-06-23 13:07:03 | ml_trading | INFO | Fold 88: train=5782, test=50, purge=12, embargo=12
2026-06-23 13:07:05 | ml_trading | INFO | Fold 89: train=5844, test=50, purge=12, embargo=12
2026-06-23 13:07:07 | ml_trading | INFO | Fold 90: train=5906, test=50, purge=12, embargo=12
2026-06-23 13:07:09 | ml_trading | INFO | Fold 91: train=5968, test=50, purge=12, embargo=12
2026-06-23 13:07:11 | ml_trading | INFO | Fold 92: train=6030, test=50, purge=12, embargo=12
2026-06-23 13:07:13 | ml_trading | INFO | Fold 93: train=6092, test=50, purge=12, embargo=12
2026-06-23 13:07:15 | ml_trading | INFO | Fold 94: train=6154, test=50, purge=12, embargo=12
2026-06-23 13:07:17 | ml_trading | INFO | Fold 95: train=6216, test=50, purge=12, embargo=12
2026-06-23 13:07:19 | ml_trading | INFO | Fold 96: train=6278, test=50, purge=12, embargo=12
2026-06-23 13:07:21 | ml_trading | INFO | Fold 97: train=6340, test=50, purge=12, embargo=12
2026-06-23 13:07:22 | ml_trading | INFO | Fold 98: train=6402, test=50, purge=12, embargo=12
2026-06-23 13:07:24 | ml_trading | INFO | Fold 99: train=6464, test=50, purge=12, embargo=12
2026-06-23 13:07:26 | ml_trading | INFO | Fold 100: train=6526, test=50, purge=12, embargo=12
2026-06-23 13:07:28 | ml_trading | INFO | Fold 101: train=6588, test=50, purge=12, embargo=12
2026-06-23 13:07:30 | ml_trading | INFO | Fold 102: train=6650, test=50, purge=12, embargo=12
2026-06-23 13:07:32 | ml_trading | INFO | Fold 103: train=6712, test=50, purge=12, embargo=12
2026-06-23 13:07:34 | ml_trading | INFO | Fold 104: train=6774, test=50, purge=12, embargo=12
2026-06-23 13:07:37 | ml_trading | INFO | Fold 105: train=6836, test=50, purge=12, embargo=12
2026-06-23 13:07:39 | ml_trading | INFO | Fold 106: train=6898, test=50, purge=12, embargo=12
2026-06-23 13:07:41 | ml_trading | INFO | Fold 107: train=6960, test=50, purge=12, embargo=12
2026-06-23 13:07:43 | ml_trading | INFO | Fold 108: train=7022, test=50, purge=12, embargo=12
2026-06-23 13:07:45 | ml_trading | INFO | Fold 109: train=7084, test=50, purge=12, embargo=12
2026-06-23 13:07:47 | ml_trading | INFO | Fold 110: train=7146, test=50, purge=12, embargo=12
2026-06-23 13:07:48 | ml_trading | INFO | Fold 111: train=7208, test=50, purge=12, embargo=12
2026-06-23 13:07:50 | ml_trading | INFO | Fold 112: train=7270, test=50, purge=12, embargo=12
2026-06-23 13:07:52 | ml_trading | INFO | Fold 113: train=7332, test=50, purge=12, embargo=12
2026-06-23 13:07:53 | ml_trading | INFO | Fold 114: train=7394, test=50, purge=12, embargo=12
2026-06-23 13:07:55 | ml_trading | INFO | Fold 115: train=7456, test=50, purge=12, embargo=12
2026-06-23 13:07:57 | ml_trading | INFO | Fold 116: train=7518, test=50, purge=12, embargo=12
2026-06-23 13:07:59 | ml_trading | INFO | Fold 117: train=7580, test=50, purge=12, embargo=12
2026-06-23 13:08:01 | ml_trading | INFO | Fold 118: train=7642, test=50, purge=12, embargo=12
2026-06-23 13:08:03 | ml_trading | INFO | Fold 119: train=7704, test=50, purge=12, embargo=12
2026-06-23 13:08:05 | ml_trading | INFO | Fold 120: train=7766, test=50, purge=12, embargo=12
2026-06-23 13:08:07 | ml_trading | INFO | Fold 121: train=7828, test=50, purge=12, embargo=12
2026-06-23 13:08:09 | ml_trading | INFO | Fold 122: train=7890, test=50, purge=12, embargo=12
2026-06-23 13:08:11 | ml_trading | INFO | Fold 123: train=7952, test=50, purge=12, embargo=12
2026-06-23 13:08:13 | ml_trading | INFO | Fold 124: train=8014, test=50, purge=12, embargo=12
2026-06-23 13:08:38 | ml_trading | INFO | Fold 125: train=8076, test=50, purge=12, embargo=12
2026-06-23 13:08:55 | ml_trading | INFO | Fold 126: train=8138, test=50, purge=12, embargo=12
2026-06-23 13:09:07 | ml_trading | INFO | Fold 127: train=8200, test=50, purge=12, embargo=12
2026-06-23 13:09:09 | ml_trading | INFO | Fold 128: train=8262, test=50, purge=12, embargo=12
2026-06-23 13:09:12 | ml_trading | INFO | Fold 129: train=8324, test=50, purge=12, embargo=12
2026-06-23 13:09:14 | ml_trading | INFO | Fold 130: train=8386, test=50, purge=12, embargo=12
2026-06-23 13:09:16 | ml_trading | INFO | Fold 131: train=8448, test=50, purge=12, embargo=12
2026-06-23 13:09:18 | ml_trading | INFO | Fold 132: train=8510, test=50, purge=12, embargo=12
2026-06-23 13:09:20 | ml_trading | INFO | Fold 133: train=8572, test=50, purge=12, embargo=12
2026-06-23 13:09:22 | ml_trading | INFO | Fold 134: train=8634, test=50, purge=12, embargo=12
2026-06-23 13:09:24 | ml_trading | INFO | Fold 135: train=8696, test=50, purge=12, embargo=12
2026-06-23 13:09:25 | ml_trading | INFO | Fold 136: train=8758, test=50, purge=12, embargo=12
2026-06-23 13:09:28 | ml_trading | INFO | Fold 137: train=8820, test=50, purge=12, embargo=12
2026-06-23 13:09:30 | ml_trading | INFO | Fold 138: train=8882, test=50, purge=12, embargo=12
2026-06-23 13:09:32 | ml_trading | INFO | Fold 139: train=8944, test=50, purge=12, embargo=12
2026-06-23 13:09:34 | ml_trading | INFO | Fold 140: train=9006, test=50, purge=12, embargo=12
2026-06-23 13:09:35 | ml_trading | INFO | Fold 141: train=9068, test=50, purge=12, embargo=12
2026-06-23 13:09:38 | ml_trading | INFO | Fold 142: train=9130, test=50, purge=12, embargo=12
2026-06-23 13:09:41 | ml_trading | INFO | Fold 143: train=9192, test=50, purge=12, embargo=12
2026-06-23 13:09:43 | ml_trading | INFO | Fold 144: train=9254, test=50, purge=12, embargo=12
2026-06-23 13:09:45 | ml_trading | INFO | Fold 145: train=9316, test=50, purge=12, embargo=12
2026-06-23 13:09:47 | ml_trading | INFO | Fold 146: train=9378, test=50, purge=12, embargo=12
2026-06-23 13:09:49 | ml_trading | INFO | Fold 147: train=9440, test=50, purge=12, embargo=12
2026-06-23 13:09:51 | ml_trading | INFO | Fold 148: train=9502, test=50, purge=12, embargo=12
2026-06-23 13:09:53 | ml_trading | INFO | Fold 149: train=9564, test=50, purge=12, embargo=12
2026-06-23 13:09:55 | ml_trading | INFO | Fold 150: train=9626, test=50, purge=12, embargo=12
2026-06-23 13:09:57 | ml_trading | INFO | Fold 151: train=9688, test=50, purge=12, embargo=12
2026-06-23 13:09:59 | ml_trading | INFO | Fold 152: train=9750, test=50, purge=12, embargo=12
2026-06-23 13:10:02 | ml_trading | INFO | Fold 153: train=9812, test=50, purge=12, embargo=12
2026-06-23 13:10:06 | ml_trading | INFO | Fold 154: train=9874, test=50, purge=12, embargo=12
2026-06-23 13:10:09 | ml_trading | INFO | Fold 155: train=9936, test=50, purge=12, embargo=12
2026-06-23 13:10:11 | ml_trading | INFO | Fold 156: train=9998, test=50, purge=12, embargo=12
2026-06-23 13:10:13 | ml_trading | INFO | Fold 157: train=10060, test=50, purge=12, embargo=12
2026-06-23 13:10:16 | ml_trading | INFO | Fold 158: train=10122, test=50, purge=12, embargo=12
2026-06-23 13:10:17 | ml_trading | INFO | Fold 159: train=10184, test=50, purge=12, embargo=12
2026-06-23 13:10:20 | ml_trading | INFO | Fold 160: train=10246, test=50, purge=12, embargo=12
2026-06-23 13:10:22 | ml_trading | INFO | Fold 161: train=10308, test=50, purge=12, embargo=12
2026-06-23 13:10:24 | ml_trading | INFO | Fold 162: train=10370, test=50, purge=12, embargo=12
2026-06-23 13:10:26 | ml_trading | INFO | Fold 163: train=10432, test=50, purge=12, embargo=12
2026-06-23 13:10:29 | ml_trading | INFO | Fold 164: train=10494, test=50, purge=12, embargo=12
2026-06-23 13:10:31 | ml_trading | INFO | Fold 165: train=10556, test=50, purge=12, embargo=12
2026-06-23 13:10:33 | ml_trading | INFO | Fold 166: train=10618, test=50, purge=12, embargo=12
2026-06-23 13:10:35 | ml_trading | INFO | Fold 167: train=10680, test=50, purge=12, embargo=12
2026-06-23 13:10:37 | ml_trading | INFO | Fold 168: train=10742, test=50, purge=12, embargo=12
2026-06-23 13:10:40 | ml_trading | INFO | Fold 169: train=10804, test=50, purge=12, embargo=12
2026-06-23 13:10:43 | ml_trading | INFO | Fold 170: train=10866, test=50, purge=12, embargo=12
2026-06-23 13:10:45 | ml_trading | INFO | Fold 171: train=10928, test=50, purge=12, embargo=12
2026-06-23 13:10:48 | ml_trading | INFO | Fold 172: train=10990, test=50, purge=12, embargo=12
2026-06-23 13:10:50 | ml_trading | INFO | Fold 173: train=11052, test=50, purge=12, embargo=12
2026-06-23 13:10:52 | ml_trading | INFO | Fold 174: train=11114, test=50, purge=12, embargo=12
2026-06-23 13:10:55 | ml_trading | INFO | Fold 175: train=11176, test=50, purge=12, embargo=12
2026-06-23 13:10:57 | ml_trading | INFO | Fold 176: train=11238, test=50, purge=12, embargo=12
2026-06-23 13:10:59 | ml_trading | INFO | Fold 177: train=11300, test=50, purge=12, embargo=12
2026-06-23 13:11:01 | ml_trading | INFO | Fold 178: train=11362, test=50, purge=12, embargo=12
2026-06-23 13:11:04 | ml_trading | INFO | Fold 179: train=11424, test=50, purge=12, embargo=12
2026-06-23 13:11:06 | ml_trading | INFO | Fold 180: train=11486, test=50, purge=12, embargo=12
2026-06-23 13:11:08 | ml_trading | INFO | Fold 181: train=11548, test=50, purge=12, embargo=12
2026-06-23 13:11:10 | ml_trading | INFO | Fold 182: train=11610, test=50, purge=12, embargo=12
2026-06-23 13:11:12 | ml_trading | INFO | Fold 183: train=11672, test=50, purge=12, embargo=12
2026-06-23 13:11:15 | ml_trading | INFO | Fold 184: train=11734, test=50, purge=12, embargo=12
2026-06-23 13:11:17 | ml_trading | INFO | Fold 185: train=11796, test=50, purge=12, embargo=12
2026-06-23 13:11:19 | ml_trading | INFO | Fold 186: train=11858, test=50, purge=12, embargo=12
2026-06-23 13:11:22 | ml_trading | INFO | Fold 187: train=11920, test=50, purge=12, embargo=12
2026-06-23 13:11:24 | ml_trading | INFO | Fold 188: train=11982, test=50, purge=12, embargo=12
2026-06-23 13:11:26 | ml_trading | INFO | Fold 189: train=12044, test=50, purge=12, embargo=12
2026-06-23 13:11:28 | ml_trading | INFO | Fold 190: train=12106, test=50, purge=12, embargo=12
2026-06-23 13:11:31 | ml_trading | INFO | Fold 191: train=12168, test=50, purge=12, embargo=12
2026-06-23 13:11:33 | ml_trading | INFO | Fold 192: train=12230, test=50, purge=12, embargo=12
2026-06-23 13:11:35 | ml_trading | INFO | Fold 193: train=12292, test=50, purge=12, embargo=12
2026-06-23 13:11:38 | ml_trading | INFO | Fold 194: train=12354, test=50, purge=12, embargo=12
2026-06-23 13:11:39 | ml_trading | INFO | Fold 195: train=12416, test=50, purge=12, embargo=12
2026-06-23 13:11:43 | ml_trading | INFO | Fold 196: train=12478, test=50, purge=12, embargo=12
2026-06-23 13:11:46 | ml_trading | INFO | Fold 197: train=12540, test=50, purge=12, embargo=12
2026-06-23 13:11:48 | ml_trading | INFO | Fold 198: train=12602, test=50, purge=12, embargo=12
2026-06-23 13:11:50 | ml_trading | INFO | Fold 199: train=12664, test=50, purge=12, embargo=12
2026-06-23 13:11:52 | ml_trading | INFO | Fold 200: train=12726, test=50, purge=12, embargo=12
2026-06-23 13:11:54 | ml_trading | INFO | Fold 201: train=12788, test=50, purge=12, embargo=12
2026-06-23 13:11:57 | ml_trading | INFO | Fold 202: train=12850, test=50, purge=12, embargo=12
2026-06-23 13:11:59 | ml_trading | INFO | Fold 203: train=12912, test=50, purge=12, embargo=12
2026-06-23 13:12:03 | ml_trading | INFO | Fold 204: train=12974, test=50, purge=12, embargo=12
2026-06-23 13:12:05 | ml_trading | INFO | Fold 205: train=13036, test=50, purge=12, embargo=12
2026-06-23 13:12:07 | ml_trading | INFO | Fold 206: train=13098, test=50, purge=12, embargo=12
2026-06-23 13:12:10 | ml_trading | INFO | Fold 207: train=13160, test=50, purge=12, embargo=12
2026-06-23 13:12:13 | ml_trading | INFO | Fold 208: train=13222, test=50, purge=12, embargo=12
2026-06-23 13:12:15 | ml_trading | INFO | Fold 209: train=13284, test=50, purge=12, embargo=12
2026-06-23 13:12:18 | ml_trading | INFO | Fold 210: train=13346, test=50, purge=12, embargo=12
2026-06-23 13:12:20 | ml_trading | INFO | Fold 211: train=13408, test=50, purge=12, embargo=12
2026-06-23 13:12:22 | ml_trading | INFO | Fold 212: train=13470, test=50, purge=12, embargo=12
2026-06-23 13:12:25 | ml_trading | INFO | Fold 213: train=13532, test=50, purge=12, embargo=12
2026-06-23 13:12:27 | ml_trading | INFO | Fold 214: train=13594, test=50, purge=12, embargo=12
2026-06-23 13:12:29 | ml_trading | INFO | Fold 215: train=13656, test=50, purge=12, embargo=12
2026-06-23 13:12:31 | ml_trading | INFO | Fold 216: train=13718, test=50, purge=12, embargo=12
2026-06-23 13:12:34 | ml_trading | INFO | Fold 217: train=13780, test=50, purge=12, embargo=12
2026-06-23 13:12:36 | ml_trading | INFO | Fold 218: train=13842, test=50, purge=12, embargo=12
2026-06-23 13:12:38 | ml_trading | INFO | Fold 219: train=13904, test=50, purge=12, embargo=12
2026-06-23 13:12:40 | ml_trading | INFO | Fold 220: train=13966, test=50, purge=12, embargo=12
2026-06-23 13:12:44 | ml_trading | INFO | Fold 221: train=14028, test=50, purge=12, embargo=12
2026-06-23 13:12:46 | ml_trading | INFO | Fold 222: train=14090, test=50, purge=12, embargo=12
2026-06-23 13:12:49 | ml_trading | INFO | Fold 223: train=14152, test=50, purge=12, embargo=12
2026-06-23 13:12:51 | ml_trading | INFO | Fold 224: train=14214, test=50, purge=12, embargo=12
2026-06-23 13:12:54 | ml_trading | INFO | Fold 225: train=14276, test=50, purge=12, embargo=12
2026-06-23 13:12:56 | ml_trading | INFO | Fold 226: train=14338, test=50, purge=12, embargo=12
2026-06-23 13:12:59 | ml_trading | INFO | Fold 227: train=14400, test=50, purge=12, embargo=12
2026-06-23 13:13:01 | ml_trading | INFO | Fold 228: train=14462, test=50, purge=12, embargo=12
2026-06-23 13:13:03 | ml_trading | INFO | Fold 229: train=14524, test=50, purge=12, embargo=12
2026-06-23 13:13:07 | ml_trading | INFO | Fold 230: train=14586, test=50, purge=12, embargo=12
2026-06-23 13:13:09 | ml_trading | INFO | Fold 231: train=14648, test=50, purge=12, embargo=12
2026-06-23 13:13:12 | ml_trading | INFO | Fold 232: train=14710, test=50, purge=12, embargo=12
2026-06-23 13:13:15 | ml_trading | INFO | Fold 233: train=14772, test=50, purge=12, embargo=12
2026-06-23 13:13:18 | ml_trading | INFO | Fold 234: train=14834, test=50, purge=12, embargo=12
2026-06-23 13:13:20 | ml_trading | INFO | Fold 235: train=14896, test=50, purge=12, embargo=12
2026-06-23 13:13:22 | ml_trading | INFO | Fold 236: train=14958, test=50, purge=12, embargo=12
2026-06-23 13:13:25 | ml_trading | INFO | Fold 237: train=15020, test=50, purge=12, embargo=12
2026-06-23 13:13:27 | ml_trading | INFO | Fold 238: train=15082, test=50, purge=12, embargo=12
2026-06-23 13:13:29 | ml_trading | INFO | Fold 239: train=15144, test=50, purge=12, embargo=12
2026-06-23 13:13:31 | ml_trading | INFO | Fold 240: train=15206, test=50, purge=12, embargo=12
2026-06-23 13:13:34 | ml_trading | INFO | Fold 241: train=15268, test=50, purge=12, embargo=12
2026-06-23 13:13:37 | ml_trading | INFO | Fold 242: train=15330, test=50, purge=12, embargo=12
2026-06-23 13:13:40 | ml_trading | INFO | Fold 243: train=15392, test=50, purge=12, embargo=12
2026-06-23 13:13:42 | ml_trading | INFO | Fold 244: train=15454, test=50, purge=12, embargo=12
2026-06-23 13:13:46 | ml_trading | INFO | Fold 245: train=15516, test=50, purge=12, embargo=12
2026-06-23 13:13:53 | ml_trading | INFO | Fold 246: train=15578, test=50, purge=12, embargo=12
2026-06-23 13:13:57 | ml_trading | INFO | Fold 247: train=15640, test=50, purge=12, embargo=12
2026-06-23 13:13:59 | ml_trading | INFO | Fold 248: train=15702, test=50, purge=12, embargo=12
2026-06-23 13:14:01 | ml_trading | INFO | Fold 249: train=15764, test=50, purge=12, embargo=12
2026-06-23 13:14:05 | ml_trading | INFO | Fold 250: train=15826, test=50, purge=12, embargo=12
2026-06-23 13:14:07 | ml_trading | INFO | Fold 251: train=15888, test=50, purge=12, embargo=12
2026-06-23 13:14:10 | ml_trading | INFO | Fold 252: train=15950, test=50, purge=12, embargo=12
2026-06-23 13:14:12 | ml_trading | INFO | Fold 253: train=16012, test=50, purge=12, embargo=12
2026-06-23 13:14:15 | ml_trading | INFO | Fold 254: train=16074, test=50, purge=12, embargo=12
2026-06-23 13:14:18 | ml_trading | INFO | Fold 255: train=16136, test=50, purge=12, embargo=12
2026-06-23 13:14:25 | ml_trading | INFO | Fold 256: train=16198, test=50, purge=12, embargo=12
2026-06-23 13:14:28 | ml_trading | INFO | Fold 257: train=16260, test=50, purge=12, embargo=12
2026-06-23 13:14:30 | ml_trading | INFO | Fold 258: train=16322, test=50, purge=12, embargo=12
2026-06-23 13:14:33 | ml_trading | INFO | Fold 259: train=16384, test=50, purge=12, embargo=12
2026-06-23 13:14:35 | ml_trading | INFO | Fold 260: train=16446, test=50, purge=12, embargo=12
2026-06-23 13:14:38 | ml_trading | INFO | Fold 261: train=16508, test=50, purge=12, embargo=12
2026-06-23 13:14:40 | ml_trading | INFO | Fold 262: train=16570, test=50, purge=12, embargo=12
2026-06-23 13:14:43 | ml_trading | INFO | Fold 263: train=16632, test=50, purge=12, embargo=12
2026-06-23 13:14:46 | ml_trading | INFO | Fold 264: train=16694, test=50, purge=12, embargo=12
2026-06-23 13:14:49 | ml_trading | INFO | Fold 265: train=16756, test=50, purge=12, embargo=12
2026-06-23 13:14:52 | ml_trading | INFO | Fold 266: train=16818, test=50, purge=12, embargo=12
2026-06-23 13:14:55 | ml_trading | INFO | Fold 267: train=16880, test=50, purge=12, embargo=12
2026-06-23 13:14:58 | ml_trading | INFO | Fold 268: train=16942, test=50, purge=12, embargo=12
2026-06-23 13:15:00 | ml_trading | INFO | Fold 269: train=17004, test=50, purge=12, embargo=12
2026-06-23 13:15:05 | ml_trading | INFO | Fold 270: train=17066, test=50, purge=12, embargo=12
2026-06-23 13:15:08 | ml_trading | INFO | Fold 271: train=17128, test=50, purge=12, embargo=12
2026-06-23 13:15:11 | ml_trading | INFO | Fold 272: train=17190, test=50, purge=12, embargo=12
2026-06-23 13:15:14 | ml_trading | INFO | Fold 273: train=17252, test=50, purge=12, embargo=12
2026-06-23 13:15:16 | ml_trading | INFO | Fold 274: train=17314, test=50, purge=12, embargo=12
2026-06-23 13:15:20 | ml_trading | INFO | Fold 275: train=17376, test=50, purge=12, embargo=12
2026-06-23 13:15:23 | ml_trading | INFO | Fold 276: train=17438, test=50, purge=12, embargo=12
2026-06-23 13:15:26 | ml_trading | INFO | Walk-forward validation complete: 276 folds
2026-06-23 13:15:26 | ml_trading | INFO | Avg F1 - Short: 0.548, Neutral: 0.342, Long: 0.100
2026-06-23 13:15:26 | ml_trading | INFO | Training final xgboost model on 17542 samples
2026-06-23 13:15:28 | ml_trading | INFO | Model saved to /root/app/ml-project/ml-trading-dashboard/ml_service/storage/models/candidates/LINKUSDT_1h_xgboost_20260623_131528.pkl
2026-06-23 13:15:28 | ml_trading | INFO | Saved calibration artifact: LINKUSDT_1h_xgboost_20260623_131528_calibration.pkl (chosen=isotonic)
2026-06-23 13:15:28 | ml_trading | INFO | Calibration metrics (holdout=50): raw: ECE=0.186 LL=0.898 Brier=0.574 | platt: ECE=0.123 LL=0.763 Brier=0.470 | isotonic: ECE=0.122 LL=0.616 Brier=0.360  → chosen: isotonic

================================================================================
TRAINING COMPLETE
================================================================================
Model: xgboost
Folds: 276

F1 Scores:
  Short:   0.548
  Neutral: 0.342
  Long:    0.100
  Weighted: 0.435

Model saved: /root/app/ml-project/ml-trading-dashboard/ml_service/storage/models/candidates/LINKUSDT_1h_xgboost_20260623_131528.pkl
================================================================================

Finished LINKUSDT 1h

=================================================
TRAINING LINKUSDT 4h
=================================================

Training model for LINKUSDT 4h...
2026-06-23 13:15:33 | ml_trading | INFO | Database schema initialized
2026-06-23 13:15:33 | ml_trading | INFO | Database initialized at /root/app/ml-project/ml-trading-dashboard/ml_service/storage/database.db
Loaded 4440 candles
Loaded 4440 BTC candles for correlation
Loaded 691 ES_proxy candles for correlation
2026-06-23 13:15:34 | ml_trading | INFO | [horizon] forward_periods=12 (source: /root/app/ml-project/ml-trading-dashboard/ml_service/config.yaml)
2026-06-23 13:15:34 | ml_trading | INFO | Starting training for LINKUSDT 4h
2026-06-23 13:15:34 | ml_trading | INFO |   Labeling method: triple_barrier
2026-06-23 13:15:34 | ml_trading | INFO |   Forward periods: 12
2026-06-23 13:15:34 | ml_trading | INFO |   TP multiplier: 3.0x ATR
2026-06-23 13:15:34 | ml_trading | INFO |   SL multiplier: 1.5x ATR
2026-06-23 13:15:34 | ml_trading | INFO | Found tuned hyperparameters for LINKUSDT 4h
2026-06-23 13:15:34 | ml_trading | INFO | Model type: lightgbm, F1: 0.4257
[!] VWAP requires an ordered DatetimeIndex.
2026-06-23 13:16:09 | ml_trading | INFO | Fetched 200 funding rate records for LINKUSDT
2026-06-23 13:16:12 | ml_trading | INFO | Clean dataset: 4224 rows after dropping NaN
2026-06-23 13:16:12 | ml_trading | INFO | Fold 1: train=388, test=50, purge=12, embargo=12
2026-06-23 13:16:13 | ml_trading | INFO | Fold 2: train=450, test=50, purge=12, embargo=12
2026-06-23 13:16:14 | ml_trading | INFO | Fold 3: train=512, test=50, purge=12, embargo=12
2026-06-23 13:16:15 | ml_trading | INFO | Fold 4: train=574, test=50, purge=12, embargo=12
2026-06-23 13:16:17 | ml_trading | INFO | Fold 5: train=636, test=50, purge=12, embargo=12
2026-06-23 13:16:19 | ml_trading | INFO | Fold 6: train=698, test=50, purge=12, embargo=12
2026-06-23 13:16:20 | ml_trading | INFO | Fold 7: train=760, test=50, purge=12, embargo=12
2026-06-23 13:16:21 | ml_trading | INFO | Fold 8: train=822, test=50, purge=12, embargo=12
2026-06-23 13:16:23 | ml_trading | INFO | Fold 9: train=884, test=50, purge=12, embargo=12
2026-06-23 13:16:24 | ml_trading | INFO | Fold 10: train=946, test=50, purge=12, embargo=12
2026-06-23 13:16:25 | ml_trading | INFO | Fold 11: train=1008, test=50, purge=12, embargo=12
2026-06-23 13:16:27 | ml_trading | INFO | Fold 12: train=1070, test=50, purge=12, embargo=12
2026-06-23 13:16:29 | ml_trading | INFO | Fold 13: train=1132, test=50, purge=12, embargo=12
2026-06-23 13:16:31 | ml_trading | INFO | Fold 14: train=1194, test=50, purge=12, embargo=12
2026-06-23 13:16:32 | ml_trading | INFO | Fold 15: train=1256, test=50, purge=12, embargo=12
2026-06-23 13:16:34 | ml_trading | INFO | Fold 16: train=1318, test=50, purge=12, embargo=12
2026-06-23 13:16:35 | ml_trading | INFO | Fold 17: train=1380, test=50, purge=12, embargo=12
2026-06-23 13:16:37 | ml_trading | INFO | Fold 18: train=1442, test=50, purge=12, embargo=12
2026-06-23 13:16:38 | ml_trading | INFO | Fold 19: train=1504, test=50, purge=12, embargo=12
2026-06-23 13:16:40 | ml_trading | INFO | Fold 20: train=1566, test=50, purge=12, embargo=12
2026-06-23 13:16:42 | ml_trading | INFO | Fold 21: train=1628, test=50, purge=12, embargo=12
2026-06-23 13:16:43 | ml_trading | INFO | Fold 22: train=1690, test=50, purge=12, embargo=12
2026-06-23 13:16:45 | ml_trading | INFO | Fold 23: train=1752, test=50, purge=12, embargo=12
2026-06-23 13:16:47 | ml_trading | INFO | Fold 24: train=1814, test=50, purge=12, embargo=12
2026-06-23 13:16:48 | ml_trading | INFO | Fold 25: train=1876, test=50, purge=12, embargo=12
2026-06-23 13:16:52 | ml_trading | INFO | Fold 26: train=1938, test=50, purge=12, embargo=12
2026-06-23 13:16:54 | ml_trading | INFO | Fold 27: train=2000, test=50, purge=12, embargo=12
2026-06-23 13:16:56 | ml_trading | INFO | Fold 28: train=2062, test=50, purge=12, embargo=12
2026-06-23 13:16:58 | ml_trading | INFO | Fold 29: train=2124, test=50, purge=12, embargo=12
2026-06-23 13:17:03 | ml_trading | INFO | Fold 30: train=2186, test=50, purge=12, embargo=12
2026-06-23 13:17:10 | ml_trading | INFO | Fold 31: train=2248, test=50, purge=12, embargo=12
2026-06-23 13:17:15 | ml_trading | INFO | Fold 32: train=2310, test=50, purge=12, embargo=12
2026-06-23 13:17:17 | ml_trading | INFO | Fold 33: train=2372, test=50, purge=12, embargo=12
2026-06-23 13:17:21 | ml_trading | INFO | Fold 34: train=2434, test=50, purge=12, embargo=12
2026-06-23 13:17:24 | ml_trading | INFO | Fold 35: train=2496, test=50, purge=12, embargo=12
2026-06-23 13:17:27 | ml_trading | INFO | Fold 36: train=2558, test=50, purge=12, embargo=12
2026-06-23 13:17:30 | ml_trading | INFO | Fold 37: train=2620, test=50, purge=12, embargo=12
2026-06-23 13:17:32 | ml_trading | INFO | Fold 38: train=2682, test=50, purge=12, embargo=12
2026-06-23 13:17:34 | ml_trading | INFO | Fold 39: train=2744, test=50, purge=12, embargo=12
2026-06-23 13:17:36 | ml_trading | INFO | Fold 40: train=2806, test=50, purge=12, embargo=12
2026-06-23 13:17:39 | ml_trading | INFO | Fold 41: train=2868, test=50, purge=12, embargo=12
2026-06-23 13:17:41 | ml_trading | INFO | Fold 42: train=2930, test=50, purge=12, embargo=12
2026-06-23 13:17:44 | ml_trading | INFO | Fold 43: train=2992, test=50, purge=12, embargo=12
2026-06-23 13:17:46 | ml_trading | INFO | Fold 44: train=3054, test=50, purge=12, embargo=12
2026-06-23 13:17:48 | ml_trading | INFO | Fold 45: train=3116, test=50, purge=12, embargo=12
2026-06-23 13:17:51 | ml_trading | INFO | Fold 46: train=3178, test=50, purge=12, embargo=12
2026-06-23 13:17:55 | ml_trading | INFO | Fold 47: train=3240, test=50, purge=12, embargo=12
2026-06-23 13:17:58 | ml_trading | INFO | Fold 48: train=3302, test=50, purge=12, embargo=12
2026-06-23 13:18:01 | ml_trading | INFO | Fold 49: train=3364, test=50, purge=12, embargo=12
2026-06-23 13:18:03 | ml_trading | INFO | Fold 50: train=3426, test=50, purge=12, embargo=12
2026-06-23 13:18:05 | ml_trading | INFO | Fold 51: train=3488, test=50, purge=12, embargo=12
2026-06-23 13:18:07 | ml_trading | INFO | Fold 52: train=3550, test=50, purge=12, embargo=12
2026-06-23 13:18:10 | ml_trading | INFO | Fold 53: train=3612, test=50, purge=12, embargo=12
2026-06-23 13:18:12 | ml_trading | INFO | Fold 54: train=3674, test=50, purge=12, embargo=12
2026-06-23 13:18:14 | ml_trading | INFO | Fold 55: train=3736, test=50, purge=12, embargo=12
2026-06-23 13:18:16 | ml_trading | INFO | Fold 56: train=3798, test=50, purge=12, embargo=12
2026-06-23 13:18:19 | ml_trading | INFO | Fold 57: train=3860, test=50, purge=12, embargo=12
2026-06-23 13:18:21 | ml_trading | INFO | Fold 58: train=3922, test=50, purge=12, embargo=12
2026-06-23 13:18:23 | ml_trading | INFO | Fold 59: train=3984, test=50, purge=12, embargo=12
2026-06-23 13:18:26 | ml_trading | INFO | Fold 60: train=4046, test=50, purge=12, embargo=12
2026-06-23 13:18:28 | ml_trading | INFO | Fold 61: train=4108, test=50, purge=12, embargo=12
2026-06-23 13:18:31 | ml_trading | INFO | Walk-forward validation complete: 61 folds
2026-06-23 13:18:31 | ml_trading | INFO | Avg F1 - Short: 0.556, Neutral: 0.295, Long: 0.097
2026-06-23 13:18:31 | ml_trading | INFO | Training final xgboost model on 4224 samples
2026-06-23 13:18:34 | ml_trading | INFO | Model saved to /root/app/ml-project/ml-trading-dashboard/ml_service/storage/models/candidates/LINKUSDT_4h_xgboost_20260623_131834.pkl
2026-06-23 13:18:34 | ml_trading | INFO | Saved calibration artifact: LINKUSDT_4h_xgboost_20260623_131834_calibration.pkl (chosen=platt)
2026-06-23 13:18:34 | ml_trading | INFO | Calibration metrics (holdout=50): raw: ECE=0.466 LL=1.514 Brier=0.931 | platt: ECE=0.031 LL=0.736 Brier=0.479 | isotonic: ECE=0.032 LL=0.671 Brier=0.444  → chosen: platt

================================================================================
TRAINING COMPLETE
================================================================================
Model: xgboost
Folds: 61

F1 Scores:
  Short:   0.556
  Neutral: 0.295
  Long:    0.097
  Weighted: 0.421

Model saved: /root/app/ml-project/ml-trading-dashboard/ml_service/storage/models/candidates/LINKUSDT_4h_xgboost_20260623_131834.pkl
================================================================================

Finished LINKUSDT 4h

=================================================
TRAINING LTCUSDT 1h
=================================================

Training model for LTCUSDT 1h...
2026-06-23 13:18:42 | ml_trading | INFO | Database schema initialized
2026-06-23 13:18:42 | ml_trading | INFO | Database initialized at /root/app/ml-project/ml-trading-dashboard/ml_service/storage/database.db
Loaded 17758 candles
Loaded 17758 BTC candles for correlation
Loaded 2414 ES_proxy candles for correlation
2026-06-23 13:18:42 | ml_trading | INFO | [horizon] forward_periods=12 (source: /root/app/ml-project/ml-trading-dashboard/ml_service/config.yaml)
2026-06-23 13:18:42 | ml_trading | INFO | Starting training for LTCUSDT 1h
2026-06-23 13:18:42 | ml_trading | INFO |   Labeling method: triple_barrier
2026-06-23 13:18:42 | ml_trading | INFO |   Forward periods: 12
2026-06-23 13:18:42 | ml_trading | INFO |   TP multiplier: 3.0x ATR
2026-06-23 13:18:42 | ml_trading | INFO |   SL multiplier: 1.5x ATR
[!] VWAP requires an ordered DatetimeIndex.
2026-06-23 13:21:27 | ml_trading | INFO | Fetched 200 funding rate records for LTCUSDT
2026-06-23 13:21:42 | ml_trading | INFO | Clean dataset: 17542 rows after dropping NaN
2026-06-23 13:21:42 | ml_trading | INFO | Fold 1: train=388, test=50, purge=12, embargo=12
2026-06-23 13:21:44 | ml_trading | INFO | Fold 2: train=450, test=50, purge=12, embargo=12
2026-06-23 13:21:46 | ml_trading | INFO | Fold 3: train=512, test=50, purge=12, embargo=12
2026-06-23 13:21:48 | ml_trading | INFO | Fold 4: train=574, test=50, purge=12, embargo=12
2026-06-23 13:21:50 | ml_trading | INFO | Fold 5: train=636, test=50, purge=12, embargo=12
2026-06-23 13:21:51 | ml_trading | INFO | Fold 6: train=698, test=50, purge=12, embargo=12
2026-06-23 13:21:53 | ml_trading | INFO | Fold 7: train=760, test=50, purge=12, embargo=12
2026-06-23 13:21:54 | ml_trading | INFO | Fold 8: train=822, test=50, purge=12, embargo=12
2026-06-23 13:21:57 | ml_trading | INFO | Fold 9: train=884, test=50, purge=12, embargo=12
2026-06-23 13:22:00 | ml_trading | INFO | Fold 10: train=946, test=50, purge=12, embargo=12
2026-06-23 13:22:02 | ml_trading | INFO | Fold 11: train=1008, test=50, purge=12, embargo=12
2026-06-23 13:22:04 | ml_trading | INFO | Fold 12: train=1070, test=50, purge=12, embargo=12
2026-06-23 13:22:07 | ml_trading | INFO | Fold 13: train=1132, test=50, purge=12, embargo=12
2026-06-23 13:22:08 | ml_trading | INFO | Fold 14: train=1194, test=50, purge=12, embargo=12
2026-06-23 13:22:11 | ml_trading | INFO | Fold 15: train=1256, test=50, purge=12, embargo=12
2026-06-23 13:22:13 | ml_trading | INFO | Fold 16: train=1318, test=50, purge=12, embargo=12
2026-06-23 13:22:15 | ml_trading | INFO | Fold 17: train=1380, test=50, purge=12, embargo=12
2026-06-23 13:22:18 | ml_trading | INFO | Fold 18: train=1442, test=50, purge=12, embargo=12
2026-06-23 13:22:20 | ml_trading | INFO | Fold 19: train=1504, test=50, purge=12, embargo=12
2026-06-23 13:22:22 | ml_trading | INFO | Fold 20: train=1566, test=50, purge=12, embargo=12
2026-06-23 13:22:24 | ml_trading | INFO | Fold 21: train=1628, test=50, purge=12, embargo=12
2026-06-23 13:22:27 | ml_trading | INFO | Fold 22: train=1690, test=50, purge=12, embargo=12
2026-06-23 13:22:29 | ml_trading | INFO | Fold 23: train=1752, test=50, purge=12, embargo=12
2026-06-23 13:22:32 | ml_trading | INFO | Fold 24: train=1814, test=50, purge=12, embargo=12
2026-06-23 13:22:34 | ml_trading | INFO | Fold 25: train=1876, test=50, purge=12, embargo=12
2026-06-23 13:22:36 | ml_trading | INFO | Fold 26: train=1938, test=50, purge=12, embargo=12
2026-06-23 13:22:38 | ml_trading | INFO | Fold 27: train=2000, test=50, purge=12, embargo=12
2026-06-23 13:22:40 | ml_trading | INFO | Fold 28: train=2062, test=50, purge=12, embargo=12
2026-06-23 13:22:42 | ml_trading | INFO | Fold 29: train=2124, test=50, purge=12, embargo=12
2026-06-23 13:22:44 | ml_trading | INFO | Fold 30: train=2186, test=50, purge=12, embargo=12
2026-06-23 13:22:46 | ml_trading | INFO | Fold 31: train=2248, test=50, purge=12, embargo=12
2026-06-23 13:22:48 | ml_trading | INFO | Fold 32: train=2310, test=50, purge=12, embargo=12
2026-06-23 13:22:50 | ml_trading | INFO | Fold 33: train=2372, test=50, purge=12, embargo=12
2026-06-23 13:22:53 | ml_trading | INFO | Fold 34: train=2434, test=50, purge=12, embargo=12
2026-06-23 13:22:55 | ml_trading | INFO | Fold 35: train=2496, test=50, purge=12, embargo=12
2026-06-23 13:22:57 | ml_trading | INFO | Fold 36: train=2558, test=50, purge=12, embargo=12
2026-06-23 13:22:59 | ml_trading | INFO | Fold 37: train=2620, test=50, purge=12, embargo=12
2026-06-23 13:23:04 | ml_trading | INFO | Fold 38: train=2682, test=50, purge=12, embargo=12
2026-06-23 13:23:07 | ml_trading | INFO | Fold 39: train=2744, test=50, purge=12, embargo=12
2026-06-23 13:23:10 | ml_trading | INFO | Fold 40: train=2806, test=50, purge=12, embargo=12
2026-06-23 13:23:12 | ml_trading | INFO | Fold 41: train=2868, test=50, purge=12, embargo=12
2026-06-23 13:23:15 | ml_trading | INFO | Fold 42: train=2930, test=50, purge=12, embargo=12
2026-06-23 13:23:18 | ml_trading | INFO | Fold 43: train=2992, test=50, purge=12, embargo=12
2026-06-23 13:23:21 | ml_trading | INFO | Fold 44: train=3054, test=50, purge=12, embargo=12
2026-06-23 13:23:28 | ml_trading | INFO | Fold 45: train=3116, test=50, purge=12, embargo=12
2026-06-23 13:23:31 | ml_trading | INFO | Fold 46: train=3178, test=50, purge=12, embargo=12
2026-06-23 13:23:36 | ml_trading | INFO | Fold 47: train=3240, test=50, purge=12, embargo=12
2026-06-23 13:23:39 | ml_trading | INFO | Fold 48: train=3302, test=50, purge=12, embargo=12
2026-06-23 13:23:41 | ml_trading | INFO | Fold 49: train=3364, test=50, purge=12, embargo=12
2026-06-23 13:23:45 | ml_trading | INFO | Fold 50: train=3426, test=50, purge=12, embargo=12
2026-06-23 13:23:49 | ml_trading | INFO | Fold 51: train=3488, test=50, purge=12, embargo=12
2026-06-23 13:23:52 | ml_trading | INFO | Fold 52: train=3550, test=50, purge=12, embargo=12
2026-06-23 13:23:55 | ml_trading | INFO | Fold 53: train=3612, test=50, purge=12, embargo=12
2026-06-23 13:23:58 | ml_trading | INFO | Fold 54: train=3674, test=50, purge=12, embargo=12
2026-06-23 13:24:00 | ml_trading | INFO | Fold 55: train=3736, test=50, purge=12, embargo=12
2026-06-23 13:24:05 | ml_trading | INFO | Fold 56: train=3798, test=50, purge=12, embargo=12
2026-06-23 13:24:09 | ml_trading | INFO | Fold 57: train=3860, test=50, purge=12, embargo=12
2026-06-23 13:24:14 | ml_trading | INFO | Fold 58: train=3922, test=50, purge=12, embargo=12
2026-06-23 13:24:17 | ml_trading | INFO | Fold 59: train=3984, test=50, purge=12, embargo=12
2026-06-23 13:24:25 | ml_trading | INFO | Fold 60: train=4046, test=50, purge=12, embargo=12
2026-06-23 13:24:28 | ml_trading | INFO | Fold 61: train=4108, test=50, purge=12, embargo=12
2026-06-23 13:24:31 | ml_trading | INFO | Fold 62: train=4170, test=50, purge=12, embargo=12
2026-06-23 13:24:35 | ml_trading | INFO | Fold 63: train=4232, test=50, purge=12, embargo=12
2026-06-23 13:24:38 | ml_trading | INFO | Fold 64: train=4294, test=50, purge=12, embargo=12
2026-06-23 13:24:41 | ml_trading | INFO | Fold 65: train=4356, test=50, purge=12, embargo=12
2026-06-23 13:24:44 | ml_trading | INFO | Fold 66: train=4418, test=50, purge=12, embargo=12
2026-06-23 13:24:47 | ml_trading | INFO | Fold 67: train=4480, test=50, purge=12, embargo=12
2026-06-23 13:24:50 | ml_trading | INFO | Fold 68: train=4542, test=50, purge=12, embargo=12
2026-06-23 13:24:52 | ml_trading | INFO | Fold 69: train=4604, test=50, purge=12, embargo=12
2026-06-23 13:24:54 | ml_trading | INFO | Fold 70: train=4666, test=50, purge=12, embargo=12
2026-06-23 13:24:57 | ml_trading | INFO | Fold 71: train=4728, test=50, purge=12, embargo=12
2026-06-23 13:25:00 | ml_trading | INFO | Fold 72: train=4790, test=50, purge=12, embargo=12
2026-06-23 13:25:13 | ml_trading | INFO | Fold 73: train=4852, test=50, purge=12, embargo=12
2026-06-23 13:25:18 | ml_trading | INFO | Fold 74: train=4914, test=50, purge=12, embargo=12
2026-06-23 13:25:21 | ml_trading | INFO | Fold 75: train=4976, test=50, purge=12, embargo=12
2026-06-23 13:25:24 | ml_trading | INFO | Fold 76: train=5038, test=50, purge=12, embargo=12
2026-06-23 13:25:28 | ml_trading | INFO | Fold 77: train=5100, test=50, purge=12, embargo=12
2026-06-23 13:25:33 | ml_trading | INFO | Fold 78: train=5162, test=50, purge=12, embargo=12
2026-06-23 13:25:37 | ml_trading | INFO | Fold 79: train=5224, test=50, purge=12, embargo=12
2026-06-23 13:25:43 | ml_trading | INFO | Fold 80: train=5286, test=50, purge=12, embargo=12
2026-06-23 13:25:46 | ml_trading | INFO | Fold 81: train=5348, test=50, purge=12, embargo=12
2026-06-23 13:25:51 | ml_trading | INFO | Fold 82: train=5410, test=50, purge=12, embargo=12
2026-06-23 13:25:54 | ml_trading | INFO | Fold 83: train=5472, test=50, purge=12, embargo=12
2026-06-23 13:25:56 | ml_trading | INFO | Fold 84: train=5534, test=50, purge=12, embargo=12
2026-06-23 13:26:00 | ml_trading | INFO | Fold 85: train=5596, test=50, purge=12, embargo=12
2026-06-23 13:26:05 | ml_trading | INFO | Fold 86: train=5658, test=50, purge=12, embargo=12
2026-06-23 13:26:10 | ml_trading | INFO | Fold 87: train=5720, test=50, purge=12, embargo=12
2026-06-23 13:26:15 | ml_trading | INFO | Fold 88: train=5782, test=50, purge=12, embargo=12
2026-06-23 13:26:18 | ml_trading | INFO | Fold 89: train=5844, test=50, purge=12, embargo=12
2026-06-23 13:26:20 | ml_trading | INFO | Fold 90: train=5906, test=50, purge=12, embargo=12
2026-06-23 13:26:23 | ml_trading | INFO | Fold 91: train=5968, test=50, purge=12, embargo=12
2026-06-23 13:26:25 | ml_trading | INFO | Fold 92: train=6030, test=50, purge=12, embargo=12
2026-06-23 13:26:27 | ml_trading | INFO | Fold 93: train=6092, test=50, purge=12, embargo=12
2026-06-23 13:26:30 | ml_trading | INFO | Fold 94: train=6154, test=50, purge=12, embargo=12
2026-06-23 13:26:33 | ml_trading | INFO | Fold 95: train=6216, test=50, purge=12, embargo=12
2026-06-23 13:26:35 | ml_trading | INFO | Fold 96: train=6278, test=50, purge=12, embargo=12
2026-06-23 13:26:38 | ml_trading | INFO | Fold 97: train=6340, test=50, purge=12, embargo=12
2026-06-23 13:26:41 | ml_trading | INFO | Fold 98: train=6402, test=50, purge=12, embargo=12
2026-06-23 13:26:43 | ml_trading | INFO | Fold 99: train=6464, test=50, purge=12, embargo=12
2026-06-23 13:26:46 | ml_trading | INFO | Fold 100: train=6526, test=50, purge=12, embargo=12
2026-06-23 13:26:49 | ml_trading | INFO | Fold 101: train=6588, test=50, purge=12, embargo=12
2026-06-23 13:26:52 | ml_trading | INFO | Fold 102: train=6650, test=50, purge=12, embargo=12
2026-06-23 13:26:55 | ml_trading | INFO | Fold 103: train=6712, test=50, purge=12, embargo=12
2026-06-23 13:26:57 | ml_trading | INFO | Fold 104: train=6774, test=50, purge=12, embargo=12
2026-06-23 13:27:02 | ml_trading | INFO | Fold 105: train=6836, test=50, purge=12, embargo=12
2026-06-23 13:27:29 | ml_trading | INFO | Fold 106: train=6898, test=50, purge=12, embargo=12
2026-06-23 13:27:38 | ml_trading | INFO | Fold 107: train=6960, test=50, purge=12, embargo=12
2026-06-23 13:27:40 | ml_trading | INFO | Fold 108: train=7022, test=50, purge=12, embargo=12
2026-06-23 13:27:43 | ml_trading | INFO | Fold 109: train=7084, test=50, purge=12, embargo=12
2026-06-23 13:27:45 | ml_trading | INFO | Fold 110: train=7146, test=50, purge=12, embargo=12
2026-06-23 13:27:48 | ml_trading | INFO | Fold 111: train=7208, test=50, purge=12, embargo=12
2026-06-23 13:27:50 | ml_trading | INFO | Fold 112: train=7270, test=50, purge=12, embargo=12
2026-06-23 13:27:53 | ml_trading | INFO | Fold 113: train=7332, test=50, purge=12, embargo=12
2026-06-23 13:27:56 | ml_trading | INFO | Fold 114: train=7394, test=50, purge=12, embargo=12
2026-06-23 13:27:58 | ml_trading | INFO | Fold 115: train=7456, test=50, purge=12, embargo=12
2026-06-23 13:28:01 | ml_trading | INFO | Fold 116: train=7518, test=50, purge=12, embargo=12
2026-06-23 13:28:04 | ml_trading | INFO | Fold 117: train=7580, test=50, purge=12, embargo=12
2026-06-23 13:28:06 | ml_trading | INFO | Fold 118: train=7642, test=50, purge=12, embargo=12
2026-06-23 13:28:09 | ml_trading | INFO | Fold 119: train=7704, test=50, purge=12, embargo=12
2026-06-23 13:28:13 | ml_trading | INFO | Fold 120: train=7766, test=50, purge=12, embargo=12
2026-06-23 13:28:16 | ml_trading | INFO | Fold 121: train=7828, test=50, purge=12, embargo=12
2026-06-23 13:28:18 | ml_trading | INFO | Fold 122: train=7890, test=50, purge=12, embargo=12
2026-06-23 13:28:21 | ml_trading | INFO | Fold 123: train=7952, test=50, purge=12, embargo=12
2026-06-23 13:28:23 | ml_trading | INFO | Fold 124: train=8014, test=50, purge=12, embargo=12
2026-06-23 13:28:26 | ml_trading | INFO | Fold 125: train=8076, test=50, purge=12, embargo=12
2026-06-23 13:28:28 | ml_trading | INFO | Fold 126: train=8138, test=50, purge=12, embargo=12
2026-06-23 13:28:30 | ml_trading | INFO | Fold 127: train=8200, test=50, purge=12, embargo=12
2026-06-23 13:28:32 | ml_trading | INFO | Fold 128: train=8262, test=50, purge=12, embargo=12
2026-06-23 13:28:35 | ml_trading | INFO | Fold 129: train=8324, test=50, purge=12, embargo=12
2026-06-23 13:28:37 | ml_trading | INFO | Fold 130: train=8386, test=50, purge=12, embargo=12
2026-06-23 13:28:39 | ml_trading | INFO | Fold 131: train=8448, test=50, purge=12, embargo=12
2026-06-23 13:28:41 | ml_trading | INFO | Fold 132: train=8510, test=50, purge=12, embargo=12
2026-06-23 13:28:44 | ml_trading | INFO | Fold 133: train=8572, test=50, purge=12, embargo=12
2026-06-23 13:28:46 | ml_trading | INFO | Fold 134: train=8634, test=50, purge=12, embargo=12
2026-06-23 13:28:48 | ml_trading | INFO | Fold 135: train=8696, test=50, purge=12, embargo=12
2026-06-23 13:28:50 | ml_trading | INFO | Fold 136: train=8758, test=50, purge=12, embargo=12
2026-06-23 13:28:52 | ml_trading | INFO | Fold 137: train=8820, test=50, purge=12, embargo=12
2026-06-23 13:28:54 | ml_trading | INFO | Fold 138: train=8882, test=50, purge=12, embargo=12
2026-06-23 13:28:56 | ml_trading | INFO | Fold 139: train=8944, test=50, purge=12, embargo=12
2026-06-23 13:28:58 | ml_trading | INFO | Fold 140: train=9006, test=50, purge=12, embargo=12
2026-06-23 13:29:00 | ml_trading | INFO | Fold 141: train=9068, test=50, purge=12, embargo=12
2026-06-23 13:29:02 | ml_trading | INFO | Fold 142: train=9130, test=50, purge=12, embargo=12
2026-06-23 13:29:04 | ml_trading | INFO | Fold 143: train=9192, test=50, purge=12, embargo=12
2026-06-23 13:29:07 | ml_trading | INFO | Fold 144: train=9254, test=50, purge=12, embargo=12
2026-06-23 13:29:09 | ml_trading | INFO | Fold 145: train=9316, test=50, purge=12, embargo=12
2026-06-23 13:29:11 | ml_trading | INFO | Fold 146: train=9378, test=50, purge=12, embargo=12
2026-06-23 13:29:15 | ml_trading | INFO | Fold 147: train=9440, test=50, purge=12, embargo=12
2026-06-23 13:29:17 | ml_trading | INFO | Fold 148: train=9502, test=50, purge=12, embargo=12
2026-06-23 13:29:19 | ml_trading | INFO | Fold 149: train=9564, test=50, purge=12, embargo=12
2026-06-23 13:29:21 | ml_trading | INFO | Fold 150: train=9626, test=50, purge=12, embargo=12
2026-06-23 13:29:24 | ml_trading | INFO | Fold 151: train=9688, test=50, purge=12, embargo=12
2026-06-23 13:29:26 | ml_trading | INFO | Fold 152: train=9750, test=50, purge=12, embargo=12
2026-06-23 13:29:29 | ml_trading | INFO | Fold 153: train=9812, test=50, purge=12, embargo=12
2026-06-23 13:29:31 | ml_trading | INFO | Fold 154: train=9874, test=50, purge=12, embargo=12
2026-06-23 13:29:33 | ml_trading | INFO | Fold 155: train=9936, test=50, purge=12, embargo=12
2026-06-23 13:29:38 | ml_trading | INFO | Fold 156: train=9998, test=50, purge=12, embargo=12
2026-06-23 13:29:43 | ml_trading | INFO | Fold 157: train=10060, test=50, purge=12, embargo=12
2026-06-23 13:29:46 | ml_trading | INFO | Fold 158: train=10122, test=50, purge=12, embargo=12
2026-06-23 13:29:48 | ml_trading | INFO | Fold 159: train=10184, test=50, purge=12, embargo=12
2026-06-23 13:29:51 | ml_trading | INFO | Fold 160: train=10246, test=50, purge=12, embargo=12
2026-06-23 13:29:53 | ml_trading | INFO | Fold 161: train=10308, test=50, purge=12, embargo=12
2026-06-23 13:29:55 | ml_trading | INFO | Fold 162: train=10370, test=50, purge=12, embargo=12
2026-06-23 13:29:57 | ml_trading | INFO | Fold 163: train=10432, test=50, purge=12, embargo=12
2026-06-23 13:29:59 | ml_trading | INFO | Fold 164: train=10494, test=50, purge=12, embargo=12
2026-06-23 13:30:05 | ml_trading | INFO | Fold 165: train=10556, test=50, purge=12, embargo=12
2026-06-23 13:30:11 | ml_trading | INFO | Fold 166: train=10618, test=50, purge=12, embargo=12
2026-06-23 13:30:18 | ml_trading | INFO | Fold 167: train=10680, test=50, purge=12, embargo=12
2026-06-23 13:30:21 | ml_trading | INFO | Fold 168: train=10742, test=50, purge=12, embargo=12
2026-06-23 13:30:23 | ml_trading | INFO | Fold 169: train=10804, test=50, purge=12, embargo=12
2026-06-23 13:30:26 | ml_trading | INFO | Fold 170: train=10866, test=50, purge=12, embargo=12
2026-06-23 13:30:29 | ml_trading | INFO | Fold 171: train=10928, test=50, purge=12, embargo=12
2026-06-23 13:30:32 | ml_trading | INFO | Fold 172: train=10990, test=50, purge=12, embargo=12
2026-06-23 13:30:35 | ml_trading | INFO | Fold 173: train=11052, test=50, purge=12, embargo=12
2026-06-23 13:30:42 | ml_trading | INFO | Fold 174: train=11114, test=50, purge=12, embargo=12
2026-06-23 13:30:45 | ml_trading | INFO | Fold 175: train=11176, test=50, purge=12, embargo=12
2026-06-23 13:30:49 | ml_trading | INFO | Fold 176: train=11238, test=50, purge=12, embargo=12
2026-06-23 13:30:52 | ml_trading | INFO | Fold 177: train=11300, test=50, purge=12, embargo=12
2026-06-23 13:30:54 | ml_trading | INFO | Fold 178: train=11362, test=50, purge=12, embargo=12
2026-06-23 13:30:57 | ml_trading | INFO | Fold 179: train=11424, test=50, purge=12, embargo=12
2026-06-23 13:30:59 | ml_trading | INFO | Fold 180: train=11486, test=50, purge=12, embargo=12
2026-06-23 13:31:02 | ml_trading | INFO | Fold 181: train=11548, test=50, purge=12, embargo=12
2026-06-23 13:31:04 | ml_trading | INFO | Fold 182: train=11610, test=50, purge=12, embargo=12
2026-06-23 13:31:07 | ml_trading | INFO | Fold 183: train=11672, test=50, purge=12, embargo=12
2026-06-23 13:31:09 | ml_trading | INFO | Fold 184: train=11734, test=50, purge=12, embargo=12
2026-06-23 13:31:12 | ml_trading | INFO | Fold 185: train=11796, test=50, purge=12, embargo=12
2026-06-23 13:31:14 | ml_trading | INFO | Fold 186: train=11858, test=50, purge=12, embargo=12
2026-06-23 13:31:18 | ml_trading | INFO | Fold 187: train=11920, test=50, purge=12, embargo=12
2026-06-23 13:31:20 | ml_trading | INFO | Fold 188: train=11982, test=50, purge=12, embargo=12
2026-06-23 13:31:22 | ml_trading | INFO | Fold 189: train=12044, test=50, purge=12, embargo=12
2026-06-23 13:31:25 | ml_trading | INFO | Fold 190: train=12106, test=50, purge=12, embargo=12
2026-06-23 13:31:28 | ml_trading | INFO | Fold 191: train=12168, test=50, purge=12, embargo=12
2026-06-23 13:31:30 | ml_trading | INFO | Fold 192: train=12230, test=50, purge=12, embargo=12
2026-06-23 13:31:33 | ml_trading | INFO | Fold 193: train=12292, test=50, purge=12, embargo=12
2026-06-23 13:31:36 | ml_trading | INFO | Fold 194: train=12354, test=50, purge=12, embargo=12
2026-06-23 13:31:39 | ml_trading | INFO | Fold 195: train=12416, test=50, purge=12, embargo=12
2026-06-23 13:31:41 | ml_trading | INFO | Fold 196: train=12478, test=50, purge=12, embargo=12
2026-06-23 13:31:44 | ml_trading | INFO | Fold 197: train=12540, test=50, purge=12, embargo=12
2026-06-23 13:31:46 | ml_trading | INFO | Fold 198: train=12602, test=50, purge=12, embargo=12
2026-06-23 13:31:48 | ml_trading | INFO | Fold 199: train=12664, test=50, purge=12, embargo=12
2026-06-23 13:31:50 | ml_trading | INFO | Fold 200: train=12726, test=50, purge=12, embargo=12
2026-06-23 13:31:53 | ml_trading | INFO | Fold 201: train=12788, test=50, purge=12, embargo=12
2026-06-23 13:31:55 | ml_trading | INFO | Fold 202: train=12850, test=50, purge=12, embargo=12
2026-06-23 13:31:57 | ml_trading | INFO | Fold 203: train=12912, test=50, purge=12, embargo=12
2026-06-23 13:32:00 | ml_trading | INFO | Fold 204: train=12974, test=50, purge=12, embargo=12
2026-06-23 13:32:04 | ml_trading | INFO | Fold 205: train=13036, test=50, purge=12, embargo=12
2026-06-23 13:32:06 | ml_trading | INFO | Fold 206: train=13098, test=50, purge=12, embargo=12
2026-06-23 13:32:08 | ml_trading | INFO | Fold 207: train=13160, test=50, purge=12, embargo=12
2026-06-23 13:32:10 | ml_trading | INFO | Fold 208: train=13222, test=50, purge=12, embargo=12
2026-06-23 13:32:12 | ml_trading | INFO | Fold 209: train=13284, test=50, purge=12, embargo=12
2026-06-23 13:32:15 | ml_trading | INFO | Fold 210: train=13346, test=50, purge=12, embargo=12
2026-06-23 13:32:17 | ml_trading | INFO | Fold 211: train=13408, test=50, purge=12, embargo=12
2026-06-23 13:32:20 | ml_trading | INFO | Fold 212: train=13470, test=50, purge=12, embargo=12
2026-06-23 13:32:22 | ml_trading | INFO | Fold 213: train=13532, test=50, purge=12, embargo=12
2026-06-23 13:32:24 | ml_trading | INFO | Fold 214: train=13594, test=50, purge=12, embargo=12
2026-06-23 13:32:26 | ml_trading | INFO | Fold 215: train=13656, test=50, purge=12, embargo=12
2026-06-23 13:32:29 | ml_trading | INFO | Fold 216: train=13718, test=50, purge=12, embargo=12
2026-06-23 13:32:30 | ml_trading | INFO | Fold 217: train=13780, test=50, purge=12, embargo=12
2026-06-23 13:32:33 | ml_trading | INFO | Fold 218: train=13842, test=50, purge=12, embargo=12
2026-06-23 13:32:35 | ml_trading | INFO | Fold 219: train=13904, test=50, purge=12, embargo=12
2026-06-23 13:32:38 | ml_trading | INFO | Fold 220: train=13966, test=50, purge=12, embargo=12
2026-06-23 13:32:40 | ml_trading | INFO | Fold 221: train=14028, test=50, purge=12, embargo=12
2026-06-23 13:32:42 | ml_trading | INFO | Fold 222: train=14090, test=50, purge=12, embargo=12
2026-06-23 13:32:44 | ml_trading | INFO | Fold 223: train=14152, test=50, purge=12, embargo=12
2026-06-23 13:32:46 | ml_trading | INFO | Fold 224: train=14214, test=50, purge=12, embargo=12
2026-06-23 13:32:48 | ml_trading | INFO | Fold 225: train=14276, test=50, purge=12, embargo=12
2026-06-23 13:32:50 | ml_trading | INFO | Fold 226: train=14338, test=50, purge=12, embargo=12
2026-06-23 13:32:52 | ml_trading | INFO | Fold 227: train=14400, test=50, purge=12, embargo=12
2026-06-23 13:32:54 | ml_trading | INFO | Fold 228: train=14462, test=50, purge=12, embargo=12
2026-06-23 13:32:56 | ml_trading | INFO | Fold 229: train=14524, test=50, purge=12, embargo=12
2026-06-23 13:32:58 | ml_trading | INFO | Fold 230: train=14586, test=50, purge=12, embargo=12
2026-06-23 13:33:00 | ml_trading | INFO | Fold 231: train=14648, test=50, purge=12, embargo=12
2026-06-23 13:33:02 | ml_trading | INFO | Fold 232: train=14710, test=50, purge=12, embargo=12
2026-06-23 13:33:05 | ml_trading | INFO | Fold 233: train=14772, test=50, purge=12, embargo=12
2026-06-23 13:33:07 | ml_trading | INFO | Fold 234: train=14834, test=50, purge=12, embargo=12
2026-06-23 13:33:10 | ml_trading | INFO | Fold 235: train=14896, test=50, purge=12, embargo=12
2026-06-23 13:33:12 | ml_trading | INFO | Fold 236: train=14958, test=50, purge=12, embargo=12
2026-06-23 13:33:14 | ml_trading | INFO | Fold 237: train=15020, test=50, purge=12, embargo=12
2026-06-23 13:33:16 | ml_trading | INFO | Fold 238: train=15082, test=50, purge=12, embargo=12
2026-06-23 13:33:18 | ml_trading | INFO | Fold 239: train=15144, test=50, purge=12, embargo=12
2026-06-23 13:33:21 | ml_trading | INFO | Fold 240: train=15206, test=50, purge=12, embargo=12
2026-06-23 13:33:23 | ml_trading | INFO | Fold 241: train=15268, test=50, purge=12, embargo=12
2026-06-23 13:33:25 | ml_trading | INFO | Fold 242: train=15330, test=50, purge=12, embargo=12
2026-06-23 13:33:28 | ml_trading | INFO | Fold 243: train=15392, test=50, purge=12, embargo=12
2026-06-23 13:33:30 | ml_trading | INFO | Fold 244: train=15454, test=50, purge=12, embargo=12
2026-06-23 13:33:32 | ml_trading | INFO | Fold 245: train=15516, test=50, purge=12, embargo=12
2026-06-23 13:33:34 | ml_trading | INFO | Fold 246: train=15578, test=50, purge=12, embargo=12
2026-06-23 13:33:37 | ml_trading | INFO | Fold 247: train=15640, test=50, purge=12, embargo=12
2026-06-23 13:33:39 | ml_trading | INFO | Fold 248: train=15702, test=50, purge=12, embargo=12
2026-06-23 13:33:41 | ml_trading | INFO | Fold 249: train=15764, test=50, purge=12, embargo=12
2026-06-23 13:33:44 | ml_trading | INFO | Fold 250: train=15826, test=50, purge=12, embargo=12
2026-06-23 13:33:46 | ml_trading | INFO | Fold 251: train=15888, test=50, purge=12, embargo=12
2026-06-23 13:33:48 | ml_trading | INFO | Fold 252: train=15950, test=50, purge=12, embargo=12
2026-06-23 13:33:50 | ml_trading | INFO | Fold 253: train=16012, test=50, purge=12, embargo=12
2026-06-23 13:33:53 | ml_trading | INFO | Fold 254: train=16074, test=50, purge=12, embargo=12
2026-06-23 13:33:55 | ml_trading | INFO | Fold 255: train=16136, test=50, purge=12, embargo=12
2026-06-23 13:33:57 | ml_trading | INFO | Fold 256: train=16198, test=50, purge=12, embargo=12
2026-06-23 13:33:59 | ml_trading | INFO | Fold 257: train=16260, test=50, purge=12, embargo=12
2026-06-23 13:34:02 | ml_trading | INFO | Fold 258: train=16322, test=50, purge=12, embargo=12
2026-06-23 13:34:04 | ml_trading | INFO | Fold 259: train=16384, test=50, purge=12, embargo=12
2026-06-23 13:34:06 | ml_trading | INFO | Fold 260: train=16446, test=50, purge=12, embargo=12
2026-06-23 13:34:08 | ml_trading | INFO | Fold 261: train=16508, test=50, purge=12, embargo=12
2026-06-23 13:34:11 | ml_trading | INFO | Fold 262: train=16570, test=50, purge=12, embargo=12
2026-06-23 13:34:13 | ml_trading | INFO | Fold 263: train=16632, test=50, purge=12, embargo=12
2026-06-23 13:34:16 | ml_trading | INFO | Fold 264: train=16694, test=50, purge=12, embargo=12
2026-06-23 13:34:18 | ml_trading | INFO | Fold 265: train=16756, test=50, purge=12, embargo=12
2026-06-23 13:34:22 | ml_trading | INFO | Fold 266: train=16818, test=50, purge=12, embargo=12
2026-06-23 13:34:25 | ml_trading | INFO | Fold 267: train=16880, test=50, purge=12, embargo=12
2026-06-23 13:34:27 | ml_trading | INFO | Fold 268: train=16942, test=50, purge=12, embargo=12
2026-06-23 13:34:29 | ml_trading | INFO | Fold 269: train=17004, test=50, purge=12, embargo=12
2026-06-23 13:34:32 | ml_trading | INFO | Fold 270: train=17066, test=50, purge=12, embargo=12
2026-06-23 13:34:34 | ml_trading | INFO | Fold 271: train=17128, test=50, purge=12, embargo=12
2026-06-23 13:34:37 | ml_trading | INFO | Fold 272: train=17190, test=50, purge=12, embargo=12
2026-06-23 13:34:40 | ml_trading | INFO | Fold 273: train=17252, test=50, purge=12, embargo=12
2026-06-23 13:34:43 | ml_trading | INFO | Fold 274: train=17314, test=50, purge=12, embargo=12
2026-06-23 13:34:45 | ml_trading | INFO | Fold 275: train=17376, test=50, purge=12, embargo=12
2026-06-23 13:34:48 | ml_trading | INFO | Fold 276: train=17438, test=50, purge=12, embargo=12
2026-06-23 13:34:51 | ml_trading | INFO | Walk-forward validation complete: 276 folds
2026-06-23 13:34:51 | ml_trading | INFO | Avg F1 - Short: 0.556, Neutral: 0.365, Long: 0.075
2026-06-23 13:34:51 | ml_trading | INFO | Training final xgboost model on 17542 samples
2026-06-23 13:34:52 | ml_trading | INFO | Model saved to /root/app/ml-project/ml-trading-dashboard/ml_service/storage/models/candidates/LTCUSDT_1h_xgboost_20260623_133452.pkl
2026-06-23 13:34:53 | ml_trading | INFO | Saved calibration artifact: LTCUSDT_1h_xgboost_20260623_133452_calibration.pkl (chosen=isotonic)
2026-06-23 13:34:53 | ml_trading | INFO | Calibration metrics (holdout=50): raw: ECE=0.269 LL=1.258 Brier=0.734 | platt: ECE=0.195 LL=0.993 Brier=0.594 | isotonic: ECE=0.046 LL=0.815 Brier=0.496  → chosen: isotonic

================================================================================
TRAINING COMPLETE
================================================================================
Model: xgboost
Folds: 276

F1 Scores:
  Short:   0.556
  Neutral: 0.365
  Long:    0.075
  Weighted: 0.452

Model saved: /root/app/ml-project/ml-trading-dashboard/ml_service/storage/models/candidates/LTCUSDT_1h_xgboost_20260623_133452.pkl
================================================================================

Finished LTCUSDT 1h

=================================================
TRAINING LTCUSDT 4h
=================================================

Training model for LTCUSDT 4h...
2026-06-23 13:34:57 | ml_trading | INFO | Database schema initialized
2026-06-23 13:34:57 | ml_trading | INFO | Database initialized at /root/app/ml-project/ml-trading-dashboard/ml_service/storage/database.db
Loaded 4440 candles
Loaded 4440 BTC candles for correlation
Loaded 691 ES_proxy candles for correlation
2026-06-23 13:34:57 | ml_trading | INFO | [horizon] forward_periods=12 (source: /root/app/ml-project/ml-trading-dashboard/ml_service/config.yaml)
2026-06-23 13:34:57 | ml_trading | INFO | Starting training for LTCUSDT 4h
2026-06-23 13:34:57 | ml_trading | INFO |   Labeling method: triple_barrier
2026-06-23 13:34:57 | ml_trading | INFO |   Forward periods: 12
2026-06-23 13:34:57 | ml_trading | INFO |   TP multiplier: 3.0x ATR
2026-06-23 13:34:57 | ml_trading | INFO |   SL multiplier: 1.5x ATR
2026-06-23 13:34:57 | ml_trading | INFO | Found tuned hyperparameters for LTCUSDT 4h
2026-06-23 13:34:57 | ml_trading | INFO | Model type: lightgbm, F1: 0.4545
[!] VWAP requires an ordered DatetimeIndex.
2026-06-23 13:35:33 | ml_trading | INFO | Fetched 200 funding rate records for LTCUSDT
2026-06-23 13:35:36 | ml_trading | INFO | Clean dataset: 4224 rows after dropping NaN
2026-06-23 13:35:36 | ml_trading | INFO | Fold 1: train=388, test=50, purge=12, embargo=12
2026-06-23 13:35:38 | ml_trading | INFO | Fold 2: train=450, test=50, purge=12, embargo=12
2026-06-23 13:35:39 | ml_trading | INFO | Fold 3: train=512, test=50, purge=12, embargo=12
2026-06-23 13:35:40 | ml_trading | INFO | Fold 4: train=574, test=50, purge=12, embargo=12
2026-06-23 13:35:41 | ml_trading | INFO | Fold 5: train=636, test=50, purge=12, embargo=12
2026-06-23 13:35:42 | ml_trading | INFO | Fold 6: train=698, test=50, purge=12, embargo=12
2026-06-23 13:35:44 | ml_trading | INFO | Fold 7: train=760, test=50, purge=12, embargo=12
2026-06-23 13:35:45 | ml_trading | INFO | Fold 8: train=822, test=50, purge=12, embargo=12
2026-06-23 13:35:46 | ml_trading | INFO | Fold 9: train=884, test=50, purge=12, embargo=12
2026-06-23 13:35:48 | ml_trading | INFO | Fold 10: train=946, test=50, purge=12, embargo=12
2026-06-23 13:35:49 | ml_trading | INFO | Fold 11: train=1008, test=50, purge=12, embargo=12
2026-06-23 13:35:50 | ml_trading | INFO | Fold 12: train=1070, test=50, purge=12, embargo=12
2026-06-23 13:35:51 | ml_trading | INFO | Fold 13: train=1132, test=50, purge=12, embargo=12
2026-06-23 13:35:52 | ml_trading | INFO | Fold 14: train=1194, test=50, purge=12, embargo=12
2026-06-23 13:35:54 | ml_trading | INFO | Fold 15: train=1256, test=50, purge=12, embargo=12
2026-06-23 13:35:55 | ml_trading | INFO | Fold 16: train=1318, test=50, purge=12, embargo=12
2026-06-23 13:35:57 | ml_trading | INFO | Fold 17: train=1380, test=50, purge=12, embargo=12
2026-06-23 13:35:58 | ml_trading | INFO | Fold 18: train=1442, test=50, purge=12, embargo=12
2026-06-23 13:36:00 | ml_trading | INFO | Fold 19: train=1504, test=50, purge=12, embargo=12
2026-06-23 13:36:01 | ml_trading | INFO | Fold 20: train=1566, test=50, purge=12, embargo=12
2026-06-23 13:36:03 | ml_trading | INFO | Fold 21: train=1628, test=50, purge=12, embargo=12
2026-06-23 13:36:05 | ml_trading | INFO | Fold 22: train=1690, test=50, purge=12, embargo=12
2026-06-23 13:36:06 | ml_trading | INFO | Fold 23: train=1752, test=50, purge=12, embargo=12
2026-06-23 13:36:08 | ml_trading | INFO | Fold 24: train=1814, test=50, purge=12, embargo=12
2026-06-23 13:36:09 | ml_trading | INFO | Fold 25: train=1876, test=50, purge=12, embargo=12
2026-06-23 13:36:11 | ml_trading | INFO | Fold 26: train=1938, test=50, purge=12, embargo=12
2026-06-23 13:36:17 | ml_trading | INFO | Fold 27: train=2000, test=50, purge=12, embargo=12
2026-06-23 13:36:18 | ml_trading | INFO | Fold 28: train=2062, test=50, purge=12, embargo=12
2026-06-23 13:36:20 | ml_trading | INFO | Fold 29: train=2124, test=50, purge=12, embargo=12
2026-06-23 13:36:21 | ml_trading | INFO | Fold 30: train=2186, test=50, purge=12, embargo=12
2026-06-23 13:36:23 | ml_trading | INFO | Fold 31: train=2248, test=50, purge=12, embargo=12
2026-06-23 13:36:26 | ml_trading | INFO | Fold 32: train=2310, test=50, purge=12, embargo=12
2026-06-23 13:36:27 | ml_trading | INFO | Fold 33: train=2372, test=50, purge=12, embargo=12
2026-06-23 13:36:30 | ml_trading | INFO | Fold 34: train=2434, test=50, purge=12, embargo=12
2026-06-23 13:36:31 | ml_trading | INFO | Fold 35: train=2496, test=50, purge=12, embargo=12
2026-06-23 13:36:33 | ml_trading | INFO | Fold 36: train=2558, test=50, purge=12, embargo=12
2026-06-23 13:36:34 | ml_trading | INFO | Fold 37: train=2620, test=50, purge=12, embargo=12
2026-06-23 13:36:36 | ml_trading | INFO | Fold 38: train=2682, test=50, purge=12, embargo=12
2026-06-23 13:36:38 | ml_trading | INFO | Fold 39: train=2744, test=50, purge=12, embargo=12
2026-06-23 13:36:40 | ml_trading | INFO | Fold 40: train=2806, test=50, purge=12, embargo=12
2026-06-23 13:36:41 | ml_trading | INFO | Fold 41: train=2868, test=50, purge=12, embargo=12
2026-06-23 13:36:43 | ml_trading | INFO | Fold 42: train=2930, test=50, purge=12, embargo=12
2026-06-23 13:36:45 | ml_trading | INFO | Fold 43: train=2992, test=50, purge=12, embargo=12
2026-06-23 13:36:46 | ml_trading | INFO | Fold 44: train=3054, test=50, purge=12, embargo=12
2026-06-23 13:36:48 | ml_trading | INFO | Fold 45: train=3116, test=50, purge=12, embargo=12
2026-06-23 13:36:49 | ml_trading | INFO | Fold 46: train=3178, test=50, purge=12, embargo=12
2026-06-23 13:36:51 | ml_trading | INFO | Fold 47: train=3240, test=50, purge=12, embargo=12
2026-06-23 13:36:52 | ml_trading | INFO | Fold 48: train=3302, test=50, purge=12, embargo=12
2026-06-23 13:36:54 | ml_trading | INFO | Fold 49: train=3364, test=50, purge=12, embargo=12
2026-06-23 13:36:56 | ml_trading | INFO | Fold 50: train=3426, test=50, purge=12, embargo=12
2026-06-23 13:36:58 | ml_trading | INFO | Fold 51: train=3488, test=50, purge=12, embargo=12
2026-06-23 13:37:00 | ml_trading | INFO | Fold 52: train=3550, test=50, purge=12, embargo=12
2026-06-23 13:37:02 | ml_trading | INFO | Fold 53: train=3612, test=50, purge=12, embargo=12
2026-06-23 13:37:05 | ml_trading | INFO | Fold 54: train=3674, test=50, purge=12, embargo=12
2026-06-23 13:37:07 | ml_trading | INFO | Fold 55: train=3736, test=50, purge=12, embargo=12
2026-06-23 13:37:08 | ml_trading | INFO | Fold 56: train=3798, test=50, purge=12, embargo=12
2026-06-23 13:37:10 | ml_trading | INFO | Fold 57: train=3860, test=50, purge=12, embargo=12
2026-06-23 13:37:12 | ml_trading | INFO | Fold 58: train=3922, test=50, purge=12, embargo=12
2026-06-23 13:37:14 | ml_trading | INFO | Fold 59: train=3984, test=50, purge=12, embargo=12
2026-06-23 13:37:16 | ml_trading | INFO | Fold 60: train=4046, test=50, purge=12, embargo=12
2026-06-23 13:37:17 | ml_trading | INFO | Fold 61: train=4108, test=50, purge=12, embargo=12
2026-06-23 13:37:19 | ml_trading | INFO | Walk-forward validation complete: 61 folds
2026-06-23 13:37:19 | ml_trading | INFO | Avg F1 - Short: 0.527, Neutral: 0.377, Long: 0.066
2026-06-23 13:37:19 | ml_trading | INFO | Training final lightgbm model on 4224 samples
2026-06-23 13:37:19 | ml_trading | INFO | Using tuned hyperparameters for LightGBM
2026-06-23 13:37:20 | ml_trading | INFO | Model saved to /root/app/ml-project/ml-trading-dashboard/ml_service/storage/models/candidates/LTCUSDT_4h_lightgbm_20260623_133720.pkl
2026-06-23 13:37:20 | ml_trading | INFO | Saved calibration artifact: LTCUSDT_4h_lightgbm_20260623_133720_calibration.pkl (chosen=platt)
2026-06-23 13:37:20 | ml_trading | INFO | Calibration metrics (holdout=50): raw: ECE=0.416 LL=1.096 Brier=0.794 | platt: ECE=0.030 LL=0.685 Brier=0.464 | isotonic: ECE=0.033 LL=0.643 Brier=0.433  → chosen: platt

================================================================================
TRAINING COMPLETE
================================================================================
Model: lightgbm
Folds: 61

F1 Scores:
  Short:   0.527
  Neutral: 0.377
  Long:    0.066
  Weighted: 0.408

Model saved: /root/app/ml-project/ml-trading-dashboard/ml_service/storage/models/candidates/LTCUSDT_4h_lightgbm_20260623_133720.pkl
================================================================================

Finished LTCUSDT 4h

=================================================
TRAINING ZECUSDT 1h
=================================================

Training model for ZECUSDT 1h...
2026-06-23 13:37:25 | ml_trading | INFO | Database schema initialized
2026-06-23 13:37:25 | ml_trading | INFO | Database initialized at /root/app/ml-project/ml-trading-dashboard/ml_service/storage/database.db
Loaded 17758 candles
Loaded 17758 BTC candles for correlation
Loaded 2414 ES_proxy candles for correlation
2026-06-23 13:37:25 | ml_trading | INFO | [horizon] forward_periods=12 (source: /root/app/ml-project/ml-trading-dashboard/ml_service/config.yaml)
2026-06-23 13:37:25 | ml_trading | INFO | Starting training for ZECUSDT 1h
2026-06-23 13:37:25 | ml_trading | INFO |   Labeling method: triple_barrier
2026-06-23 13:37:25 | ml_trading | INFO |   Forward periods: 12
2026-06-23 13:37:25 | ml_trading | INFO |   TP multiplier: 3.0x ATR
2026-06-23 13:37:25 | ml_trading | INFO |   SL multiplier: 1.5x ATR
[!] VWAP requires an ordered DatetimeIndex.
2026-06-23 13:39:54 | ml_trading | INFO | Fetched 200 funding rate records for ZECUSDT
2026-06-23 13:40:08 | ml_trading | INFO | Clean dataset: 17542 rows after dropping NaN
2026-06-23 13:40:08 | ml_trading | INFO | Fold 1: train=388, test=50, purge=12, embargo=12
2026-06-23 13:40:10 | ml_trading | INFO | Fold 2: train=450, test=50, purge=12, embargo=12
2026-06-23 13:40:11 | ml_trading | INFO | Fold 3: train=512, test=50, purge=12, embargo=12
2026-06-23 13:40:11 | ml_trading | INFO | Fold 4: train=574, test=50, purge=12, embargo=12
2026-06-23 13:40:13 | ml_trading | INFO | Fold 5: train=636, test=50, purge=12, embargo=12
2026-06-23 13:40:14 | ml_trading | INFO | Fold 6: train=698, test=50, purge=12, embargo=12
2026-06-23 13:40:15 | ml_trading | INFO | Fold 7: train=760, test=50, purge=12, embargo=12
2026-06-23 13:40:16 | ml_trading | INFO | Fold 8: train=822, test=50, purge=12, embargo=12
2026-06-23 13:40:18 | ml_trading | INFO | Fold 9: train=884, test=50, purge=12, embargo=12
2026-06-23 13:40:19 | ml_trading | INFO | Fold 10: train=946, test=50, purge=12, embargo=12
2026-06-23 13:40:20 | ml_trading | INFO | Fold 11: train=1008, test=50, purge=12, embargo=12
2026-06-23 13:40:21 | ml_trading | INFO | Fold 12: train=1070, test=50, purge=12, embargo=12
2026-06-23 13:40:23 | ml_trading | INFO | Fold 13: train=1132, test=50, purge=12, embargo=12
2026-06-23 13:40:24 | ml_trading | INFO | Fold 14: train=1194, test=50, purge=12, embargo=12
2026-06-23 13:40:25 | ml_trading | INFO | Fold 15: train=1256, test=50, purge=12, embargo=12
2026-06-23 13:40:26 | ml_trading | INFO | Fold 16: train=1318, test=50, purge=12, embargo=12
2026-06-23 13:40:28 | ml_trading | INFO | Fold 17: train=1380, test=50, purge=12, embargo=12
2026-06-23 13:40:31 | ml_trading | INFO | Fold 18: train=1442, test=50, purge=12, embargo=12
2026-06-23 13:40:33 | ml_trading | INFO | Fold 19: train=1504, test=50, purge=12, embargo=12
2026-06-23 13:40:34 | ml_trading | INFO | Fold 20: train=1566, test=50, purge=12, embargo=12
2026-06-23 13:40:36 | ml_trading | INFO | Fold 21: train=1628, test=50, purge=12, embargo=12
2026-06-23 13:40:37 | ml_trading | INFO | Fold 22: train=1690, test=50, purge=12, embargo=12
2026-06-23 13:40:39 | ml_trading | INFO | Fold 23: train=1752, test=50, purge=12, embargo=12
2026-06-23 13:40:41 | ml_trading | INFO | Fold 24: train=1814, test=50, purge=12, embargo=12
2026-06-23 13:40:43 | ml_trading | INFO | Fold 25: train=1876, test=50, purge=12, embargo=12
2026-06-23 13:40:51 | ml_trading | INFO | Fold 26: train=1938, test=50, purge=12, embargo=12
2026-06-23 13:40:52 | ml_trading | INFO | Fold 27: train=2000, test=50, purge=12, embargo=12
2026-06-23 13:40:55 | ml_trading | INFO | Fold 28: train=2062, test=50, purge=12, embargo=12
2026-06-23 13:40:57 | ml_trading | INFO | Fold 29: train=2124, test=50, purge=12, embargo=12
2026-06-23 13:41:00 | ml_trading | INFO | Fold 30: train=2186, test=50, purge=12, embargo=12
2026-06-23 13:41:01 | ml_trading | INFO | Fold 31: train=2248, test=50, purge=12, embargo=12
2026-06-23 13:41:03 | ml_trading | INFO | Fold 32: train=2310, test=50, purge=12, embargo=12
2026-06-23 13:41:05 | ml_trading | INFO | Fold 33: train=2372, test=50, purge=12, embargo=12
2026-06-23 13:41:07 | ml_trading | INFO | Fold 34: train=2434, test=50, purge=12, embargo=12
2026-06-23 13:41:10 | ml_trading | INFO | Fold 35: train=2496, test=50, purge=12, embargo=12
2026-06-23 13:41:12 | ml_trading | INFO | Fold 36: train=2558, test=50, purge=12, embargo=12
2026-06-23 13:41:14 | ml_trading | INFO | Fold 37: train=2620, test=50, purge=12, embargo=12
2026-06-23 13:41:16 | ml_trading | INFO | Fold 38: train=2682, test=50, purge=12, embargo=12
2026-06-23 13:41:18 | ml_trading | INFO | Fold 39: train=2744, test=50, purge=12, embargo=12
2026-06-23 13:41:20 | ml_trading | INFO | Fold 40: train=2806, test=50, purge=12, embargo=12
2026-06-23 13:41:22 | ml_trading | INFO | Fold 41: train=2868, test=50, purge=12, embargo=12
2026-06-23 13:41:24 | ml_trading | INFO | Fold 42: train=2930, test=50, purge=12, embargo=12
2026-06-23 13:41:25 | ml_trading | INFO | Fold 43: train=2992, test=50, purge=12, embargo=12
2026-06-23 13:41:28 | ml_trading | INFO | Fold 44: train=3054, test=50, purge=12, embargo=12
2026-06-23 13:41:30 | ml_trading | INFO | Fold 45: train=3116, test=50, purge=12, embargo=12
2026-06-23 13:41:33 | ml_trading | INFO | Fold 46: train=3178, test=50, purge=12, embargo=12
2026-06-23 13:41:35 | ml_trading | INFO | Fold 47: train=3240, test=50, purge=12, embargo=12
2026-06-23 13:41:37 | ml_trading | INFO | Fold 48: train=3302, test=50, purge=12, embargo=12
2026-06-23 13:41:39 | ml_trading | INFO | Fold 49: train=3364, test=50, purge=12, embargo=12
2026-06-23 13:41:41 | ml_trading | INFO | Fold 50: train=3426, test=50, purge=12, embargo=12
2026-06-23 13:41:43 | ml_trading | INFO | Fold 51: train=3488, test=50, purge=12, embargo=12
2026-06-23 13:41:45 | ml_trading | INFO | Fold 52: train=3550, test=50, purge=12, embargo=12
2026-06-23 13:41:51 | ml_trading | INFO | Fold 53: train=3612, test=50, purge=12, embargo=12
2026-06-23 13:41:52 | ml_trading | INFO | Fold 54: train=3674, test=50, purge=12, embargo=12
2026-06-23 13:41:54 | ml_trading | INFO | Fold 55: train=3736, test=50, purge=12, embargo=12
2026-06-23 13:41:55 | ml_trading | INFO | Fold 56: train=3798, test=50, purge=12, embargo=12
2026-06-23 13:41:57 | ml_trading | INFO | Fold 57: train=3860, test=50, purge=12, embargo=12
2026-06-23 13:41:59 | ml_trading | INFO | Fold 58: train=3922, test=50, purge=12, embargo=12
2026-06-23 13:42:01 | ml_trading | INFO | Fold 59: train=3984, test=50, purge=12, embargo=12
2026-06-23 13:42:05 | ml_trading | INFO | Fold 60: train=4046, test=50, purge=12, embargo=12
2026-06-23 13:42:07 | ml_trading | INFO | Fold 61: train=4108, test=50, purge=12, embargo=12
2026-06-23 13:42:08 | ml_trading | INFO | Fold 62: train=4170, test=50, purge=12, embargo=12
2026-06-23 13:42:10 | ml_trading | INFO | Fold 63: train=4232, test=50, purge=12, embargo=12
2026-06-23 13:42:12 | ml_trading | INFO | Fold 64: train=4294, test=50, purge=12, embargo=12
2026-06-23 13:42:14 | ml_trading | INFO | Fold 65: train=4356, test=50, purge=12, embargo=12
2026-06-23 13:42:15 | ml_trading | INFO | Fold 66: train=4418, test=50, purge=12, embargo=12
2026-06-23 13:42:17 | ml_trading | INFO | Fold 67: train=4480, test=50, purge=12, embargo=12
2026-06-23 13:42:19 | ml_trading | INFO | Fold 68: train=4542, test=50, purge=12, embargo=12
2026-06-23 13:42:21 | ml_trading | INFO | Fold 69: train=4604, test=50, purge=12, embargo=12
2026-06-23 13:42:23 | ml_trading | INFO | Fold 70: train=4666, test=50, purge=12, embargo=12
2026-06-23 13:42:25 | ml_trading | INFO | Fold 71: train=4728, test=50, purge=12, embargo=12
2026-06-23 13:42:26 | ml_trading | INFO | Fold 72: train=4790, test=50, purge=12, embargo=12
2026-06-23 13:42:28 | ml_trading | INFO | Fold 73: train=4852, test=50, purge=12, embargo=12
2026-06-23 13:42:30 | ml_trading | INFO | Fold 74: train=4914, test=50, purge=12, embargo=12
2026-06-23 13:42:34 | ml_trading | INFO | Fold 75: train=4976, test=50, purge=12, embargo=12
2026-06-23 13:42:36 | ml_trading | INFO | Fold 76: train=5038, test=50, purge=12, embargo=12
2026-06-23 13:42:38 | ml_trading | INFO | Fold 77: train=5100, test=50, purge=12, embargo=12
2026-06-23 13:42:41 | ml_trading | INFO | Fold 78: train=5162, test=50, purge=12, embargo=12
2026-06-23 13:42:43 | ml_trading | INFO | Fold 79: train=5224, test=50, purge=12, embargo=12
2026-06-23 13:42:45 | ml_trading | INFO | Fold 80: train=5286, test=50, purge=12, embargo=12
2026-06-23 13:42:47 | ml_trading | INFO | Fold 81: train=5348, test=50, purge=12, embargo=12
2026-06-23 13:42:49 | ml_trading | INFO | Fold 82: train=5410, test=50, purge=12, embargo=12
2026-06-23 13:42:51 | ml_trading | INFO | Fold 83: train=5472, test=50, purge=12, embargo=12
2026-06-23 13:42:53 | ml_trading | INFO | Fold 84: train=5534, test=50, purge=12, embargo=12
2026-06-23 13:42:55 | ml_trading | INFO | Fold 85: train=5596, test=50, purge=12, embargo=12
2026-06-23 13:42:57 | ml_trading | INFO | Fold 86: train=5658, test=50, purge=12, embargo=12
2026-06-23 13:42:58 | ml_trading | INFO | Fold 87: train=5720, test=50, purge=12, embargo=12
2026-06-23 13:43:00 | ml_trading | INFO | Fold 88: train=5782, test=50, purge=12, embargo=12
2026-06-23 13:43:02 | ml_trading | INFO | Fold 89: train=5844, test=50, purge=12, embargo=12
2026-06-23 13:43:05 | ml_trading | INFO | Fold 90: train=5906, test=50, purge=12, embargo=12
2026-06-23 13:43:07 | ml_trading | INFO | Fold 91: train=5968, test=50, purge=12, embargo=12
2026-06-23 13:43:09 | ml_trading | INFO | Fold 92: train=6030, test=50, purge=12, embargo=12
2026-06-23 13:43:11 | ml_trading | INFO | Fold 93: train=6092, test=50, purge=12, embargo=12
2026-06-23 13:43:13 | ml_trading | INFO | Fold 94: train=6154, test=50, purge=12, embargo=12
2026-06-23 13:43:15 | ml_trading | INFO | Fold 95: train=6216, test=50, purge=12, embargo=12
2026-06-23 13:43:17 | ml_trading | INFO | Fold 96: train=6278, test=50, purge=12, embargo=12
2026-06-23 13:43:18 | ml_trading | INFO | Fold 97: train=6340, test=50, purge=12, embargo=12
2026-06-23 13:43:20 | ml_trading | INFO | Fold 98: train=6402, test=50, purge=12, embargo=12
2026-06-23 13:43:22 | ml_trading | INFO | Fold 99: train=6464, test=50, purge=12, embargo=12
2026-06-23 13:43:24 | ml_trading | INFO | Fold 100: train=6526, test=50, purge=12, embargo=12
2026-06-23 13:43:26 | ml_trading | INFO | Fold 101: train=6588, test=50, purge=12, embargo=12
2026-06-23 13:43:28 | ml_trading | INFO | Fold 102: train=6650, test=50, purge=12, embargo=12
2026-06-23 13:43:30 | ml_trading | INFO | Fold 103: train=6712, test=50, purge=12, embargo=12
2026-06-23 13:43:32 | ml_trading | INFO | Fold 104: train=6774, test=50, purge=12, embargo=12
2026-06-23 13:43:35 | ml_trading | INFO | Fold 105: train=6836, test=50, purge=12, embargo=12
2026-06-23 13:43:37 | ml_trading | INFO | Fold 106: train=6898, test=50, purge=12, embargo=12
2026-06-23 13:43:40 | ml_trading | INFO | Fold 107: train=6960, test=50, purge=12, embargo=12
2026-06-23 13:43:42 | ml_trading | INFO | Fold 108: train=7022, test=50, purge=12, embargo=12
2026-06-23 13:43:44 | ml_trading | INFO | Fold 109: train=7084, test=50, purge=12, embargo=12
2026-06-23 13:43:47 | ml_trading | INFO | Fold 110: train=7146, test=50, purge=12, embargo=12
2026-06-23 13:43:49 | ml_trading | INFO | Fold 111: train=7208, test=50, purge=12, embargo=12
2026-06-23 13:43:51 | ml_trading | INFO | Fold 112: train=7270, test=50, purge=12, embargo=12
2026-06-23 13:43:53 | ml_trading | INFO | Fold 113: train=7332, test=50, purge=12, embargo=12
2026-06-23 13:43:56 | ml_trading | INFO | Fold 114: train=7394, test=50, purge=12, embargo=12
2026-06-23 13:43:58 | ml_trading | INFO | Fold 115: train=7456, test=50, purge=12, embargo=12
2026-06-23 13:44:00 | ml_trading | INFO | Fold 116: train=7518, test=50, purge=12, embargo=12
2026-06-23 13:44:03 | ml_trading | INFO | Fold 117: train=7580, test=50, purge=12, embargo=12
2026-06-23 13:44:06 | ml_trading | INFO | Fold 118: train=7642, test=50, purge=12, embargo=12
2026-06-23 13:44:09 | ml_trading | INFO | Fold 119: train=7704, test=50, purge=12, embargo=12
2026-06-23 13:44:11 | ml_trading | INFO | Fold 120: train=7766, test=50, purge=12, embargo=12
2026-06-23 13:44:13 | ml_trading | INFO | Fold 121: train=7828, test=50, purge=12, embargo=12
2026-06-23 13:44:15 | ml_trading | INFO | Fold 122: train=7890, test=50, purge=12, embargo=12
2026-06-23 13:44:18 | ml_trading | INFO | Fold 123: train=7952, test=50, purge=12, embargo=12
2026-06-23 13:44:20 | ml_trading | INFO | Fold 124: train=8014, test=50, purge=12, embargo=12
2026-06-23 13:44:22 | ml_trading | INFO | Fold 125: train=8076, test=50, purge=12, embargo=12
2026-06-23 13:44:24 | ml_trading | INFO | Fold 126: train=8138, test=50, purge=12, embargo=12
2026-06-23 13:44:26 | ml_trading | INFO | Fold 127: train=8200, test=50, purge=12, embargo=12
2026-06-23 13:44:28 | ml_trading | INFO | Fold 128: train=8262, test=50, purge=12, embargo=12
2026-06-23 13:44:30 | ml_trading | INFO | Fold 129: train=8324, test=50, purge=12, embargo=12
2026-06-23 13:44:32 | ml_trading | INFO | Fold 130: train=8386, test=50, purge=12, embargo=12
2026-06-23 13:44:34 | ml_trading | INFO | Fold 131: train=8448, test=50, purge=12, embargo=12
2026-06-23 13:44:38 | ml_trading | INFO | Fold 132: train=8510, test=50, purge=12, embargo=12
2026-06-23 13:44:40 | ml_trading | INFO | Fold 133: train=8572, test=50, purge=12, embargo=12
2026-06-23 13:44:42 | ml_trading | INFO | Fold 134: train=8634, test=50, purge=12, embargo=12
2026-06-23 13:44:44 | ml_trading | INFO | Fold 135: train=8696, test=50, purge=12, embargo=12
2026-06-23 13:44:47 | ml_trading | INFO | Fold 136: train=8758, test=50, purge=12, embargo=12
2026-06-23 13:44:49 | ml_trading | INFO | Fold 137: train=8820, test=50, purge=12, embargo=12
2026-06-23 13:44:51 | ml_trading | INFO | Fold 138: train=8882, test=50, purge=12, embargo=12
2026-06-23 13:44:53 | ml_trading | INFO | Fold 139: train=8944, test=50, purge=12, embargo=12
2026-06-23 13:44:55 | ml_trading | INFO | Fold 140: train=9006, test=50, purge=12, embargo=12
2026-06-23 13:44:57 | ml_trading | INFO | Fold 141: train=9068, test=50, purge=12, embargo=12
2026-06-23 13:44:59 | ml_trading | INFO | Fold 142: train=9130, test=50, purge=12, embargo=12
2026-06-23 13:45:02 | ml_trading | INFO | Fold 143: train=9192, test=50, purge=12, embargo=12
2026-06-23 13:45:05 | ml_trading | INFO | Fold 144: train=9254, test=50, purge=12, embargo=12
2026-06-23 13:45:07 | ml_trading | INFO | Fold 145: train=9316, test=50, purge=12, embargo=12
2026-06-23 13:45:10 | ml_trading | INFO | Fold 146: train=9378, test=50, purge=12, embargo=12
2026-06-23 13:45:12 | ml_trading | INFO | Fold 147: train=9440, test=50, purge=12, embargo=12
2026-06-23 13:45:15 | ml_trading | INFO | Fold 148: train=9502, test=50, purge=12, embargo=12
2026-06-23 13:45:17 | ml_trading | INFO | Fold 149: train=9564, test=50, purge=12, embargo=12
2026-06-23 13:45:19 | ml_trading | INFO | Fold 150: train=9626, test=50, purge=12, embargo=12
2026-06-23 13:45:22 | ml_trading | INFO | Fold 151: train=9688, test=50, purge=12, embargo=12
2026-06-23 13:45:24 | ml_trading | INFO | Fold 152: train=9750, test=50, purge=12, embargo=12
2026-06-23 13:45:26 | ml_trading | INFO | Fold 153: train=9812, test=50, purge=12, embargo=12
2026-06-23 13:45:29 | ml_trading | INFO | Fold 154: train=9874, test=50, purge=12, embargo=12
2026-06-23 13:45:31 | ml_trading | INFO | Fold 155: train=9936, test=50, purge=12, embargo=12
2026-06-23 13:45:33 | ml_trading | INFO | Fold 156: train=9998, test=50, purge=12, embargo=12
2026-06-23 13:45:35 | ml_trading | INFO | Fold 157: train=10060, test=50, purge=12, embargo=12
2026-06-23 13:45:38 | ml_trading | INFO | Fold 158: train=10122, test=50, purge=12, embargo=12
2026-06-23 13:45:41 | ml_trading | INFO | Fold 159: train=10184, test=50, purge=12, embargo=12
2026-06-23 13:45:43 | ml_trading | INFO | Fold 160: train=10246, test=50, purge=12, embargo=12
2026-06-23 13:45:46 | ml_trading | INFO | Fold 161: train=10308, test=50, purge=12, embargo=12
2026-06-23 13:45:48 | ml_trading | INFO | Fold 162: train=10370, test=50, purge=12, embargo=12
2026-06-23 13:45:50 | ml_trading | INFO | Fold 163: train=10432, test=50, purge=12, embargo=12
2026-06-23 13:45:52 | ml_trading | INFO | Fold 164: train=10494, test=50, purge=12, embargo=12
2026-06-23 13:45:54 | ml_trading | INFO | Fold 165: train=10556, test=50, purge=12, embargo=12
2026-06-23 13:45:56 | ml_trading | INFO | Fold 166: train=10618, test=50, purge=12, embargo=12
2026-06-23 13:45:58 | ml_trading | INFO | Fold 167: train=10680, test=50, purge=12, embargo=12
2026-06-23 13:46:01 | ml_trading | INFO | Fold 168: train=10742, test=50, purge=12, embargo=12
2026-06-23 13:46:04 | ml_trading | INFO | Fold 169: train=10804, test=50, purge=12, embargo=12
2026-06-23 13:46:07 | ml_trading | INFO | Fold 170: train=10866, test=50, purge=12, embargo=12
2026-06-23 13:46:09 | ml_trading | INFO | Fold 171: train=10928, test=50, purge=12, embargo=12
2026-06-23 13:46:12 | ml_trading | INFO | Fold 172: train=10990, test=50, purge=12, embargo=12
2026-06-23 13:46:15 | ml_trading | INFO | Fold 173: train=11052, test=50, purge=12, embargo=12
2026-06-23 13:46:17 | ml_trading | INFO | Fold 174: train=11114, test=50, purge=12, embargo=12
2026-06-23 13:46:24 | ml_trading | INFO | Fold 175: train=11176, test=50, purge=12, embargo=12
2026-06-23 13:46:26 | ml_trading | INFO | Fold 176: train=11238, test=50, purge=12, embargo=12
2026-06-23 13:46:29 | ml_trading | INFO | Fold 177: train=11300, test=50, purge=12, embargo=12
2026-06-23 13:46:32 | ml_trading | INFO | Fold 178: train=11362, test=50, purge=12, embargo=12
2026-06-23 13:46:34 | ml_trading | INFO | Fold 179: train=11424, test=50, purge=12, embargo=12
2026-06-23 13:46:36 | ml_trading | INFO | Fold 180: train=11486, test=50, purge=12, embargo=12
2026-06-23 13:46:38 | ml_trading | INFO | Fold 181: train=11548, test=50, purge=12, embargo=12
2026-06-23 13:46:41 | ml_trading | INFO | Fold 182: train=11610, test=50, purge=12, embargo=12
2026-06-23 13:46:44 | ml_trading | INFO | Fold 183: train=11672, test=50, purge=12, embargo=12
2026-06-23 13:46:47 | ml_trading | INFO | Fold 184: train=11734, test=50, purge=12, embargo=12
2026-06-23 13:46:49 | ml_trading | INFO | Fold 185: train=11796, test=50, purge=12, embargo=12
2026-06-23 13:46:52 | ml_trading | INFO | Fold 186: train=11858, test=50, purge=12, embargo=12
2026-06-23 13:46:54 | ml_trading | INFO | Fold 187: train=11920, test=50, purge=12, embargo=12
2026-06-23 13:46:56 | ml_trading | INFO | Fold 188: train=11982, test=50, purge=12, embargo=12
2026-06-23 13:46:58 | ml_trading | INFO | Fold 189: train=12044, test=50, purge=12, embargo=12
2026-06-23 13:47:01 | ml_trading | INFO | Fold 190: train=12106, test=50, purge=12, embargo=12
2026-06-23 13:47:05 | ml_trading | INFO | Fold 191: train=12168, test=50, purge=12, embargo=12
2026-06-23 13:47:08 | ml_trading | INFO | Fold 192: train=12230, test=50, purge=12, embargo=12
2026-06-23 13:47:11 | ml_trading | INFO | Fold 193: train=12292, test=50, purge=12, embargo=12
2026-06-23 13:47:13 | ml_trading | INFO | Fold 194: train=12354, test=50, purge=12, embargo=12
2026-06-23 13:47:16 | ml_trading | INFO | Fold 195: train=12416, test=50, purge=12, embargo=12
2026-06-23 13:47:18 | ml_trading | INFO | Fold 196: train=12478, test=50, purge=12, embargo=12
2026-06-23 13:47:24 | ml_trading | INFO | Fold 197: train=12540, test=50, purge=12, embargo=12
2026-06-23 13:47:27 | ml_trading | INFO | Fold 198: train=12602, test=50, purge=12, embargo=12
2026-06-23 13:47:29 | ml_trading | INFO | Fold 199: train=12664, test=50, purge=12, embargo=12
2026-06-23 13:47:31 | ml_trading | INFO | Fold 200: train=12726, test=50, purge=12, embargo=12
2026-06-23 13:47:33 | ml_trading | INFO | Fold 201: train=12788, test=50, purge=12, embargo=12
2026-06-23 13:47:36 | ml_trading | INFO | Fold 202: train=12850, test=50, purge=12, embargo=12
2026-06-23 13:47:38 | ml_trading | INFO | Fold 203: train=12912, test=50, purge=12, embargo=12
2026-06-23 13:47:42 | ml_trading | INFO | Fold 204: train=12974, test=50, purge=12, embargo=12
2026-06-23 13:47:44 | ml_trading | INFO | Fold 205: train=13036, test=50, purge=12, embargo=12
2026-06-23 13:47:47 | ml_trading | INFO | Fold 206: train=13098, test=50, purge=12, embargo=12
2026-06-23 13:47:50 | ml_trading | INFO | Fold 207: train=13160, test=50, purge=12, embargo=12
2026-06-23 13:47:53 | ml_trading | INFO | Fold 208: train=13222, test=50, purge=12, embargo=12
2026-06-23 13:47:55 | ml_trading | INFO | Fold 209: train=13284, test=50, purge=12, embargo=12
2026-06-23 13:47:57 | ml_trading | INFO | Fold 210: train=13346, test=50, purge=12, embargo=12
2026-06-23 13:47:59 | ml_trading | INFO | Fold 211: train=13408, test=50, purge=12, embargo=12
2026-06-23 13:48:01 | ml_trading | INFO | Fold 212: train=13470, test=50, purge=12, embargo=12
2026-06-23 13:48:04 | ml_trading | INFO | Fold 213: train=13532, test=50, purge=12, embargo=12
2026-06-23 13:48:06 | ml_trading | INFO | Fold 214: train=13594, test=50, purge=12, embargo=12
2026-06-23 13:48:08 | ml_trading | INFO | Fold 215: train=13656, test=50, purge=12, embargo=12
2026-06-23 13:48:11 | ml_trading | INFO | Fold 216: train=13718, test=50, purge=12, embargo=12
2026-06-23 13:48:13 | ml_trading | INFO | Fold 217: train=13780, test=50, purge=12, embargo=12
2026-06-23 13:48:15 | ml_trading | INFO | Fold 218: train=13842, test=50, purge=12, embargo=12
2026-06-23 13:48:18 | ml_trading | INFO | Fold 219: train=13904, test=50, purge=12, embargo=12
2026-06-23 13:48:20 | ml_trading | INFO | Fold 220: train=13966, test=50, purge=12, embargo=12
2026-06-23 13:48:22 | ml_trading | INFO | Fold 221: train=14028, test=50, purge=12, embargo=12
2026-06-23 13:48:24 | ml_trading | INFO | Fold 222: train=14090, test=50, purge=12, embargo=12
2026-06-23 13:48:27 | ml_trading | INFO | Fold 223: train=14152, test=50, purge=12, embargo=12
2026-06-23 13:48:29 | ml_trading | INFO | Fold 224: train=14214, test=50, purge=12, embargo=12
2026-06-23 13:48:31 | ml_trading | INFO | Fold 225: train=14276, test=50, purge=12, embargo=12
2026-06-23 13:48:34 | ml_trading | INFO | Fold 226: train=14338, test=50, purge=12, embargo=12
2026-06-23 13:48:36 | ml_trading | INFO | Fold 227: train=14400, test=50, purge=12, embargo=12
2026-06-23 13:48:38 | ml_trading | INFO | Fold 228: train=14462, test=50, purge=12, embargo=12
2026-06-23 13:48:43 | ml_trading | INFO | Fold 229: train=14524, test=50, purge=12, embargo=12
2026-06-23 13:48:46 | ml_trading | INFO | Fold 230: train=14586, test=50, purge=12, embargo=12
2026-06-23 13:48:52 | ml_trading | INFO | Fold 231: train=14648, test=50, purge=12, embargo=12
2026-06-23 13:48:55 | ml_trading | INFO | Fold 232: train=14710, test=50, purge=12, embargo=12
2026-06-23 13:48:57 | ml_trading | INFO | Fold 233: train=14772, test=50, purge=12, embargo=12
2026-06-23 13:49:00 | ml_trading | INFO | Fold 234: train=14834, test=50, purge=12, embargo=12
2026-06-23 13:49:03 | ml_trading | INFO | Fold 235: train=14896, test=50, purge=12, embargo=12
2026-06-23 13:49:05 | ml_trading | INFO | Fold 236: train=14958, test=50, purge=12, embargo=12
2026-06-23 13:49:08 | ml_trading | INFO | Fold 237: train=15020, test=50, purge=12, embargo=12
2026-06-23 13:49:10 | ml_trading | INFO | Fold 238: train=15082, test=50, purge=12, embargo=12
2026-06-23 13:49:12 | ml_trading | INFO | Fold 239: train=15144, test=50, purge=12, embargo=12
2026-06-23 13:49:14 | ml_trading | INFO | Fold 240: train=15206, test=50, purge=12, embargo=12
2026-06-23 13:49:17 | ml_trading | INFO | Fold 241: train=15268, test=50, purge=12, embargo=12
2026-06-23 13:49:18 | ml_trading | INFO | Fold 242: train=15330, test=50, purge=12, embargo=12
2026-06-23 13:49:21 | ml_trading | INFO | Fold 243: train=15392, test=50, purge=12, embargo=12
2026-06-23 13:49:24 | ml_trading | INFO | Fold 244: train=15454, test=50, purge=12, embargo=12
2026-06-23 13:49:27 | ml_trading | INFO | Fold 245: train=15516, test=50, purge=12, embargo=12
2026-06-23 13:49:29 | ml_trading | INFO | Fold 246: train=15578, test=50, purge=12, embargo=12
2026-06-23 13:49:32 | ml_trading | INFO | Fold 247: train=15640, test=50, purge=12, embargo=12
2026-06-23 13:49:34 | ml_trading | INFO | Fold 248: train=15702, test=50, purge=12, embargo=12
2026-06-23 13:49:36 | ml_trading | INFO | Fold 249: train=15764, test=50, purge=12, embargo=12
2026-06-23 13:49:38 | ml_trading | INFO | Fold 250: train=15826, test=50, purge=12, embargo=12
2026-06-23 13:49:41 | ml_trading | INFO | Fold 251: train=15888, test=50, purge=12, embargo=12
2026-06-23 13:49:45 | ml_trading | INFO | Fold 252: train=15950, test=50, purge=12, embargo=12
2026-06-23 13:49:47 | ml_trading | INFO | Fold 253: train=16012, test=50, purge=12, embargo=12
2026-06-23 13:49:50 | ml_trading | INFO | Fold 254: train=16074, test=50, purge=12, embargo=12
2026-06-23 13:49:53 | ml_trading | INFO | Fold 255: train=16136, test=50, purge=12, embargo=12
2026-06-23 13:49:56 | ml_trading | INFO | Fold 256: train=16198, test=50, purge=12, embargo=12
2026-06-23 13:49:58 | ml_trading | INFO | Fold 257: train=16260, test=50, purge=12, embargo=12
2026-06-23 13:50:01 | ml_trading | INFO | Fold 258: train=16322, test=50, purge=12, embargo=12
2026-06-23 13:50:05 | ml_trading | INFO | Fold 259: train=16384, test=50, purge=12, embargo=12
2026-06-23 13:50:08 | ml_trading | INFO | Fold 260: train=16446, test=50, purge=12, embargo=12
2026-06-23 13:50:12 | ml_trading | INFO | Fold 261: train=16508, test=50, purge=12, embargo=12
2026-06-23 13:50:16 | ml_trading | INFO | Fold 262: train=16570, test=50, purge=12, embargo=12
2026-06-23 13:50:18 | ml_trading | INFO | Fold 263: train=16632, test=50, purge=12, embargo=12
2026-06-23 13:50:20 | ml_trading | INFO | Fold 264: train=16694, test=50, purge=12, embargo=12
2026-06-23 13:50:23 | ml_trading | INFO | Fold 265: train=16756, test=50, purge=12, embargo=12
2026-06-23 13:50:26 | ml_trading | INFO | Fold 266: train=16818, test=50, purge=12, embargo=12
2026-06-23 13:50:28 | ml_trading | INFO | Fold 267: train=16880, test=50, purge=12, embargo=12
2026-06-23 13:50:31 | ml_trading | INFO | Fold 268: train=16942, test=50, purge=12, embargo=12
2026-06-23 13:50:34 | ml_trading | INFO | Fold 269: train=17004, test=50, purge=12, embargo=12
2026-06-23 13:50:37 | ml_trading | INFO | Fold 270: train=17066, test=50, purge=12, embargo=12
2026-06-23 13:50:39 | ml_trading | INFO | Fold 271: train=17128, test=50, purge=12, embargo=12
2026-06-23 13:50:42 | ml_trading | INFO | Fold 272: train=17190, test=50, purge=12, embargo=12
2026-06-23 13:50:46 | ml_trading | INFO | Fold 273: train=17252, test=50, purge=12, embargo=12
2026-06-23 13:50:49 | ml_trading | INFO | Fold 274: train=17314, test=50, purge=12, embargo=12
2026-06-23 13:50:52 | ml_trading | INFO | Fold 275: train=17376, test=50, purge=12, embargo=12
2026-06-23 13:50:55 | ml_trading | INFO | Fold 276: train=17438, test=50, purge=12, embargo=12
2026-06-23 13:50:58 | ml_trading | INFO | Walk-forward validation complete: 276 folds
2026-06-23 13:50:58 | ml_trading | INFO | Avg F1 - Short: 0.558, Neutral: 0.334, Long: 0.085
2026-06-23 13:50:58 | ml_trading | INFO | Training final lightgbm model on 17542 samples
2026-06-23 13:50:59 | ml_trading | INFO | Model saved to /root/app/ml-project/ml-trading-dashboard/ml_service/storage/models/candidates/ZECUSDT_1h_lightgbm_20260623_135059.pkl
2026-06-23 13:50:59 | ml_trading | INFO | Saved calibration artifact: ZECUSDT_1h_lightgbm_20260623_135059_calibration.pkl (chosen=platt)
2026-06-23 13:50:59 | ml_trading | INFO | Calibration metrics (holdout=50): raw: ECE=0.408 LL=1.515 Brier=0.930 | platt: ECE=0.040 LL=0.936 Brier=0.555 | isotonic: ECE=0.063 LL=0.889 Brier=0.532  → chosen: platt

================================================================================
TRAINING COMPLETE
================================================================================
Model: lightgbm
Folds: 276

F1 Scores:
  Short:   0.558
  Neutral: 0.334
  Long:    0.085
  Weighted: 0.424

Model saved: /root/app/ml-project/ml-trading-dashboard/ml_service/storage/models/candidates/ZECUSDT_1h_lightgbm_20260623_135059.pkl
================================================================================

Finished ZECUSDT 1h

=================================================
TRAINING ZECUSDT 4h
=================================================

Training model for ZECUSDT 4h...
2026-06-23 13:51:04 | ml_trading | INFO | Database schema initialized
2026-06-23 13:51:04 | ml_trading | INFO | Database initialized at /root/app/ml-project/ml-trading-dashboard/ml_service/storage/database.db
Loaded 4440 candles
Loaded 4440 BTC candles for correlation
Loaded 691 ES_proxy candles for correlation
2026-06-23 13:51:04 | ml_trading | INFO | [horizon] forward_periods=12 (source: /root/app/ml-project/ml-trading-dashboard/ml_service/config.yaml)
2026-06-23 13:51:04 | ml_trading | INFO | Starting training for ZECUSDT 4h
2026-06-23 13:51:04 | ml_trading | INFO |   Labeling method: triple_barrier
2026-06-23 13:51:04 | ml_trading | INFO |   Forward periods: 12
2026-06-23 13:51:04 | ml_trading | INFO |   TP multiplier: 3.0x ATR
2026-06-23 13:51:04 | ml_trading | INFO |   SL multiplier: 1.5x ATR
2026-06-23 13:51:04 | ml_trading | INFO | Found tuned hyperparameters for ZECUSDT 4h
2026-06-23 13:51:04 | ml_trading | INFO | Model type: lightgbm, F1: 0.4643
[!] VWAP requires an ordered DatetimeIndex.
2026-06-23 13:51:39 | ml_trading | INFO | Fetched 200 funding rate records for ZECUSDT
2026-06-23 13:51:42 | ml_trading | INFO | Clean dataset: 4224 rows after dropping NaN
2026-06-23 13:51:42 | ml_trading | INFO | Fold 1: train=388, test=50, purge=12, embargo=12
2026-06-23 13:51:43 | ml_trading | INFO | Fold 2: train=450, test=50, purge=12, embargo=12
2026-06-23 13:51:44 | ml_trading | INFO | Fold 3: train=512, test=50, purge=12, embargo=12
2026-06-23 13:51:45 | ml_trading | INFO | Fold 4: train=574, test=50, purge=12, embargo=12
2026-06-23 13:51:47 | ml_trading | INFO | Fold 5: train=636, test=50, purge=12, embargo=12
2026-06-23 13:51:49 | ml_trading | INFO | Fold 6: train=698, test=50, purge=12, embargo=12
2026-06-23 13:51:50 | ml_trading | INFO | Fold 7: train=760, test=50, purge=12, embargo=12
2026-06-23 13:51:51 | ml_trading | INFO | Fold 8: train=822, test=50, purge=12, embargo=12
2026-06-23 13:51:58 | ml_trading | INFO | Fold 9: train=884, test=50, purge=12, embargo=12
2026-06-23 13:51:59 | ml_trading | INFO | Fold 10: train=946, test=50, purge=12, embargo=12
2026-06-23 13:52:00 | ml_trading | INFO | Fold 11: train=1008, test=50, purge=12, embargo=12
2026-06-23 13:52:02 | ml_trading | INFO | Fold 12: train=1070, test=50, purge=12, embargo=12
2026-06-23 13:52:05 | ml_trading | INFO | Fold 13: train=1132, test=50, purge=12, embargo=12
2026-06-23 13:52:07 | ml_trading | INFO | Fold 14: train=1194, test=50, purge=12, embargo=12
2026-06-23 13:52:09 | ml_trading | INFO | Fold 15: train=1256, test=50, purge=12, embargo=12
2026-06-23 13:52:10 | ml_trading | INFO | Fold 16: train=1318, test=50, purge=12, embargo=12
2026-06-23 13:52:12 | ml_trading | INFO | Fold 17: train=1380, test=50, purge=12, embargo=12
2026-06-23 13:52:13 | ml_trading | INFO | Fold 18: train=1442, test=50, purge=12, embargo=12
2026-06-23 13:52:15 | ml_trading | INFO | Fold 19: train=1504, test=50, purge=12, embargo=12
2026-06-23 13:52:16 | ml_trading | INFO | Fold 20: train=1566, test=50, purge=12, embargo=12
2026-06-23 13:52:18 | ml_trading | INFO | Fold 21: train=1628, test=50, purge=12, embargo=12
2026-06-23 13:52:20 | ml_trading | INFO | Fold 22: train=1690, test=50, purge=12, embargo=12
2026-06-23 13:52:21 | ml_trading | INFO | Fold 23: train=1752, test=50, purge=12, embargo=12
2026-06-23 13:52:22 | ml_trading | INFO | Fold 24: train=1814, test=50, purge=12, embargo=12
2026-06-23 13:52:24 | ml_trading | INFO | Fold 25: train=1876, test=50, purge=12, embargo=12
2026-06-23 13:52:26 | ml_trading | INFO | Fold 26: train=1938, test=50, purge=12, embargo=12
2026-06-23 13:52:27 | ml_trading | INFO | Fold 27: train=2000, test=50, purge=12, embargo=12
2026-06-23 13:52:29 | ml_trading | INFO | Fold 28: train=2062, test=50, purge=12, embargo=12
2026-06-23 13:52:31 | ml_trading | INFO | Fold 29: train=2124, test=50, purge=12, embargo=12
2026-06-23 13:52:33 | ml_trading | INFO | Fold 30: train=2186, test=50, purge=12, embargo=12
2026-06-23 13:52:39 | ml_trading | INFO | Fold 31: train=2248, test=50, purge=12, embargo=12
2026-06-23 13:52:41 | ml_trading | INFO | Fold 32: train=2310, test=50, purge=12, embargo=12
2026-06-23 13:52:42 | ml_trading | INFO | Fold 33: train=2372, test=50, purge=12, embargo=12
2026-06-23 13:52:45 | ml_trading | INFO | Fold 34: train=2434, test=50, purge=12, embargo=12
2026-06-23 13:52:47 | ml_trading | INFO | Fold 35: train=2496, test=50, purge=12, embargo=12
2026-06-23 13:52:51 | ml_trading | INFO | Fold 36: train=2558, test=50, purge=12, embargo=12
2026-06-23 13:52:53 | ml_trading | INFO | Fold 37: train=2620, test=50, purge=12, embargo=12
2026-06-23 13:53:00 | ml_trading | INFO | Fold 38: train=2682, test=50, purge=12, embargo=12
2026-06-23 13:53:03 | ml_trading | INFO | Fold 39: train=2744, test=50, purge=12, embargo=12
2026-06-23 13:53:05 | ml_trading | INFO | Fold 40: train=2806, test=50, purge=12, embargo=12
2026-06-23 13:53:23 | ml_trading | INFO | Fold 41: train=2868, test=50, purge=12, embargo=12
2026-06-23 13:54:18 | ml_trading | INFO | Fold 42: train=2930, test=50, purge=12, embargo=12
2026-06-23 13:55:28 | ml_trading | INFO | Fold 43: train=2992, test=50, purge=12, embargo=12
2026-06-23 13:56:41 | ml_trading | INFO | Fold 44: train=3054, test=50, purge=12, embargo=12
2026-06-23 13:58:41 | ml_trading | INFO | Fold 45: train=3116, test=50, purge=12, embargo=12
2026-06-23 13:59:56 | ml_trading | INFO | Fold 46: train=3178, test=50, purge=12, embargo=12
2026-06-23 14:02:26 | ml_trading | INFO | Fold 47: train=3240, test=50, purge=12, embargo=12
2026-06-23 14:04:09 | ml_trading | INFO | Fold 48: train=3302, test=50, purge=12, embargo=12
2026-06-23 14:05:14 | ml_trading | INFO | Fold 49: train=3364, test=50, purge=12, embargo=12
2026-06-23 14:07:40 | ml_trading | INFO | Fold 50: train=3426, test=50, purge=12, embargo=12
2026-06-23 14:10:46 | ml_trading | INFO | Fold 51: train=3488, test=50, purge=12, embargo=12
2026-06-23 14:11:59 | ml_trading | INFO | Fold 52: train=3550, test=50, purge=12, embargo=12
2026-06-23 14:14:12 | ml_trading | INFO | Fold 53: train=3612, test=50, purge=12, embargo=12
2026-06-23 14:15:53 | ml_trading | INFO | Fold 54: train=3674, test=50, purge=12, embargo=12
2026-06-23 14:17:52 | ml_trading | INFO | Fold 55: train=3736, test=50, purge=12, embargo=12
2026-06-23 14:19:32 | ml_trading | INFO | Fold 56: train=3798, test=50, purge=12, embargo=12
2026-06-23 14:21:40 | ml_trading | INFO | Fold 57: train=3860, test=50, purge=12, embargo=12
2026-06-23 14:23:22 | ml_trading | INFO | Fold 58: train=3922, test=50, purge=12, embargo=12
2026-06-23 14:25:21 | ml_trading | INFO | Fold 59: train=3984, test=50, purge=12, embargo=12
2026-06-23 14:28:00 | ml_trading | INFO | Fold 60: train=4046, test=50, purge=12, embargo=12
2026-06-23 14:29:26 | ml_trading | INFO | Fold 61: train=4108, test=50, purge=12, embargo=12
2026-06-23 14:31:33 | ml_trading | INFO | Walk-forward validation complete: 61 folds
2026-06-23 14:31:33 | ml_trading | INFO | Avg F1 - Short: 0.517, Neutral: 0.314, Long: 0.130
2026-06-23 14:31:33 | ml_trading | INFO | Training final xgboost model on 4224 samples
2026-06-23 14:32:16 | ml_trading | INFO | Model saved to /root/app/ml-project/ml-trading-dashboard/ml_service/storage/models/candidates/ZECUSDT_4h_xgboost_20260623_143216.pkl
2026-06-23 14:32:17 | ml_trading | INFO | Saved calibration artifact: ZECUSDT_4h_xgboost_20260623_143216_calibration.pkl (chosen=raw)
2026-06-23 14:32:17 | ml_trading | INFO | Calibration metrics (holdout=50): raw: ECE=0.164 LL=1.107 Brier=0.644 | platt: ECE=0.187 LL=0.667 Brier=0.383 | isotonic: ECE=0.168 LL=0.587 Brier=0.322  → chosen: raw

================================================================================
TRAINING COMPLETE
================================================================================
Model: xgboost
Folds: 61

F1 Scores:
  Short:   0.517
  Neutral: 0.314
  Long:    0.130
  Weighted: 0.400

Model saved: /root/app/ml-project/ml-trading-dashboard/ml_service/storage/models/candidates/ZECUSDT_4h_xgboost_20260623_143216.pkl
================================================================================

Finished ZECUSDT 4h

=================================================
TRAINING SUIUSDT 1h
=================================================

Training model for SUIUSDT 1h...
2026-06-23 14:32:27 | ml_trading | INFO | Database schema initialized
2026-06-23 14:32:27 | ml_trading | INFO | Database initialized at /root/app/ml-project/ml-trading-dashboard/ml_service/storage/database.db
Loaded 17764 candles
Loaded 17764 BTC candles for correlation
Loaded 2414 ES_proxy candles for correlation
2026-06-23 14:32:27 | ml_trading | INFO | [horizon] forward_periods=12 (source: /root/app/ml-project/ml-trading-dashboard/ml_service/config.yaml)
2026-06-23 14:32:27 | ml_trading | INFO | Starting training for SUIUSDT 1h
2026-06-23 14:32:27 | ml_trading | INFO |   Labeling method: triple_barrier
2026-06-23 14:32:27 | ml_trading | INFO |   Forward periods: 12
2026-06-23 14:32:27 | ml_trading | INFO |   TP multiplier: 3.0x ATR
2026-06-23 14:32:27 | ml_trading | INFO |   SL multiplier: 1.5x ATR
[!] VWAP requires an ordered DatetimeIndex.
2026-06-23 14:34:55 | ml_trading | INFO | Fetched 200 funding rate records for SUIUSDT
2026-06-23 14:35:08 | ml_trading | INFO | Clean dataset: 17548 rows after dropping NaN
2026-06-23 14:35:08 | ml_trading | INFO | Fold 1: train=388, test=50, purge=12, embargo=12
2026-06-23 14:35:59 | ml_trading | INFO | Fold 2: train=450, test=50, purge=12, embargo=12
2026-06-23 14:36:53 | ml_trading | INFO | Fold 3: train=512, test=50, purge=12, embargo=12
2026-06-23 14:37:37 | ml_trading | INFO | Fold 4: train=574, test=50, purge=12, embargo=12
2026-06-23 14:38:11 | ml_trading | INFO | Fold 5: train=636, test=50, purge=12, embargo=12
2026-06-23 14:39:06 | ml_trading | INFO | Fold 6: train=698, test=50, purge=12, embargo=12
2026-06-23 14:40:30 | ml_trading | INFO | Fold 7: train=760, test=50, purge=12, embargo=12
2026-06-23 14:42:09 | ml_trading | INFO | Fold 8: train=822, test=50, purge=12, embargo=12
2026-06-23 14:43:30 | ml_trading | INFO | Fold 9: train=884, test=50, purge=12, embargo=12
2026-06-23 14:44:57 | ml_trading | INFO | Fold 10: train=946, test=50, purge=12, embargo=12
2026-06-23 14:46:01 | ml_trading | INFO | Fold 11: train=1008, test=50, purge=12, embargo=12
2026-06-23 14:46:50 | ml_trading | INFO | Fold 12: train=1070, test=50, purge=12, embargo=12
2026-06-23 14:47:42 | ml_trading | INFO | Fold 13: train=1132, test=50, purge=12, embargo=12
2026-06-23 14:48:43 | ml_trading | INFO | Fold 14: train=1194, test=50, purge=12, embargo=12
2026-06-23 14:50:18 | ml_trading | INFO | Fold 15: train=1256, test=50, purge=12, embargo=12
2026-06-23 14:51:44 | ml_trading | INFO | Fold 16: train=1318, test=50, purge=12, embargo=12
2026-06-23 14:53:09 | ml_trading | INFO | Fold 17: train=1380, test=50, purge=12, embargo=12
2026-06-23 14:54:51 | ml_trading | INFO | Fold 18: train=1442, test=50, purge=12, embargo=12
2026-06-23 14:56:46 | ml_trading | INFO | Fold 19: train=1504, test=50, purge=12, embargo=12
2026-06-23 14:58:06 | ml_trading | INFO | Fold 20: train=1566, test=50, purge=12, embargo=12
2026-06-23 14:59:26 | ml_trading | INFO | Fold 21: train=1628, test=50, purge=12, embargo=12
2026-06-23 15:00:57 | ml_trading | INFO | Fold 22: train=1690, test=50, purge=12, embargo=12
2026-06-23 15:02:55 | ml_trading | INFO | Fold 23: train=1752, test=50, purge=12, embargo=12
2026-06-23 15:04:33 | ml_trading | INFO | Fold 24: train=1814, test=50, purge=12, embargo=12
2026-06-23 15:06:19 | ml_trading | INFO | Fold 25: train=1876, test=50, purge=12, embargo=12
2026-06-23 15:08:21 | ml_trading | INFO | Fold 26: train=1938, test=50, purge=12, embargo=12
2026-06-23 15:09:30 | ml_trading | INFO | Fold 27: train=2000, test=50, purge=12, embargo=12
2026-06-23 15:10:49 | ml_trading | INFO | Fold 28: train=2062, test=50, purge=12, embargo=12
2026-06-23 15:12:07 | ml_trading | INFO | Fold 29: train=2124, test=50, purge=12, embargo=12
2026-06-23 15:13:26 | ml_trading | INFO | Fold 30: train=2186, test=50, purge=12, embargo=12
2026-06-23 15:15:08 | ml_trading | INFO | Fold 31: train=2248, test=50, purge=12, embargo=12
2026-06-23 15:16:32 | ml_trading | INFO | Fold 32: train=2310, test=50, purge=12, embargo=12
2026-06-23 15:18:11 | ml_trading | INFO | Fold 33: train=2372, test=50, purge=12, embargo=12
2026-06-23 15:20:07 | ml_trading | INFO | Fold 34: train=2434, test=50, purge=12, embargo=12
2026-06-23 15:21:23 | ml_trading | INFO | Fold 35: train=2496, test=50, purge=12, embargo=12
2026-06-23 15:22:54 | ml_trading | INFO | Fold 36: train=2558, test=50, purge=12, embargo=12
2026-06-23 15:23:29 | ml_trading | INFO | Fold 37: train=2620, test=50, purge=12, embargo=12
2026-06-23 15:23:31 | ml_trading | INFO | Fold 38: train=2682, test=50, purge=12, embargo=12
2026-06-23 15:23:34 | ml_trading | INFO | Fold 39: train=2744, test=50, purge=12, embargo=12
2026-06-23 15:23:36 | ml_trading | INFO | Fold 40: train=2806, test=50, purge=12, embargo=12
2026-06-23 15:23:38 | ml_trading | INFO | Fold 41: train=2868, test=50, purge=12, embargo=12
2026-06-23 15:23:40 | ml_trading | INFO | Fold 42: train=2930, test=50, purge=12, embargo=12
2026-06-23 15:23:43 | ml_trading | INFO | Fold 43: train=2992, test=50, purge=12, embargo=12
2026-06-23 15:23:45 | ml_trading | INFO | Fold 44: train=3054, test=50, purge=12, embargo=12
2026-06-23 15:23:47 | ml_trading | INFO | Fold 45: train=3116, test=50, purge=12, embargo=12
2026-06-23 15:23:49 | ml_trading | INFO | Fold 46: train=3178, test=50, purge=12, embargo=12
2026-06-23 15:23:51 | ml_trading | INFO | Fold 47: train=3240, test=50, purge=12, embargo=12
2026-06-23 15:23:53 | ml_trading | INFO | Fold 48: train=3302, test=50, purge=12, embargo=12
2026-06-23 15:23:55 | ml_trading | INFO | Fold 49: train=3364, test=50, purge=12, embargo=12
2026-06-23 15:23:57 | ml_trading | INFO | Fold 50: train=3426, test=50, purge=12, embargo=12
2026-06-23 15:24:00 | ml_trading | INFO | Fold 51: train=3488, test=50, purge=12, embargo=12
2026-06-23 15:24:03 | ml_trading | INFO | Fold 52: train=3550, test=50, purge=12, embargo=12
2026-06-23 15:24:06 | ml_trading | INFO | Fold 53: train=3612, test=50, purge=12, embargo=12
2026-06-23 15:24:10 | ml_trading | INFO | Fold 54: train=3674, test=50, purge=12, embargo=12
2026-06-23 15:24:12 | ml_trading | INFO | Fold 55: train=3736, test=50, purge=12, embargo=12
2026-06-23 15:24:15 | ml_trading | INFO | Fold 56: train=3798, test=50, purge=12, embargo=12
2026-06-23 15:24:17 | ml_trading | INFO | Fold 57: train=3860, test=50, purge=12, embargo=12
2026-06-23 15:24:20 | ml_trading | INFO | Fold 58: train=3922, test=50, purge=12, embargo=12
2026-06-23 15:24:21 | ml_trading | INFO | Fold 59: train=3984, test=50, purge=12, embargo=12
2026-06-23 15:24:24 | ml_trading | INFO | Fold 60: train=4046, test=50, purge=12, embargo=12
2026-06-23 15:24:27 | ml_trading | INFO | Fold 61: train=4108, test=50, purge=12, embargo=12
2026-06-23 15:24:29 | ml_trading | INFO | Fold 62: train=4170, test=50, purge=12, embargo=12
2026-06-23 15:24:31 | ml_trading | INFO | Fold 63: train=4232, test=50, purge=12, embargo=12
2026-06-23 15:24:33 | ml_trading | INFO | Fold 64: train=4294, test=50, purge=12, embargo=12
2026-06-23 15:24:36 | ml_trading | INFO | Fold 65: train=4356, test=50, purge=12, embargo=12
2026-06-23 15:24:38 | ml_trading | INFO | Fold 66: train=4418, test=50, purge=12, embargo=12
2026-06-23 15:24:40 | ml_trading | INFO | Fold 67: train=4480, test=50, purge=12, embargo=12
2026-06-23 15:24:42 | ml_trading | INFO | Fold 68: train=4542, test=50, purge=12, embargo=12
2026-06-23 15:24:44 | ml_trading | INFO | Fold 69: train=4604, test=50, purge=12, embargo=12
2026-06-23 15:24:52 | ml_trading | INFO | Fold 70: train=4666, test=50, purge=12, embargo=12
2026-06-23 15:24:54 | ml_trading | INFO | Fold 71: train=4728, test=50, purge=12, embargo=12
2026-06-23 15:24:56 | ml_trading | INFO | Fold 72: train=4790, test=50, purge=12, embargo=12
2026-06-23 15:24:58 | ml_trading | INFO | Fold 73: train=4852, test=50, purge=12, embargo=12
2026-06-23 15:25:00 | ml_trading | INFO | Fold 74: train=4914, test=50, purge=12, embargo=12
2026-06-23 15:25:05 | ml_trading | INFO | Fold 75: train=4976, test=50, purge=12, embargo=12
2026-06-23 15:25:08 | ml_trading | INFO | Fold 76: train=5038, test=50, purge=12, embargo=12
2026-06-23 15:25:13 | ml_trading | INFO | Fold 77: train=5100, test=50, purge=12, embargo=12
2026-06-23 15:25:16 | ml_trading | INFO | Fold 78: train=5162, test=50, purge=12, embargo=12
2026-06-23 15:25:18 | ml_trading | INFO | Fold 79: train=5224, test=50, purge=12, embargo=12
2026-06-23 15:25:21 | ml_trading | INFO | Fold 80: train=5286, test=50, purge=12, embargo=12
2026-06-23 15:25:23 | ml_trading | INFO | Fold 81: train=5348, test=50, purge=12, embargo=12
2026-06-23 15:25:26 | ml_trading | INFO | Fold 82: train=5410, test=50, purge=12, embargo=12
2026-06-23 15:25:28 | ml_trading | INFO | Fold 83: train=5472, test=50, purge=12, embargo=12
2026-06-23 15:25:31 | ml_trading | INFO | Fold 84: train=5534, test=50, purge=12, embargo=12
2026-06-23 15:25:33 | ml_trading | INFO | Fold 85: train=5596, test=50, purge=12, embargo=12
2026-06-23 15:25:35 | ml_trading | INFO | Fold 86: train=5658, test=50, purge=12, embargo=12
2026-06-23 15:25:38 | ml_trading | INFO | Fold 87: train=5720, test=50, purge=12, embargo=12
2026-06-23 15:25:41 | ml_trading | INFO | Fold 88: train=5782, test=50, purge=12, embargo=12
2026-06-23 15:25:43 | ml_trading | INFO | Fold 89: train=5844, test=50, purge=12, embargo=12
2026-06-23 15:25:46 | ml_trading | INFO | Fold 90: train=5906, test=50, purge=12, embargo=12
2026-06-23 15:25:48 | ml_trading | INFO | Fold 91: train=5968, test=50, purge=12, embargo=12
2026-06-23 15:25:50 | ml_trading | INFO | Fold 92: train=6030, test=50, purge=12, embargo=12
2026-06-23 15:25:52 | ml_trading | INFO | Fold 93: train=6092, test=50, purge=12, embargo=12
2026-06-23 15:25:54 | ml_trading | INFO | Fold 94: train=6154, test=50, purge=12, embargo=12
2026-06-23 15:25:58 | ml_trading | INFO | Fold 95: train=6216, test=50, purge=12, embargo=12
2026-06-23 15:26:05 | ml_trading | INFO | Fold 96: train=6278, test=50, purge=12, embargo=12
2026-06-23 15:26:09 | ml_trading | INFO | Fold 97: train=6340, test=50, purge=12, embargo=12
2026-06-23 15:26:18 | ml_trading | INFO | Fold 98: train=6402, test=50, purge=12, embargo=12
2026-06-23 15:26:21 | ml_trading | INFO | Fold 99: train=6464, test=50, purge=12, embargo=12
2026-06-23 15:26:24 | ml_trading | INFO | Fold 100: train=6526, test=50, purge=12, embargo=12
2026-06-23 15:26:28 | ml_trading | INFO | Fold 101: train=6588, test=50, purge=12, embargo=12
2026-06-23 15:26:30 | ml_trading | INFO | Fold 102: train=6650, test=50, purge=12, embargo=12
2026-06-23 15:26:33 | ml_trading | INFO | Fold 103: train=6712, test=50, purge=12, embargo=12
2026-06-23 15:26:35 | ml_trading | INFO | Fold 104: train=6774, test=50, purge=12, embargo=12
2026-06-23 15:26:37 | ml_trading | INFO | Fold 105: train=6836, test=50, purge=12, embargo=12
2026-06-23 15:26:40 | ml_trading | INFO | Fold 106: train=6898, test=50, purge=12, embargo=12
2026-06-23 15:26:43 | ml_trading | INFO | Fold 107: train=6960, test=50, purge=12, embargo=12
2026-06-23 15:26:47 | ml_trading | INFO | Fold 108: train=7022, test=50, purge=12, embargo=12
2026-06-23 15:26:49 | ml_trading | INFO | Fold 109: train=7084, test=50, purge=12, embargo=12
2026-06-23 15:26:51 | ml_trading | INFO | Fold 110: train=7146, test=50, purge=12, embargo=12
2026-06-23 15:26:55 | ml_trading | INFO | Fold 111: train=7208, test=50, purge=12, embargo=12
2026-06-23 15:26:58 | ml_trading | INFO | Fold 112: train=7270, test=50, purge=12, embargo=12
2026-06-23 15:27:01 | ml_trading | INFO | Fold 113: train=7332, test=50, purge=12, embargo=12
2026-06-23 15:27:09 | ml_trading | INFO | Fold 114: train=7394, test=50, purge=12, embargo=12
2026-06-23 15:27:31 | ml_trading | INFO | Fold 115: train=7456, test=50, purge=12, embargo=12
2026-06-23 15:27:35 | ml_trading | INFO | Fold 116: train=7518, test=50, purge=12, embargo=12
2026-06-23 15:27:39 | ml_trading | INFO | Fold 117: train=7580, test=50, purge=12, embargo=12
2026-06-23 15:27:42 | ml_trading | INFO | Fold 118: train=7642, test=50, purge=12, embargo=12
2026-06-23 15:27:44 | ml_trading | INFO | Fold 119: train=7704, test=50, purge=12, embargo=12
2026-06-23 15:27:47 | ml_trading | INFO | Fold 120: train=7766, test=50, purge=12, embargo=12
2026-06-23 15:27:50 | ml_trading | INFO | Fold 121: train=7828, test=50, purge=12, embargo=12
2026-06-23 15:27:53 | ml_trading | INFO | Fold 122: train=7890, test=50, purge=12, embargo=12
2026-06-23 15:27:55 | ml_trading | INFO | Fold 123: train=7952, test=50, purge=12, embargo=12
2026-06-23 15:27:59 | ml_trading | INFO | Fold 124: train=8014, test=50, purge=12, embargo=12
2026-06-23 15:28:02 | ml_trading | INFO | Fold 125: train=8076, test=50, purge=12, embargo=12
2026-06-23 15:28:05 | ml_trading | INFO | Fold 126: train=8138, test=50, purge=12, embargo=12
2026-06-23 15:28:09 | ml_trading | INFO | Fold 127: train=8200, test=50, purge=12, embargo=12
2026-06-23 15:28:13 | ml_trading | INFO | Fold 128: train=8262, test=50, purge=12, embargo=12
2026-06-23 15:28:18 | ml_trading | INFO | Fold 129: train=8324, test=50, purge=12, embargo=12
2026-06-23 15:28:22 | ml_trading | INFO | Fold 130: train=8386, test=50, purge=12, embargo=12
2026-06-23 15:28:30 | ml_trading | INFO | Fold 131: train=8448, test=50, purge=12, embargo=12
2026-06-23 15:28:33 | ml_trading | INFO | Fold 132: train=8510, test=50, purge=12, embargo=12
2026-06-23 15:28:36 | ml_trading | INFO | Fold 133: train=8572, test=50, purge=12, embargo=12
2026-06-23 15:28:38 | ml_trading | INFO | Fold 134: train=8634, test=50, purge=12, embargo=12
2026-06-23 15:28:40 | ml_trading | INFO | Fold 135: train=8696, test=50, purge=12, embargo=12
2026-06-23 15:28:42 | ml_trading | INFO | Fold 136: train=8758, test=50, purge=12, embargo=12
2026-06-23 15:28:46 | ml_trading | INFO | Fold 137: train=8820, test=50, purge=12, embargo=12
2026-06-23 15:28:48 | ml_trading | INFO | Fold 138: train=8882, test=50, purge=12, embargo=12
2026-06-23 15:28:51 | ml_trading | INFO | Fold 139: train=8944, test=50, purge=12, embargo=12
2026-06-23 15:28:54 | ml_trading | INFO | Fold 140: train=9006, test=50, purge=12, embargo=12
2026-06-23 15:28:58 | ml_trading | INFO | Fold 141: train=9068, test=50, purge=12, embargo=12
2026-06-23 15:29:01 | ml_trading | INFO | Fold 142: train=9130, test=50, purge=12, embargo=12
2026-06-23 15:29:05 | ml_trading | INFO | Fold 143: train=9192, test=50, purge=12, embargo=12
2026-06-23 15:29:09 | ml_trading | INFO | Fold 144: train=9254, test=50, purge=12, embargo=12
2026-06-23 15:29:12 | ml_trading | INFO | Fold 145: train=9316, test=50, purge=12, embargo=12
2026-06-23 15:29:16 | ml_trading | INFO | Fold 146: train=9378, test=50, purge=12, embargo=12
2026-06-23 15:29:20 | ml_trading | INFO | Fold 147: train=9440, test=50, purge=12, embargo=12
2026-06-23 15:29:22 | ml_trading | INFO | Fold 148: train=9502, test=50, purge=12, embargo=12
2026-06-23 15:29:26 | ml_trading | INFO | Fold 149: train=9564, test=50, purge=12, embargo=12
2026-06-23 15:29:28 | ml_trading | INFO | Fold 150: train=9626, test=50, purge=12, embargo=12
2026-06-23 15:29:31 | ml_trading | INFO | Fold 151: train=9688, test=50, purge=12, embargo=12
2026-06-23 15:29:33 | ml_trading | INFO | Fold 152: train=9750, test=50, purge=12, embargo=12
2026-06-23 15:29:36 | ml_trading | INFO | Fold 153: train=9812, test=50, purge=12, embargo=12
2026-06-23 15:29:38 | ml_trading | INFO | Fold 154: train=9874, test=50, purge=12, embargo=12
2026-06-23 15:29:40 | ml_trading | INFO | Fold 155: train=9936, test=50, purge=12, embargo=12
2026-06-23 15:29:43 | ml_trading | INFO | Fold 156: train=9998, test=50, purge=12, embargo=12
2026-06-23 15:29:46 | ml_trading | INFO | Fold 157: train=10060, test=50, purge=12, embargo=12
2026-06-23 15:29:49 | ml_trading | INFO | Fold 158: train=10122, test=50, purge=12, embargo=12
2026-06-23 15:29:51 | ml_trading | INFO | Fold 159: train=10184, test=50, purge=12, embargo=12
2026-06-23 15:29:53 | ml_trading | INFO | Fold 160: train=10246, test=50, purge=12, embargo=12
2026-06-23 15:30:00 | ml_trading | INFO | Fold 161: train=10308, test=50, purge=12, embargo=12
2026-06-23 15:30:05 | ml_trading | INFO | Fold 162: train=10370, test=50, purge=12, embargo=12
2026-06-23 15:30:13 | ml_trading | INFO | Fold 163: train=10432, test=50, purge=12, embargo=12
2026-06-23 15:30:16 | ml_trading | INFO | Fold 164: train=10494, test=50, purge=12, embargo=12
2026-06-23 15:30:22 | ml_trading | INFO | Fold 165: train=10556, test=50, purge=12, embargo=12
2026-06-23 15:30:25 | ml_trading | INFO | Fold 166: train=10618, test=50, purge=12, embargo=12
2026-06-23 15:30:30 | ml_trading | INFO | Fold 167: train=10680, test=50, purge=12, embargo=12
2026-06-23 15:30:34 | ml_trading | INFO | Fold 168: train=10742, test=50, purge=12, embargo=12
2026-06-23 15:30:40 | ml_trading | INFO | Fold 169: train=10804, test=50, purge=12, embargo=12
2026-06-23 15:30:46 | ml_trading | INFO | Fold 170: train=10866, test=50, purge=12, embargo=12
2026-06-23 15:30:50 | ml_trading | INFO | Fold 171: train=10928, test=50, purge=12, embargo=12
2026-06-23 15:30:53 | ml_trading | INFO | Fold 172: train=10990, test=50, purge=12, embargo=12
2026-06-23 15:30:55 | ml_trading | INFO | Fold 173: train=11052, test=50, purge=12, embargo=12
2026-06-23 15:30:58 | ml_trading | INFO | Fold 174: train=11114, test=50, purge=12, embargo=12
2026-06-23 15:31:00 | ml_trading | INFO | Fold 175: train=11176, test=50, purge=12, embargo=12
2026-06-23 15:31:04 | ml_trading | INFO | Fold 176: train=11238, test=50, purge=12, embargo=12
2026-06-23 15:31:08 | ml_trading | INFO | Fold 177: train=11300, test=50, purge=12, embargo=12
2026-06-23 15:31:13 | ml_trading | INFO | Fold 178: train=11362, test=50, purge=12, embargo=12
2026-06-23 15:31:18 | ml_trading | INFO | Fold 179: train=11424, test=50, purge=12, embargo=12
2026-06-23 15:31:23 | ml_trading | INFO | Fold 180: train=11486, test=50, purge=12, embargo=12
2026-06-23 15:31:28 | ml_trading | INFO | Fold 181: train=11548, test=50, purge=12, embargo=12
2026-06-23 15:31:32 | ml_trading | INFO | Fold 182: train=11610, test=50, purge=12, embargo=12
2026-06-23 15:31:35 | ml_trading | INFO | Fold 183: train=11672, test=50, purge=12, embargo=12
2026-06-23 15:31:37 | ml_trading | INFO | Fold 184: train=11734, test=50, purge=12, embargo=12
2026-06-23 15:31:40 | ml_trading | INFO | Fold 185: train=11796, test=50, purge=12, embargo=12
2026-06-23 15:31:42 | ml_trading | INFO | Fold 186: train=11858, test=50, purge=12, embargo=12
2026-06-23 15:31:44 | ml_trading | INFO | Fold 187: train=11920, test=50, purge=12, embargo=12
2026-06-23 15:31:47 | ml_trading | INFO | Fold 188: train=11982, test=50, purge=12, embargo=12
2026-06-23 15:31:51 | ml_trading | INFO | Fold 189: train=12044, test=50, purge=12, embargo=12
2026-06-23 15:31:54 | ml_trading | INFO | Fold 190: train=12106, test=50, purge=12, embargo=12
2026-06-23 15:31:57 | ml_trading | INFO | Fold 191: train=12168, test=50, purge=12, embargo=12
2026-06-23 15:32:00 | ml_trading | INFO | Fold 192: train=12230, test=50, purge=12, embargo=12
2026-06-23 15:32:03 | ml_trading | INFO | Fold 193: train=12292, test=50, purge=12, embargo=12
2026-06-23 15:32:06 | ml_trading | INFO | Fold 194: train=12354, test=50, purge=12, embargo=12
2026-06-23 15:32:09 | ml_trading | INFO | Fold 195: train=12416, test=50, purge=12, embargo=12
2026-06-23 15:32:12 | ml_trading | INFO | Fold 196: train=12478, test=50, purge=12, embargo=12
2026-06-23 15:32:15 | ml_trading | INFO | Fold 197: train=12540, test=50, purge=12, embargo=12
2026-06-23 15:32:18 | ml_trading | INFO | Fold 198: train=12602, test=50, purge=12, embargo=12
2026-06-23 15:32:21 | ml_trading | INFO | Fold 199: train=12664, test=50, purge=12, embargo=12
2026-06-23 15:32:25 | ml_trading | INFO | Fold 200: train=12726, test=50, purge=12, embargo=12
2026-06-23 15:32:29 | ml_trading | INFO | Fold 201: train=12788, test=50, purge=12, embargo=12
2026-06-23 15:32:33 | ml_trading | INFO | Fold 202: train=12850, test=50, purge=12, embargo=12
2026-06-23 15:32:37 | ml_trading | INFO | Fold 203: train=12912, test=50, purge=12, embargo=12
2026-06-23 15:32:40 | ml_trading | INFO | Fold 204: train=12974, test=50, purge=12, embargo=12
2026-06-23 15:32:43 | ml_trading | INFO | Fold 205: train=13036, test=50, purge=12, embargo=12
2026-06-23 15:32:46 | ml_trading | INFO | Fold 206: train=13098, test=50, purge=12, embargo=12
2026-06-23 15:32:49 | ml_trading | INFO | Fold 207: train=13160, test=50, purge=12, embargo=12
2026-06-23 15:32:52 | ml_trading | INFO | Fold 208: train=13222, test=50, purge=12, embargo=12
2026-06-23 15:32:55 | ml_trading | INFO | Fold 209: train=13284, test=50, purge=12, embargo=12
2026-06-23 15:32:59 | ml_trading | INFO | Fold 210: train=13346, test=50, purge=12, embargo=12
2026-06-23 15:33:03 | ml_trading | INFO | Fold 211: train=13408, test=50, purge=12, embargo=12
2026-06-23 15:33:07 | ml_trading | INFO | Fold 212: train=13470, test=50, purge=12, embargo=12
2026-06-23 15:33:11 | ml_trading | INFO | Fold 213: train=13532, test=50, purge=12, embargo=12
2026-06-23 15:33:15 | ml_trading | INFO | Fold 214: train=13594, test=50, purge=12, embargo=12
2026-06-23 15:33:18 | ml_trading | INFO | Fold 215: train=13656, test=50, purge=12, embargo=12
2026-06-23 15:33:21 | ml_trading | INFO | Fold 216: train=13718, test=50, purge=12, embargo=12
2026-06-23 15:33:24 | ml_trading | INFO | Fold 217: train=13780, test=50, purge=12, embargo=12
2026-06-23 15:33:28 | ml_trading | INFO | Fold 218: train=13842, test=50, purge=12, embargo=12
2026-06-23 15:33:31 | ml_trading | INFO | Fold 219: train=13904, test=50, purge=12, embargo=12
2026-06-23 15:33:35 | ml_trading | INFO | Fold 220: train=13966, test=50, purge=12, embargo=12
2026-06-23 15:33:39 | ml_trading | INFO | Fold 221: train=14028, test=50, purge=12, embargo=12
2026-06-23 15:33:43 | ml_trading | INFO | Fold 222: train=14090, test=50, purge=12, embargo=12
2026-06-23 15:33:46 | ml_trading | INFO | Fold 223: train=14152, test=50, purge=12, embargo=12
2026-06-23 15:33:49 | ml_trading | INFO | Fold 224: train=14214, test=50, purge=12, embargo=12
2026-06-23 15:33:52 | ml_trading | INFO | Fold 225: train=14276, test=50, purge=12, embargo=12
2026-06-23 15:34:00 | ml_trading | INFO | Fold 226: train=14338, test=50, purge=12, embargo=12
2026-06-23 15:34:04 | ml_trading | INFO | Fold 227: train=14400, test=50, purge=12, embargo=12
2026-06-23 15:34:07 | ml_trading | INFO | Fold 228: train=14462, test=50, purge=12, embargo=12
2026-06-23 15:34:12 | ml_trading | INFO | Fold 229: train=14524, test=50, purge=12, embargo=12
2026-06-23 15:34:14 | ml_trading | INFO | Fold 230: train=14586, test=50, purge=12, embargo=12
2026-06-23 15:34:17 | ml_trading | INFO | Fold 231: train=14648, test=50, purge=12, embargo=12
2026-06-23 15:34:20 | ml_trading | INFO | Fold 232: train=14710, test=50, purge=12, embargo=12
2026-06-23 15:34:23 | ml_trading | INFO | Fold 233: train=14772, test=50, purge=12, embargo=12
2026-06-23 15:34:28 | ml_trading | INFO | Fold 234: train=14834, test=50, purge=12, embargo=12
2026-06-23 15:34:31 | ml_trading | INFO | Fold 235: train=14896, test=50, purge=12, embargo=12
2026-06-23 15:34:33 | ml_trading | INFO | Fold 236: train=14958, test=50, purge=12, embargo=12
2026-06-23 15:34:36 | ml_trading | INFO | Fold 237: train=15020, test=50, purge=12, embargo=12
2026-06-23 15:34:39 | ml_trading | INFO | Fold 238: train=15082, test=50, purge=12, embargo=12
2026-06-23 15:34:43 | ml_trading | INFO | Fold 239: train=15144, test=50, purge=12, embargo=12
2026-06-23 15:34:46 | ml_trading | INFO | Fold 240: train=15206, test=50, purge=12, embargo=12
2026-06-23 15:34:50 | ml_trading | INFO | Fold 241: train=15268, test=50, purge=12, embargo=12
2026-06-23 15:34:53 | ml_trading | INFO | Fold 242: train=15330, test=50, purge=12, embargo=12
2026-06-23 15:34:56 | ml_trading | INFO | Fold 243: train=15392, test=50, purge=12, embargo=12
2026-06-23 15:34:58 | ml_trading | INFO | Fold 244: train=15454, test=50, purge=12, embargo=12
2026-06-23 15:35:03 | ml_trading | INFO | Fold 245: train=15516, test=50, purge=12, embargo=12
2026-06-23 15:35:08 | ml_trading | INFO | Fold 246: train=15578, test=50, purge=12, embargo=12
2026-06-23 15:35:14 | ml_trading | INFO | Fold 247: train=15640, test=50, purge=12, embargo=12
2026-06-23 15:35:24 | ml_trading | INFO | Fold 248: train=15702, test=50, purge=12, embargo=12
2026-06-23 15:35:29 | ml_trading | INFO | Fold 249: train=15764, test=50, purge=12, embargo=12
2026-06-23 15:35:32 | ml_trading | INFO | Fold 250: train=15826, test=50, purge=12, embargo=12
2026-06-23 15:35:36 | ml_trading | INFO | Fold 251: train=15888, test=50, purge=12, embargo=12
2026-06-23 15:35:39 | ml_trading | INFO | Fold 252: train=15950, test=50, purge=12, embargo=12
2026-06-23 15:35:44 | ml_trading | INFO | Fold 253: train=16012, test=50, purge=12, embargo=12
2026-06-23 15:35:48 | ml_trading | INFO | Fold 254: train=16074, test=50, purge=12, embargo=12
2026-06-23 15:35:51 | ml_trading | INFO | Fold 255: train=16136, test=50, purge=12, embargo=12
2026-06-23 15:35:55 | ml_trading | INFO | Fold 256: train=16198, test=50, purge=12, embargo=12
2026-06-23 15:35:58 | ml_trading | INFO | Fold 257: train=16260, test=50, purge=12, embargo=12
2026-06-23 15:36:01 | ml_trading | INFO | Fold 258: train=16322, test=50, purge=12, embargo=12
2026-06-23 15:36:05 | ml_trading | INFO | Fold 259: train=16384, test=50, purge=12, embargo=12
2026-06-23 15:36:09 | ml_trading | INFO | Fold 260: train=16446, test=50, purge=12, embargo=12
2026-06-23 15:36:12 | ml_trading | INFO | Fold 261: train=16508, test=50, purge=12, embargo=12
2026-06-23 15:36:16 | ml_trading | INFO | Fold 262: train=16570, test=50, purge=12, embargo=12
2026-06-23 15:36:20 | ml_trading | INFO | Fold 263: train=16632, test=50, purge=12, embargo=12
2026-06-23 15:36:23 | ml_trading | INFO | Fold 264: train=16694, test=50, purge=12, embargo=12
2026-06-23 15:36:26 | ml_trading | INFO | Fold 265: train=16756, test=50, purge=12, embargo=12
2026-06-23 15:36:29 | ml_trading | INFO | Fold 266: train=16818, test=50, purge=12, embargo=12
2026-06-23 15:36:36 | ml_trading | INFO | Fold 267: train=16880, test=50, purge=12, embargo=12
2026-06-23 15:36:40 | ml_trading | INFO | Fold 268: train=16942, test=50, purge=12, embargo=12
2026-06-23 15:36:43 | ml_trading | INFO | Fold 269: train=17004, test=50, purge=12, embargo=12
2026-06-23 15:36:48 | ml_trading | INFO | Fold 270: train=17066, test=50, purge=12, embargo=12
2026-06-23 15:36:51 | ml_trading | INFO | Fold 271: train=17128, test=50, purge=12, embargo=12
2026-06-23 15:36:55 | ml_trading | INFO | Fold 272: train=17190, test=50, purge=12, embargo=12
2026-06-23 15:36:57 | ml_trading | INFO | Fold 273: train=17252, test=50, purge=12, embargo=12
2026-06-23 15:37:00 | ml_trading | INFO | Fold 274: train=17314, test=50, purge=12, embargo=12
2026-06-23 15:37:04 | ml_trading | INFO | Fold 275: train=17376, test=50, purge=12, embargo=12
2026-06-23 15:37:07 | ml_trading | INFO | Fold 276: train=17438, test=50, purge=12, embargo=12
2026-06-23 15:37:10 | ml_trading | INFO | Walk-forward validation complete: 276 folds
2026-06-23 15:37:10 | ml_trading | INFO | Avg F1 - Short: 0.569, Neutral: 0.342, Long: 0.083
2026-06-23 15:37:11 | ml_trading | INFO | Training final xgboost model on 17548 samples
2026-06-23 15:37:12 | ml_trading | INFO | Model saved to /root/app/ml-project/ml-trading-dashboard/ml_service/storage/models/candidates/SUIUSDT_1h_xgboost_20260623_153712.pkl
2026-06-23 15:37:13 | ml_trading | INFO | Saved calibration artifact: SUIUSDT_1h_xgboost_20260623_153712_calibration.pkl (chosen=isotonic)
2026-06-23 15:37:13 | ml_trading | INFO | Calibration metrics (holdout=50): raw: ECE=0.182 LL=1.027 Brier=0.681 | platt: ECE=0.050 LL=0.766 Brier=0.503 | isotonic: ECE=0.048 LL=0.752 Brier=0.492  → chosen: isotonic

================================================================================
TRAINING COMPLETE
================================================================================
Model: xgboost
Folds: 276

F1 Scores:
  Short:   0.569
  Neutral: 0.342
  Long:    0.083
  Weighted: 0.447

Model saved: /root/app/ml-project/ml-trading-dashboard/ml_service/storage/models/candidates/SUIUSDT_1h_xgboost_20260623_153712.pkl
================================================================================

Finished SUIUSDT 1h

=================================================
TRAINING SUIUSDT 4h
=================================================

Training model for SUIUSDT 4h...
2026-06-23 15:37:21 | ml_trading | INFO | Database schema initialized
2026-06-23 15:37:21 | ml_trading | INFO | Database initialized at /root/app/ml-project/ml-trading-dashboard/ml_service/storage/database.db
Loaded 4441 candles
Loaded 4441 BTC candles for correlation
Loaded 691 ES_proxy candles for correlation
2026-06-23 15:37:21 | ml_trading | INFO | [horizon] forward_periods=12 (source: /root/app/ml-project/ml-trading-dashboard/ml_service/config.yaml)
2026-06-23 15:37:21 | ml_trading | INFO | Starting training for SUIUSDT 4h
2026-06-23 15:37:21 | ml_trading | INFO |   Labeling method: triple_barrier
2026-06-23 15:37:21 | ml_trading | INFO |   Forward periods: 12
2026-06-23 15:37:21 | ml_trading | INFO |   TP multiplier: 3.0x ATR
2026-06-23 15:37:21 | ml_trading | INFO |   SL multiplier: 1.5x ATR
2026-06-23 15:37:21 | ml_trading | INFO | Found tuned hyperparameters for SUIUSDT 4h
2026-06-23 15:37:21 | ml_trading | INFO | Model type: lightgbm, F1: 0.4887
[!] VWAP requires an ordered DatetimeIndex.
2026-06-23 15:38:00 | ml_trading | INFO | Fetched 200 funding rate records for SUIUSDT
2026-06-23 15:38:04 | ml_trading | INFO | Clean dataset: 4225 rows after dropping NaN
2026-06-23 15:38:04 | ml_trading | INFO | Fold 1: train=388, test=50, purge=12, embargo=12
2026-06-23 15:38:07 | ml_trading | INFO | Fold 2: train=450, test=50, purge=12, embargo=12
2026-06-23 15:38:08 | ml_trading | INFO | Fold 3: train=512, test=50, purge=12, embargo=12
2026-06-23 15:38:11 | ml_trading | INFO | Fold 4: train=574, test=50, purge=12, embargo=12
2026-06-23 15:38:14 | ml_trading | INFO | Fold 5: train=636, test=50, purge=12, embargo=12
2026-06-23 15:38:17 | ml_trading | INFO | Fold 6: train=698, test=50, purge=12, embargo=12
2026-06-23 15:38:20 | ml_trading | INFO | Fold 7: train=760, test=50, purge=12, embargo=12
2026-06-23 15:38:23 | ml_trading | INFO | Fold 8: train=822, test=50, purge=12, embargo=12
2026-06-23 15:38:25 | ml_trading | INFO | Fold 9: train=884, test=50, purge=12, embargo=12
2026-06-23 15:38:27 | ml_trading | INFO | Fold 10: train=946, test=50, purge=12, embargo=12
2026-06-23 15:38:30 | ml_trading | INFO | Fold 11: train=1008, test=50, purge=12, embargo=12
2026-06-23 15:38:32 | ml_trading | INFO | Fold 12: train=1070, test=50, purge=12, embargo=12
2026-06-23 15:38:36 | ml_trading | INFO | Fold 13: train=1132, test=50, purge=12, embargo=12
2026-06-23 15:38:38 | ml_trading | INFO | Fold 14: train=1194, test=50, purge=12, embargo=12
2026-06-23 15:38:42 | ml_trading | INFO | Fold 15: train=1256, test=50, purge=12, embargo=12
2026-06-23 15:38:46 | ml_trading | INFO | Fold 16: train=1318, test=50, purge=12, embargo=12
2026-06-23 15:38:49 | ml_trading | INFO | Fold 17: train=1380, test=50, purge=12, embargo=12
2026-06-23 15:38:52 | ml_trading | INFO | Fold 18: train=1442, test=50, purge=12, embargo=12
2026-06-23 15:38:55 | ml_trading | INFO | Fold 19: train=1504, test=50, purge=12, embargo=12
2026-06-23 15:38:57 | ml_trading | INFO | Fold 20: train=1566, test=50, purge=12, embargo=12
2026-06-23 15:39:00 | ml_trading | INFO | Fold 21: train=1628, test=50, purge=12, embargo=12
2026-06-23 15:39:03 | ml_trading | INFO | Fold 22: train=1690, test=50, purge=12, embargo=12
2026-06-23 15:39:06 | ml_trading | INFO | Fold 23: train=1752, test=50, purge=12, embargo=12
2026-06-23 15:39:11 | ml_trading | INFO | Fold 24: train=1814, test=50, purge=12, embargo=12
2026-06-23 15:39:18 | ml_trading | INFO | Fold 25: train=1876, test=50, purge=12, embargo=12
2026-06-23 15:39:25 | ml_trading | INFO | Fold 26: train=1938, test=50, purge=12, embargo=12
2026-06-23 15:39:28 | ml_trading | INFO | Fold 27: train=2000, test=50, purge=12, embargo=12
2026-06-23 15:39:32 | ml_trading | INFO | Fold 28: train=2062, test=50, purge=12, embargo=12
2026-06-23 15:39:37 | ml_trading | INFO | Fold 29: train=2124, test=50, purge=12, embargo=12
2026-06-23 15:39:40 | ml_trading | INFO | Fold 30: train=2186, test=50, purge=12, embargo=12
2026-06-23 15:39:43 | ml_trading | INFO | Fold 31: train=2248, test=50, purge=12, embargo=12
2026-06-23 15:39:47 | ml_trading | INFO | Fold 32: train=2310, test=50, purge=12, embargo=12
2026-06-23 15:39:51 | ml_trading | INFO | Fold 33: train=2372, test=50, purge=12, embargo=12
2026-06-23 15:39:54 | ml_trading | INFO | Fold 34: train=2434, test=50, purge=12, embargo=12
2026-06-23 15:39:58 | ml_trading | INFO | Fold 35: train=2496, test=50, purge=12, embargo=12
2026-06-23 15:40:02 | ml_trading | INFO | Fold 36: train=2558, test=50, purge=12, embargo=12
2026-06-23 15:40:07 | ml_trading | INFO | Fold 37: train=2620, test=50, purge=12, embargo=12
2026-06-23 15:40:14 | ml_trading | INFO | Fold 38: train=2682, test=50, purge=12, embargo=12
2026-06-23 15:40:20 | ml_trading | INFO | Fold 39: train=2744, test=50, purge=12, embargo=12
2026-06-23 15:40:24 | ml_trading | INFO | Fold 40: train=2806, test=50, purge=12, embargo=12
2026-06-23 15:40:36 | ml_trading | INFO | Fold 41: train=2868, test=50, purge=12, embargo=12
2026-06-23 15:40:45 | ml_trading | INFO | Fold 42: train=2930, test=50, purge=12, embargo=12
2026-06-23 15:40:51 | ml_trading | INFO | Fold 43: train=2992, test=50, purge=12, embargo=12
2026-06-23 15:41:02 | ml_trading | INFO | Fold 44: train=3054, test=50, purge=12, embargo=12
2026-06-23 15:41:06 | ml_trading | INFO | Fold 45: train=3116, test=50, purge=12, embargo=12
2026-06-23 15:41:13 | ml_trading | INFO | Fold 46: train=3178, test=50, purge=12, embargo=12
2026-06-23 15:41:22 | ml_trading | INFO | Fold 47: train=3240, test=50, purge=12, embargo=12
2026-06-23 15:41:31 | ml_trading | INFO | Fold 48: train=3302, test=50, purge=12, embargo=12
2026-06-23 15:41:37 | ml_trading | INFO | Fold 49: train=3364, test=50, purge=12, embargo=12
2026-06-23 15:41:45 | ml_trading | INFO | Fold 50: train=3426, test=50, purge=12, embargo=12
2026-06-23 15:41:52 | ml_trading | INFO | Fold 51: train=3488, test=50, purge=12, embargo=12
2026-06-23 15:41:54 | ml_trading | INFO | Fold 52: train=3550, test=50, purge=12, embargo=12
2026-06-23 15:41:59 | ml_trading | INFO | Fold 53: train=3612, test=50, purge=12, embargo=12
2026-06-23 15:42:07 | ml_trading | INFO | Fold 54: train=3674, test=50, purge=12, embargo=12
2026-06-23 15:42:13 | ml_trading | INFO | Fold 55: train=3736, test=50, purge=12, embargo=12
2026-06-23 15:42:19 | ml_trading | INFO | Fold 56: train=3798, test=50, purge=12, embargo=12
2026-06-23 15:42:22 | ml_trading | INFO | Fold 57: train=3860, test=50, purge=12, embargo=12
2026-06-23 15:42:27 | ml_trading | INFO | Fold 58: train=3922, test=50, purge=12, embargo=12
2026-06-23 15:42:33 | ml_trading | INFO | Fold 59: train=3984, test=50, purge=12, embargo=12
2026-06-23 15:42:37 | ml_trading | INFO | Fold 60: train=4046, test=50, purge=12, embargo=12
2026-06-23 15:42:43 | ml_trading | INFO | Fold 61: train=4108, test=50, purge=12, embargo=12
2026-06-23 15:42:48 | ml_trading | INFO | Walk-forward validation complete: 61 folds
2026-06-23 15:42:48 | ml_trading | INFO | Avg F1 - Short: 0.586, Neutral: 0.318, Long: 0.140
2026-06-23 15:42:48 | ml_trading | INFO | Training final xgboost model on 4225 samples
2026-06-23 15:42:49 | ml_trading | INFO | Model saved to /root/app/ml-project/ml-trading-dashboard/ml_service/storage/models/candidates/SUIUSDT_4h_xgboost_20260623_154249.pkl
2026-06-23 15:42:49 | ml_trading | INFO | Saved calibration artifact: SUIUSDT_4h_xgboost_20260623_154249_calibration.pkl (chosen=isotonic)
2026-06-23 15:42:49 | ml_trading | INFO | Calibration metrics (holdout=50): raw: ECE=0.351 LL=1.075 Brier=0.730 | platt: ECE=0.039 LL=0.487 Brier=0.276 | isotonic: ECE=0.038 LL=0.462 Brier=0.268  → chosen: isotonic

================================================================================
TRAINING COMPLETE
================================================================================
Model: xgboost
Folds: 61

F1 Scores:
  Short:   0.586
  Neutral: 0.318
  Long:    0.140
  Weighted: 0.451

Model saved: /root/app/ml-project/ml-trading-dashboard/ml_service/storage/models/candidates/SUIUSDT_4h_xgboost_20260623_154249.pkl
================================================================================

Finished SUIUSDT 4h

=================================================
TRAINING XRPUSDT 1h
=================================================

Training model for XRPUSDT 1h...
2026-06-23 15:42:54 | ml_trading | INFO | Database schema initialized
2026-06-23 15:42:54 | ml_trading | INFO | Database initialized at /root/app/ml-project/ml-trading-dashboard/ml_service/storage/database.db
Loaded 17764 candles
Loaded 17764 BTC candles for correlation
Loaded 2414 ES_proxy candles for correlation
2026-06-23 15:42:55 | ml_trading | INFO | [horizon] forward_periods=12 (source: /root/app/ml-project/ml-trading-dashboard/ml_service/config.yaml)
2026-06-23 15:42:55 | ml_trading | INFO | Starting training for XRPUSDT 1h
2026-06-23 15:42:55 | ml_trading | INFO |   Labeling method: triple_barrier
2026-06-23 15:42:55 | ml_trading | INFO |   Forward periods: 12
2026-06-23 15:42:55 | ml_trading | INFO |   TP multiplier: 3.0x ATR
2026-06-23 15:42:55 | ml_trading | INFO |   SL multiplier: 1.5x ATR
[!] VWAP requires an ordered DatetimeIndex.
2026-06-23 15:45:27 | ml_trading | INFO | Fetched 200 funding rate records for XRPUSDT
2026-06-23 15:45:41 | ml_trading | INFO | Clean dataset: 17548 rows after dropping NaN
2026-06-23 15:45:41 | ml_trading | INFO | Fold 1: train=388, test=50, purge=12, embargo=12
2026-06-23 15:45:42 | ml_trading | INFO | Fold 2: train=450, test=50, purge=12, embargo=12
2026-06-23 15:45:44 | ml_trading | INFO | Fold 3: train=512, test=50, purge=12, embargo=12
2026-06-23 15:45:51 | ml_trading | INFO | Fold 4: train=574, test=50, purge=12, embargo=12
2026-06-23 15:45:52 | ml_trading | INFO | Fold 5: train=636, test=50, purge=12, embargo=12
2026-06-23 15:45:55 | ml_trading | INFO | Fold 6: train=698, test=50, purge=12, embargo=12
2026-06-23 15:45:57 | ml_trading | INFO | Fold 7: train=760, test=50, purge=12, embargo=12
2026-06-23 15:45:59 | ml_trading | INFO | Fold 8: train=822, test=50, purge=12, embargo=12
2026-06-23 15:46:02 | ml_trading | INFO | Fold 9: train=884, test=50, purge=12, embargo=12
2026-06-23 15:46:05 | ml_trading | INFO | Fold 10: train=946, test=50, purge=12, embargo=12
2026-06-23 15:46:07 | ml_trading | INFO | Fold 11: train=1008, test=50, purge=12, embargo=12
2026-06-23 15:46:09 | ml_trading | INFO | Fold 12: train=1070, test=50, purge=12, embargo=12
2026-06-23 15:46:12 | ml_trading | INFO | Fold 13: train=1132, test=50, purge=12, embargo=12
2026-06-23 15:46:15 | ml_trading | INFO | Fold 14: train=1194, test=50, purge=12, embargo=12
2026-06-23 15:46:18 | ml_trading | INFO | Fold 15: train=1256, test=50, purge=12, embargo=12
2026-06-23 15:46:19 | ml_trading | INFO | Fold 16: train=1318, test=50, purge=12, embargo=12
2026-06-23 15:46:21 | ml_trading | INFO | Fold 17: train=1380, test=50, purge=12, embargo=12
2026-06-23 15:46:23 | ml_trading | INFO | Fold 18: train=1442, test=50, purge=12, embargo=12
2026-06-23 15:46:24 | ml_trading | INFO | Fold 19: train=1504, test=50, purge=12, embargo=12
2026-06-23 15:46:26 | ml_trading | INFO | Fold 20: train=1566, test=50, purge=12, embargo=12
2026-06-23 15:46:28 | ml_trading | INFO | Fold 21: train=1628, test=50, purge=12, embargo=12
2026-06-23 15:46:30 | ml_trading | INFO | Fold 22: train=1690, test=50, purge=12, embargo=12
2026-06-23 15:46:32 | ml_trading | INFO | Fold 23: train=1752, test=50, purge=12, embargo=12
2026-06-23 15:46:34 | ml_trading | INFO | Fold 24: train=1814, test=50, purge=12, embargo=12
2026-06-23 15:46:35 | ml_trading | INFO | Fold 25: train=1876, test=50, purge=12, embargo=12
2026-06-23 15:46:38 | ml_trading | INFO | Fold 26: train=1938, test=50, purge=12, embargo=12
2026-06-23 15:46:40 | ml_trading | INFO | Fold 27: train=2000, test=50, purge=12, embargo=12
2026-06-23 15:46:42 | ml_trading | INFO | Fold 28: train=2062, test=50, purge=12, embargo=12
2026-06-23 15:46:43 | ml_trading | INFO | Fold 29: train=2124, test=50, purge=12, embargo=12
2026-06-23 15:46:45 | ml_trading | INFO | Fold 30: train=2186, test=50, purge=12, embargo=12
2026-06-23 15:46:48 | ml_trading | INFO | Fold 31: train=2248, test=50, purge=12, embargo=12
2026-06-23 15:46:50 | ml_trading | INFO | Fold 32: train=2310, test=50, purge=12, embargo=12
2026-06-23 15:46:51 | ml_trading | INFO | Fold 33: train=2372, test=50, purge=12, embargo=12
2026-06-23 15:46:53 | ml_trading | INFO | Fold 34: train=2434, test=50, purge=12, embargo=12
2026-06-23 15:46:55 | ml_trading | INFO | Fold 35: train=2496, test=50, purge=12, embargo=12
2026-06-23 15:46:57 | ml_trading | INFO | Fold 36: train=2558, test=50, purge=12, embargo=12
2026-06-23 15:46:58 | ml_trading | INFO | Fold 37: train=2620, test=50, purge=12, embargo=12
2026-06-23 15:47:00 | ml_trading | INFO | Fold 38: train=2682, test=50, purge=12, embargo=12
2026-06-23 15:47:02 | ml_trading | INFO | Fold 39: train=2744, test=50, purge=12, embargo=12
2026-06-23 15:47:04 | ml_trading | INFO | Fold 40: train=2806, test=50, purge=12, embargo=12
2026-06-23 15:47:06 | ml_trading | INFO | Fold 41: train=2868, test=50, purge=12, embargo=12
2026-06-23 15:47:09 | ml_trading | INFO | Fold 42: train=2930, test=50, purge=12, embargo=12
2026-06-23 15:47:10 | ml_trading | INFO | Fold 43: train=2992, test=50, purge=12, embargo=12
2026-06-23 15:47:12 | ml_trading | INFO | Fold 44: train=3054, test=50, purge=12, embargo=12
2026-06-23 15:47:15 | ml_trading | INFO | Fold 45: train=3116, test=50, purge=12, embargo=12
2026-06-23 15:47:17 | ml_trading | INFO | Fold 46: train=3178, test=50, purge=12, embargo=12
2026-06-23 15:47:20 | ml_trading | INFO | Fold 47: train=3240, test=50, purge=12, embargo=12
2026-06-23 15:47:22 | ml_trading | INFO | Fold 48: train=3302, test=50, purge=12, embargo=12
2026-06-23 15:47:23 | ml_trading | INFO | Fold 49: train=3364, test=50, purge=12, embargo=12
2026-06-23 15:47:26 | ml_trading | INFO | Fold 50: train=3426, test=50, purge=12, embargo=12
2026-06-23 15:47:28 | ml_trading | INFO | Fold 51: train=3488, test=50, purge=12, embargo=12
2026-06-23 15:47:31 | ml_trading | INFO | Fold 52: train=3550, test=50, purge=12, embargo=12
2026-06-23 15:47:33 | ml_trading | INFO | Fold 53: train=3612, test=50, purge=12, embargo=12
2026-06-23 15:47:35 | ml_trading | INFO | Fold 54: train=3674, test=50, purge=12, embargo=12
2026-06-23 15:47:37 | ml_trading | INFO | Fold 55: train=3736, test=50, purge=12, embargo=12
2026-06-23 15:47:40 | ml_trading | INFO | Fold 56: train=3798, test=50, purge=12, embargo=12
2026-06-23 15:47:42 | ml_trading | INFO | Fold 57: train=3860, test=50, purge=12, embargo=12
2026-06-23 15:47:44 | ml_trading | INFO | Fold 58: train=3922, test=50, purge=12, embargo=12
2026-06-23 15:47:46 | ml_trading | INFO | Fold 59: train=3984, test=50, purge=12, embargo=12
2026-06-23 15:47:50 | ml_trading | INFO | Fold 60: train=4046, test=50, purge=12, embargo=12
2026-06-23 15:47:52 | ml_trading | INFO | Fold 61: train=4108, test=50, purge=12, embargo=12
2026-06-23 15:47:54 | ml_trading | INFO | Fold 62: train=4170, test=50, purge=12, embargo=12
2026-06-23 15:47:56 | ml_trading | INFO | Fold 63: train=4232, test=50, purge=12, embargo=12
2026-06-23 15:47:58 | ml_trading | INFO | Fold 64: train=4294, test=50, purge=12, embargo=12
2026-06-23 15:48:01 | ml_trading | INFO | Fold 65: train=4356, test=50, purge=12, embargo=12
2026-06-23 15:48:03 | ml_trading | INFO | Fold 66: train=4418, test=50, purge=12, embargo=12
2026-06-23 15:48:07 | ml_trading | INFO | Fold 67: train=4480, test=50, purge=12, embargo=12
2026-06-23 15:48:09 | ml_trading | INFO | Fold 68: train=4542, test=50, purge=12, embargo=12
2026-06-23 15:48:12 | ml_trading | INFO | Fold 69: train=4604, test=50, purge=12, embargo=12
2026-06-23 15:48:14 | ml_trading | INFO | Fold 70: train=4666, test=50, purge=12, embargo=12
2026-06-23 15:48:17 | ml_trading | INFO | Fold 71: train=4728, test=50, purge=12, embargo=12
2026-06-23 15:48:20 | ml_trading | INFO | Fold 72: train=4790, test=50, purge=12, embargo=12
2026-06-23 15:48:23 | ml_trading | INFO | Fold 73: train=4852, test=50, purge=12, embargo=12
2026-06-23 15:48:24 | ml_trading | INFO | Fold 74: train=4914, test=50, purge=12, embargo=12
2026-06-23 15:48:27 | ml_trading | INFO | Fold 75: train=4976, test=50, purge=12, embargo=12
2026-06-23 15:48:29 | ml_trading | INFO | Fold 76: train=5038, test=50, purge=12, embargo=12
2026-06-23 15:48:32 | ml_trading | INFO | Fold 77: train=5100, test=50, purge=12, embargo=12
2026-06-23 15:48:35 | ml_trading | INFO | Fold 78: train=5162, test=50, purge=12, embargo=12
2026-06-23 15:48:37 | ml_trading | INFO | Fold 79: train=5224, test=50, purge=12, embargo=12
2026-06-23 15:48:41 | ml_trading | INFO | Fold 80: train=5286, test=50, purge=12, embargo=12
2026-06-23 15:48:44 | ml_trading | INFO | Fold 81: train=5348, test=50, purge=12, embargo=12
2026-06-23 15:48:48 | ml_trading | INFO | Fold 82: train=5410, test=50, purge=12, embargo=12
2026-06-23 15:48:52 | ml_trading | INFO | Fold 83: train=5472, test=50, purge=12, embargo=12
2026-06-23 15:48:55 | ml_trading | INFO | Fold 84: train=5534, test=50, purge=12, embargo=12
2026-06-23 15:48:58 | ml_trading | INFO | Fold 85: train=5596, test=50, purge=12, embargo=12
2026-06-23 15:49:01 | ml_trading | INFO | Fold 86: train=5658, test=50, purge=12, embargo=12
2026-06-23 15:49:04 | ml_trading | INFO | Fold 87: train=5720, test=50, purge=12, embargo=12
2026-06-23 15:49:07 | ml_trading | INFO | Fold 88: train=5782, test=50, purge=12, embargo=12
2026-06-23 15:49:10 | ml_trading | INFO | Fold 89: train=5844, test=50, purge=12, embargo=12
2026-06-23 15:49:13 | ml_trading | INFO | Fold 90: train=5906, test=50, purge=12, embargo=12
2026-06-23 15:49:15 | ml_trading | INFO | Fold 91: train=5968, test=50, purge=12, embargo=12
2026-06-23 15:49:18 | ml_trading | INFO | Fold 92: train=6030, test=50, purge=12, embargo=12
2026-06-23 15:49:20 | ml_trading | INFO | Fold 93: train=6092, test=50, purge=12, embargo=12
2026-06-23 15:49:23 | ml_trading | INFO | Fold 94: train=6154, test=50, purge=12, embargo=12
2026-06-23 15:49:25 | ml_trading | INFO | Fold 95: train=6216, test=50, purge=12, embargo=12
2026-06-23 15:49:28 | ml_trading | INFO | Fold 96: train=6278, test=50, purge=12, embargo=12
2026-06-23 15:49:30 | ml_trading | INFO | Fold 97: train=6340, test=50, purge=12, embargo=12
2026-06-23 15:49:32 | ml_trading | INFO | Fold 98: train=6402, test=50, purge=12, embargo=12
2026-06-23 15:49:34 | ml_trading | INFO | Fold 99: train=6464, test=50, purge=12, embargo=12
2026-06-23 15:49:36 | ml_trading | INFO | Fold 100: train=6526, test=50, purge=12, embargo=12
2026-06-23 15:49:38 | ml_trading | INFO | Fold 101: train=6588, test=50, purge=12, embargo=12
2026-06-23 15:49:41 | ml_trading | INFO | Fold 102: train=6650, test=50, purge=12, embargo=12
2026-06-23 15:49:43 | ml_trading | INFO | Fold 103: train=6712, test=50, purge=12, embargo=12
2026-06-23 15:49:45 | ml_trading | INFO | Fold 104: train=6774, test=50, purge=12, embargo=12
2026-06-23 15:49:53 | ml_trading | INFO | Fold 105: train=6836, test=50, purge=12, embargo=12
2026-06-23 15:49:55 | ml_trading | INFO | Fold 106: train=6898, test=50, purge=12, embargo=12
2026-06-23 15:49:57 | ml_trading | INFO | Fold 107: train=6960, test=50, purge=12, embargo=12
2026-06-23 15:49:59 | ml_trading | INFO | Fold 108: train=7022, test=50, purge=12, embargo=12
2026-06-23 15:50:05 | ml_trading | INFO | Fold 109: train=7084, test=50, purge=12, embargo=12
2026-06-23 15:50:08 | ml_trading | INFO | Fold 110: train=7146, test=50, purge=12, embargo=12
2026-06-23 15:50:12 | ml_trading | INFO | Fold 111: train=7208, test=50, purge=12, embargo=12
2026-06-23 15:50:16 | ml_trading | INFO | Fold 112: train=7270, test=50, purge=12, embargo=12
2026-06-23 15:50:19 | ml_trading | INFO | Fold 113: train=7332, test=50, purge=12, embargo=12
2026-06-23 15:50:21 | ml_trading | INFO | Fold 114: train=7394, test=50, purge=12, embargo=12
2026-06-23 15:50:23 | ml_trading | INFO | Fold 115: train=7456, test=50, purge=12, embargo=12
2026-06-23 15:50:26 | ml_trading | INFO | Fold 116: train=7518, test=50, purge=12, embargo=12
2026-06-23 15:50:28 | ml_trading | INFO | Fold 117: train=7580, test=50, purge=12, embargo=12
2026-06-23 15:50:30 | ml_trading | INFO | Fold 118: train=7642, test=50, purge=12, embargo=12
2026-06-23 15:50:33 | ml_trading | INFO | Fold 119: train=7704, test=50, purge=12, embargo=12
2026-06-23 15:50:35 | ml_trading | INFO | Fold 120: train=7766, test=50, purge=12, embargo=12
2026-06-23 15:50:38 | ml_trading | INFO | Fold 121: train=7828, test=50, purge=12, embargo=12
2026-06-23 15:50:40 | ml_trading | INFO | Fold 122: train=7890, test=50, purge=12, embargo=12
2026-06-23 15:50:43 | ml_trading | INFO | Fold 123: train=7952, test=50, purge=12, embargo=12
2026-06-23 15:50:45 | ml_trading | INFO | Fold 124: train=8014, test=50, purge=12, embargo=12
2026-06-23 15:50:48 | ml_trading | INFO | Fold 125: train=8076, test=50, purge=12, embargo=12
2026-06-23 15:50:50 | ml_trading | INFO | Fold 126: train=8138, test=50, purge=12, embargo=12
2026-06-23 15:50:55 | ml_trading | INFO | Fold 127: train=8200, test=50, purge=12, embargo=12
2026-06-23 15:50:59 | ml_trading | INFO | Fold 128: train=8262, test=50, purge=12, embargo=12
2026-06-23 15:51:07 | ml_trading | INFO | Fold 129: train=8324, test=50, purge=12, embargo=12
2026-06-23 15:51:10 | ml_trading | INFO | Fold 130: train=8386, test=50, purge=12, embargo=12
2026-06-23 15:51:12 | ml_trading | INFO | Fold 131: train=8448, test=50, purge=12, embargo=12
2026-06-23 15:51:15 | ml_trading | INFO | Fold 132: train=8510, test=50, purge=12, embargo=12
2026-06-23 15:51:18 | ml_trading | INFO | Fold 133: train=8572, test=50, purge=12, embargo=12
2026-06-23 15:51:21 | ml_trading | INFO | Fold 134: train=8634, test=50, purge=12, embargo=12
2026-06-23 15:51:23 | ml_trading | INFO | Fold 135: train=8696, test=50, purge=12, embargo=12
2026-06-23 15:51:25 | ml_trading | INFO | Fold 136: train=8758, test=50, purge=12, embargo=12
2026-06-23 15:51:27 | ml_trading | INFO | Fold 137: train=8820, test=50, purge=12, embargo=12
2026-06-23 15:51:31 | ml_trading | INFO | Fold 138: train=8882, test=50, purge=12, embargo=12
2026-06-23 15:51:34 | ml_trading | INFO | Fold 139: train=8944, test=50, purge=12, embargo=12
2026-06-23 15:51:36 | ml_trading | INFO | Fold 140: train=9006, test=50, purge=12, embargo=12
2026-06-23 15:51:39 | ml_trading | INFO | Fold 141: train=9068, test=50, purge=12, embargo=12
2026-06-23 15:51:41 | ml_trading | INFO | Fold 142: train=9130, test=50, purge=12, embargo=12
2026-06-23 15:51:44 | ml_trading | INFO | Fold 143: train=9192, test=50, purge=12, embargo=12
2026-06-23 15:51:46 | ml_trading | INFO | Fold 144: train=9254, test=50, purge=12, embargo=12
2026-06-23 15:51:48 | ml_trading | INFO | Fold 145: train=9316, test=50, purge=12, embargo=12
2026-06-23 15:51:50 | ml_trading | INFO | Fold 146: train=9378, test=50, purge=12, embargo=12
2026-06-23 15:51:52 | ml_trading | INFO | Fold 147: train=9440, test=50, purge=12, embargo=12
2026-06-23 15:51:56 | ml_trading | INFO | Fold 148: train=9502, test=50, purge=12, embargo=12
2026-06-23 15:51:58 | ml_trading | INFO | Fold 149: train=9564, test=50, purge=12, embargo=12
2026-06-23 15:52:02 | ml_trading | INFO | Fold 150: train=9626, test=50, purge=12, embargo=12
2026-06-23 15:52:05 | ml_trading | INFO | Fold 151: train=9688, test=50, purge=12, embargo=12
2026-06-23 15:52:08 | ml_trading | INFO | Fold 152: train=9750, test=50, purge=12, embargo=12
2026-06-23 15:52:11 | ml_trading | INFO | Fold 153: train=9812, test=50, purge=12, embargo=12
2026-06-23 15:52:14 | ml_trading | INFO | Fold 154: train=9874, test=50, purge=12, embargo=12
2026-06-23 15:52:17 | ml_trading | INFO | Fold 155: train=9936, test=50, purge=12, embargo=12
2026-06-23 15:52:20 | ml_trading | INFO | Fold 156: train=9998, test=50, purge=12, embargo=12
2026-06-23 15:52:22 | ml_trading | INFO | Fold 157: train=10060, test=50, purge=12, embargo=12
2026-06-23 15:52:25 | ml_trading | INFO | Fold 158: train=10122, test=50, purge=12, embargo=12
2026-06-23 15:52:28 | ml_trading | INFO | Fold 159: train=10184, test=50, purge=12, embargo=12
2026-06-23 15:52:31 | ml_trading | INFO | Fold 160: train=10246, test=50, purge=12, embargo=12
2026-06-23 15:52:34 | ml_trading | INFO | Fold 161: train=10308, test=50, purge=12, embargo=12
2026-06-23 15:52:37 | ml_trading | INFO | Fold 162: train=10370, test=50, purge=12, embargo=12
2026-06-23 15:52:40 | ml_trading | INFO | Fold 163: train=10432, test=50, purge=12, embargo=12
2026-06-23 15:52:44 | ml_trading | INFO | Fold 164: train=10494, test=50, purge=12, embargo=12
2026-06-23 15:52:47 | ml_trading | INFO | Fold 165: train=10556, test=50, purge=12, embargo=12
2026-06-23 15:52:49 | ml_trading | INFO | Fold 166: train=10618, test=50, purge=12, embargo=12
2026-06-23 15:52:52 | ml_trading | INFO | Fold 167: train=10680, test=50, purge=12, embargo=12
2026-06-23 15:52:58 | ml_trading | INFO | Fold 168: train=10742, test=50, purge=12, embargo=12
2026-06-23 15:53:01 | ml_trading | INFO | Fold 169: train=10804, test=50, purge=12, embargo=12
2026-06-23 15:53:04 | ml_trading | INFO | Fold 170: train=10866, test=50, purge=12, embargo=12
2026-06-23 15:53:07 | ml_trading | INFO | Fold 171: train=10928, test=50, purge=12, embargo=12
2026-06-23 15:53:09 | ml_trading | INFO | Fold 172: train=10990, test=50, purge=12, embargo=12
2026-06-23 15:53:12 | ml_trading | INFO | Fold 173: train=11052, test=50, purge=12, embargo=12
2026-06-23 15:53:17 | ml_trading | INFO | Fold 174: train=11114, test=50, purge=12, embargo=12
2026-06-23 15:53:19 | ml_trading | INFO | Fold 175: train=11176, test=50, purge=12, embargo=12
2026-06-23 15:53:22 | ml_trading | INFO | Fold 176: train=11238, test=50, purge=12, embargo=12
2026-06-23 15:53:24 | ml_trading | INFO | Fold 177: train=11300, test=50, purge=12, embargo=12
2026-06-23 15:53:27 | ml_trading | INFO | Fold 178: train=11362, test=50, purge=12, embargo=12
2026-06-23 15:53:29 | ml_trading | INFO | Fold 179: train=11424, test=50, purge=12, embargo=12
2026-06-23 15:53:32 | ml_trading | INFO | Fold 180: train=11486, test=50, purge=12, embargo=12
2026-06-23 15:53:34 | ml_trading | INFO | Fold 181: train=11548, test=50, purge=12, embargo=12
2026-06-23 15:53:37 | ml_trading | INFO | Fold 182: train=11610, test=50, purge=12, embargo=12
2026-06-23 15:53:39 | ml_trading | INFO | Fold 183: train=11672, test=50, purge=12, embargo=12
2026-06-23 15:53:41 | ml_trading | INFO | Fold 184: train=11734, test=50, purge=12, embargo=12
2026-06-23 15:53:44 | ml_trading | INFO | Fold 185: train=11796, test=50, purge=12, embargo=12
2026-06-23 15:53:46 | ml_trading | INFO | Fold 186: train=11858, test=50, purge=12, embargo=12
2026-06-23 15:53:49 | ml_trading | INFO | Fold 187: train=11920, test=50, purge=12, embargo=12
2026-06-23 15:53:52 | ml_trading | INFO | Fold 188: train=11982, test=50, purge=12, embargo=12
2026-06-23 15:53:55 | ml_trading | INFO | Fold 189: train=12044, test=50, purge=12, embargo=12
2026-06-23 15:53:58 | ml_trading | INFO | Fold 190: train=12106, test=50, purge=12, embargo=12
2026-06-23 15:54:01 | ml_trading | INFO | Fold 191: train=12168, test=50, purge=12, embargo=12
2026-06-23 15:54:05 | ml_trading | INFO | Fold 192: train=12230, test=50, purge=12, embargo=12
2026-06-23 15:54:09 | ml_trading | INFO | Fold 193: train=12292, test=50, purge=12, embargo=12
2026-06-23 15:54:11 | ml_trading | INFO | Fold 194: train=12354, test=50, purge=12, embargo=12
2026-06-23 15:54:15 | ml_trading | INFO | Fold 195: train=12416, test=50, purge=12, embargo=12
2026-06-23 15:54:18 | ml_trading | INFO | Fold 196: train=12478, test=50, purge=12, embargo=12
2026-06-23 15:54:20 | ml_trading | INFO | Fold 197: train=12540, test=50, purge=12, embargo=12
2026-06-23 15:54:23 | ml_trading | INFO | Fold 198: train=12602, test=50, purge=12, embargo=12
2026-06-23 15:54:26 | ml_trading | INFO | Fold 199: train=12664, test=50, purge=12, embargo=12
2026-06-23 15:54:29 | ml_trading | INFO | Fold 200: train=12726, test=50, purge=12, embargo=12
2026-06-23 15:54:31 | ml_trading | INFO | Fold 201: train=12788, test=50, purge=12, embargo=12
2026-06-23 15:54:34 | ml_trading | INFO | Fold 202: train=12850, test=50, purge=12, embargo=12
2026-06-23 15:54:36 | ml_trading | INFO | Fold 203: train=12912, test=50, purge=12, embargo=12
2026-06-23 15:54:39 | ml_trading | INFO | Fold 204: train=12974, test=50, purge=12, embargo=12
2026-06-23 15:54:42 | ml_trading | INFO | Fold 205: train=13036, test=50, purge=12, embargo=12
2026-06-23 15:54:45 | ml_trading | INFO | Fold 206: train=13098, test=50, purge=12, embargo=12
2026-06-23 15:54:48 | ml_trading | INFO | Fold 207: train=13160, test=50, purge=12, embargo=12
2026-06-23 15:54:51 | ml_trading | INFO | Fold 208: train=13222, test=50, purge=12, embargo=12
2026-06-23 15:54:53 | ml_trading | INFO | Fold 209: train=13284, test=50, purge=12, embargo=12
2026-06-23 15:54:56 | ml_trading | INFO | Fold 210: train=13346, test=50, purge=12, embargo=12
2026-06-23 15:55:05 | ml_trading | INFO | Fold 211: train=13408, test=50, purge=12, embargo=12
2026-06-23 15:55:09 | ml_trading | INFO | Fold 212: train=13470, test=50, purge=12, embargo=12
2026-06-23 15:55:12 | ml_trading | INFO | Fold 213: train=13532, test=50, purge=12, embargo=12
2026-06-23 15:55:16 | ml_trading | INFO | Fold 214: train=13594, test=50, purge=12, embargo=12
2026-06-23 15:55:20 | ml_trading | INFO | Fold 215: train=13656, test=50, purge=12, embargo=12
2026-06-23 15:55:22 | ml_trading | INFO | Fold 216: train=13718, test=50, purge=12, embargo=12
2026-06-23 15:55:26 | ml_trading | INFO | Fold 217: train=13780, test=50, purge=12, embargo=12
2026-06-23 15:55:31 | ml_trading | INFO | Fold 218: train=13842, test=50, purge=12, embargo=12
2026-06-23 15:55:34 | ml_trading | INFO | Fold 219: train=13904, test=50, purge=12, embargo=12
2026-06-23 15:55:37 | ml_trading | INFO | Fold 220: train=13966, test=50, purge=12, embargo=12
2026-06-23 15:55:41 | ml_trading | INFO | Fold 221: train=14028, test=50, purge=12, embargo=12
2026-06-23 15:55:46 | ml_trading | INFO | Fold 222: train=14090, test=50, purge=12, embargo=12
2026-06-23 15:55:48 | ml_trading | INFO | Fold 223: train=14152, test=50, purge=12, embargo=12
2026-06-23 15:55:52 | ml_trading | INFO | Fold 224: train=14214, test=50, purge=12, embargo=12
2026-06-23 15:55:56 | ml_trading | INFO | Fold 225: train=14276, test=50, purge=12, embargo=12
2026-06-23 15:55:59 | ml_trading | INFO | Fold 226: train=14338, test=50, purge=12, embargo=12
2026-06-23 15:56:06 | ml_trading | INFO | Fold 227: train=14400, test=50, purge=12, embargo=12
2026-06-23 15:56:09 | ml_trading | INFO | Fold 228: train=14462, test=50, purge=12, embargo=12
2026-06-23 15:56:15 | ml_trading | INFO | Fold 229: train=14524, test=50, purge=12, embargo=12
2026-06-23 15:56:24 | ml_trading | INFO | Fold 230: train=14586, test=50, purge=12, embargo=12
2026-06-23 15:56:27 | ml_trading | INFO | Fold 231: train=14648, test=50, purge=12, embargo=12
2026-06-23 15:56:31 | ml_trading | INFO | Fold 232: train=14710, test=50, purge=12, embargo=12
2026-06-23 15:56:34 | ml_trading | INFO | Fold 233: train=14772, test=50, purge=12, embargo=12
2026-06-23 15:56:37 | ml_trading | INFO | Fold 234: train=14834, test=50, purge=12, embargo=12
2026-06-23 15:56:39 | ml_trading | INFO | Fold 235: train=14896, test=50, purge=12, embargo=12
2026-06-23 15:56:42 | ml_trading | INFO | Fold 236: train=14958, test=50, purge=12, embargo=12
2026-06-23 15:56:45 | ml_trading | INFO | Fold 237: train=15020, test=50, purge=12, embargo=12
2026-06-23 15:56:48 | ml_trading | INFO | Fold 238: train=15082, test=50, purge=12, embargo=12
2026-06-23 15:56:52 | ml_trading | INFO | Fold 239: train=15144, test=50, purge=12, embargo=12
2026-06-23 15:56:56 | ml_trading | INFO | Fold 240: train=15206, test=50, purge=12, embargo=12
2026-06-23 15:56:59 | ml_trading | INFO | Fold 241: train=15268, test=50, purge=12, embargo=12
2026-06-23 15:57:02 | ml_trading | INFO | Fold 242: train=15330, test=50, purge=12, embargo=12
2026-06-23 15:57:07 | ml_trading | INFO | Fold 243: train=15392, test=50, purge=12, embargo=12
2026-06-23 15:57:10 | ml_trading | INFO | Fold 244: train=15454, test=50, purge=12, embargo=12
2026-06-23 15:57:13 | ml_trading | INFO | Fold 245: train=15516, test=50, purge=12, embargo=12
2026-06-23 15:57:16 | ml_trading | INFO | Fold 246: train=15578, test=50, purge=12, embargo=12
2026-06-23 15:57:19 | ml_trading | INFO | Fold 247: train=15640, test=50, purge=12, embargo=12
2026-06-23 15:57:23 | ml_trading | INFO | Fold 248: train=15702, test=50, purge=12, embargo=12
2026-06-23 15:57:26 | ml_trading | INFO | Fold 249: train=15764, test=50, purge=12, embargo=12
2026-06-23 15:57:32 | ml_trading | INFO | Fold 250: train=15826, test=50, purge=12, embargo=12
2026-06-23 15:57:38 | ml_trading | INFO | Fold 251: train=15888, test=50, purge=12, embargo=12
2026-06-23 15:57:42 | ml_trading | INFO | Fold 252: train=15950, test=50, purge=12, embargo=12
2026-06-23 15:57:47 | ml_trading | INFO | Fold 253: train=16012, test=50, purge=12, embargo=12
2026-06-23 15:57:51 | ml_trading | INFO | Fold 254: train=16074, test=50, purge=12, embargo=12
2026-06-23 15:57:55 | ml_trading | INFO | Fold 255: train=16136, test=50, purge=12, embargo=12
2026-06-23 15:57:59 | ml_trading | INFO | Fold 256: train=16198, test=50, purge=12, embargo=12
2026-06-23 15:58:09 | ml_trading | INFO | Fold 257: train=16260, test=50, purge=12, embargo=12
2026-06-23 15:58:12 | ml_trading | INFO | Fold 258: train=16322, test=50, purge=12, embargo=12
2026-06-23 15:58:17 | ml_trading | INFO | Fold 259: train=16384, test=50, purge=12, embargo=12
2026-06-23 15:58:22 | ml_trading | INFO | Fold 260: train=16446, test=50, purge=12, embargo=12
2026-06-23 15:58:25 | ml_trading | INFO | Fold 261: train=16508, test=50, purge=12, embargo=12
2026-06-23 15:58:28 | ml_trading | INFO | Fold 262: train=16570, test=50, purge=12, embargo=12
2026-06-23 15:58:33 | ml_trading | INFO | Fold 263: train=16632, test=50, purge=12, embargo=12
2026-06-23 15:58:36 | ml_trading | INFO | Fold 264: train=16694, test=50, purge=12, embargo=12
2026-06-23 15:58:39 | ml_trading | INFO | Fold 265: train=16756, test=50, purge=12, embargo=12
2026-06-23 15:58:43 | ml_trading | INFO | Fold 266: train=16818, test=50, purge=12, embargo=12
2026-06-23 15:58:46 | ml_trading | INFO | Fold 267: train=16880, test=50, purge=12, embargo=12
2026-06-23 15:58:49 | ml_trading | INFO | Fold 268: train=16942, test=50, purge=12, embargo=12
2026-06-23 15:58:52 | ml_trading | INFO | Fold 269: train=17004, test=50, purge=12, embargo=12
2026-06-23 15:58:56 | ml_trading | INFO | Fold 270: train=17066, test=50, purge=12, embargo=12
2026-06-23 15:59:00 | ml_trading | INFO | Fold 271: train=17128, test=50, purge=12, embargo=12
2026-06-23 15:59:05 | ml_trading | INFO | Fold 272: train=17190, test=50, purge=12, embargo=12
2026-06-23 15:59:10 | ml_trading | INFO | Fold 273: train=17252, test=50, purge=12, embargo=12
2026-06-23 15:59:13 | ml_trading | INFO | Fold 274: train=17314, test=50, purge=12, embargo=12
2026-06-23 15:59:18 | ml_trading | INFO | Fold 275: train=17376, test=50, purge=12, embargo=12
2026-06-23 15:59:20 | ml_trading | INFO | Fold 276: train=17438, test=50, purge=12, embargo=12
2026-06-23 15:59:23 | ml_trading | INFO | Walk-forward validation complete: 276 folds
2026-06-23 15:59:23 | ml_trading | INFO | Avg F1 - Short: 0.554, Neutral: 0.343, Long: 0.095
2026-06-23 15:59:23 | ml_trading | INFO | Training final lightgbm model on 17548 samples
2026-06-23 15:59:25 | ml_trading | INFO | Model saved to /root/app/ml-project/ml-trading-dashboard/ml_service/storage/models/candidates/XRPUSDT_1h_lightgbm_20260623_155924.pkl
2026-06-23 15:59:25 | ml_trading | INFO | Saved calibration artifact: XRPUSDT_1h_lightgbm_20260623_155924_calibration.pkl (chosen=platt)
2026-06-23 15:59:25 | ml_trading | INFO | Calibration metrics (holdout=50): raw: ECE=0.265 LL=0.966 Brier=0.640 | platt: ECE=0.079 LL=0.744 Brier=0.461 | isotonic: ECE=0.089 LL=0.679 Brier=0.410  → chosen: platt

================================================================================
TRAINING COMPLETE
================================================================================
Model: lightgbm
Folds: 276

F1 Scores:
  Short:   0.554
  Neutral: 0.343
  Long:    0.095
  Weighted: 0.454

Model saved: /root/app/ml-project/ml-trading-dashboard/ml_service/storage/models/candidates/XRPUSDT_1h_lightgbm_20260623_155924.pkl
================================================================================

Finished XRPUSDT 1h

=================================================
TRAINING XRPUSDT 4h
=================================================

Training model for XRPUSDT 4h...
2026-06-23 15:59:30 | ml_trading | INFO | Database schema initialized
2026-06-23 15:59:30 | ml_trading | INFO | Database initialized at /root/app/ml-project/ml-trading-dashboard/ml_service/storage/database.db
Loaded 4441 candles
Loaded 4441 BTC candles for correlation
Loaded 691 ES_proxy candles for correlation
2026-06-23 15:59:30 | ml_trading | INFO | [horizon] forward_periods=12 (source: /root/app/ml-project/ml-trading-dashboard/ml_service/config.yaml)
2026-06-23 15:59:30 | ml_trading | INFO | Starting training for XRPUSDT 4h
2026-06-23 15:59:30 | ml_trading | INFO |   Labeling method: triple_barrier
2026-06-23 15:59:30 | ml_trading | INFO |   Forward periods: 12
2026-06-23 15:59:30 | ml_trading | INFO |   TP multiplier: 3.0x ATR
2026-06-23 15:59:30 | ml_trading | INFO |   SL multiplier: 1.5x ATR
2026-06-23 15:59:30 | ml_trading | INFO | Found tuned hyperparameters for XRPUSDT 4h
2026-06-23 15:59:30 | ml_trading | INFO | Model type: xgboost, F1: 0.3992
[!] VWAP requires an ordered DatetimeIndex.
2026-06-23 16:00:08 | ml_trading | INFO | Fetched 200 funding rate records for XRPUSDT
2026-06-23 16:00:13 | ml_trading | INFO | Clean dataset: 4225 rows after dropping NaN
2026-06-23 16:00:13 | ml_trading | INFO | Fold 1: train=388, test=50, purge=12, embargo=12
2026-06-23 16:00:25 | ml_trading | INFO | Fold 2: train=450, test=50, purge=12, embargo=12
2026-06-23 16:00:29 | ml_trading | INFO | Fold 3: train=512, test=50, purge=12, embargo=12
2026-06-23 16:00:32 | ml_trading | INFO | Fold 4: train=574, test=50, purge=12, embargo=12
2026-06-23 16:00:34 | ml_trading | INFO | Fold 5: train=636, test=50, purge=12, embargo=12
2026-06-23 16:00:38 | ml_trading | INFO | Fold 6: train=698, test=50, purge=12, embargo=12
2026-06-23 16:00:41 | ml_trading | INFO | Fold 7: train=760, test=50, purge=12, embargo=12
2026-06-23 16:00:45 | ml_trading | INFO | Fold 8: train=822, test=50, purge=12, embargo=12
2026-06-23 16:00:49 | ml_trading | INFO | Fold 9: train=884, test=50, purge=12, embargo=12
2026-06-23 16:00:52 | ml_trading | INFO | Fold 10: train=946, test=50, purge=12, embargo=12
2026-06-23 16:00:56 | ml_trading | INFO | Fold 11: train=1008, test=50, purge=12, embargo=12
2026-06-23 16:01:04 | ml_trading | INFO | Fold 12: train=1070, test=50, purge=12, embargo=12
2026-06-23 16:01:07 | ml_trading | INFO | Fold 13: train=1132, test=50, purge=12, embargo=12
2026-06-23 16:01:15 | ml_trading | INFO | Fold 14: train=1194, test=50, purge=12, embargo=12
2026-06-23 16:01:21 | ml_trading | INFO | Fold 15: train=1256, test=50, purge=12, embargo=12
2026-06-23 16:01:25 | ml_trading | INFO | Fold 16: train=1318, test=50, purge=12, embargo=12
2026-06-23 16:01:35 | ml_trading | INFO | Fold 17: train=1380, test=50, purge=12, embargo=12
2026-06-23 16:01:41 | ml_trading | INFO | Fold 18: train=1442, test=50, purge=12, embargo=12
2026-06-23 16:01:43 | ml_trading | INFO | Fold 19: train=1504, test=50, purge=12, embargo=12
2026-06-23 16:01:48 | ml_trading | INFO | Fold 20: train=1566, test=50, purge=12, embargo=12
2026-06-23 16:01:50 | ml_trading | INFO | Fold 21: train=1628, test=50, purge=12, embargo=12
2026-06-23 16:01:54 | ml_trading | INFO | Fold 22: train=1690, test=50, purge=12, embargo=12
2026-06-23 16:01:56 | ml_trading | INFO | Fold 23: train=1752, test=50, purge=12, embargo=12
2026-06-23 16:02:02 | ml_trading | INFO | Fold 24: train=1814, test=50, purge=12, embargo=12
2026-06-23 16:02:08 | ml_trading | INFO | Fold 25: train=1876, test=50, purge=12, embargo=12
2026-06-23 16:02:11 | ml_trading | INFO | Fold 26: train=1938, test=50, purge=12, embargo=12
2026-06-23 16:02:17 | ml_trading | INFO | Fold 27: train=2000, test=50, purge=12, embargo=12
2026-06-23 16:02:20 | ml_trading | INFO | Fold 28: train=2062, test=50, purge=12, embargo=12
2026-06-23 16:02:22 | ml_trading | INFO | Fold 29: train=2124, test=50, purge=12, embargo=12
2026-06-23 16:02:24 | ml_trading | INFO | Fold 30: train=2186, test=50, purge=12, embargo=12
2026-06-23 16:02:27 | ml_trading | INFO | Fold 31: train=2248, test=50, purge=12, embargo=12
2026-06-23 16:02:30 | ml_trading | INFO | Fold 32: train=2310, test=50, purge=12, embargo=12
2026-06-23 16:02:32 | ml_trading | INFO | Fold 33: train=2372, test=50, purge=12, embargo=12
2026-06-23 16:02:35 | ml_trading | INFO | Fold 34: train=2434, test=50, purge=12, embargo=12
2026-06-23 16:02:38 | ml_trading | INFO | Fold 35: train=2496, test=50, purge=12, embargo=12
2026-06-23 16:02:40 | ml_trading | INFO | Fold 36: train=2558, test=50, purge=12, embargo=12
2026-06-23 16:02:43 | ml_trading | INFO | Fold 37: train=2620, test=50, purge=12, embargo=12
2026-06-23 16:02:48 | ml_trading | INFO | Fold 38: train=2682, test=50, purge=12, embargo=12
2026-06-23 16:02:52 | ml_trading | INFO | Fold 39: train=2744, test=50, purge=12, embargo=12
2026-06-23 16:02:55 | ml_trading | INFO | Fold 40: train=2806, test=50, purge=12, embargo=12
2026-06-23 16:02:58 | ml_trading | INFO | Fold 41: train=2868, test=50, purge=12, embargo=12
2026-06-23 16:03:00 | ml_trading | INFO | Fold 42: train=2930, test=50, purge=12, embargo=12
2026-06-23 16:03:04 | ml_trading | INFO | Fold 43: train=2992, test=50, purge=12, embargo=12
2026-06-23 16:03:07 | ml_trading | INFO | Fold 44: train=3054, test=50, purge=12, embargo=12
2026-06-23 16:03:12 | ml_trading | INFO | Fold 45: train=3116, test=50, purge=12, embargo=12
2026-06-23 16:03:14 | ml_trading | INFO | Fold 46: train=3178, test=50, purge=12, embargo=12
2026-06-23 16:03:18 | ml_trading | INFO | Fold 47: train=3240, test=50, purge=12, embargo=12
2026-06-23 16:03:24 | ml_trading | INFO | Fold 48: train=3302, test=50, purge=12, embargo=12
2026-06-23 16:03:27 | ml_trading | INFO | Fold 49: train=3364, test=50, purge=12, embargo=12
2026-06-23 16:03:29 | ml_trading | INFO | Fold 50: train=3426, test=50, purge=12, embargo=12
2026-06-23 16:03:32 | ml_trading | INFO | Fold 51: train=3488, test=50, purge=12, embargo=12
2026-06-23 16:03:35 | ml_trading | INFO | Fold 52: train=3550, test=50, purge=12, embargo=12
2026-06-23 16:03:39 | ml_trading | INFO | Fold 53: train=3612, test=50, purge=12, embargo=12
2026-06-23 16:03:42 | ml_trading | INFO | Fold 54: train=3674, test=50, purge=12, embargo=12
2026-06-23 16:03:45 | ml_trading | INFO | Fold 55: train=3736, test=50, purge=12, embargo=12
2026-06-23 16:03:48 | ml_trading | INFO | Fold 56: train=3798, test=50, purge=12, embargo=12
2026-06-23 16:03:50 | ml_trading | INFO | Fold 57: train=3860, test=50, purge=12, embargo=12
2026-06-23 16:03:53 | ml_trading | INFO | Fold 58: train=3922, test=50, purge=12, embargo=12
2026-06-23 16:03:56 | ml_trading | INFO | Fold 59: train=3984, test=50, purge=12, embargo=12
2026-06-23 16:03:59 | ml_trading | INFO | Fold 60: train=4046, test=50, purge=12, embargo=12
2026-06-23 16:04:03 | ml_trading | INFO | Fold 61: train=4108, test=50, purge=12, embargo=12
2026-06-23 16:04:08 | ml_trading | INFO | Walk-forward validation complete: 61 folds
2026-06-23 16:04:08 | ml_trading | INFO | Avg F1 - Short: 0.489, Neutral: 0.333, Long: 0.121
2026-06-23 16:04:08 | ml_trading | INFO | Training final xgboost model on 4225 samples
2026-06-23 16:04:08 | ml_trading | INFO | Using tuned hyperparameters for XGBoost
2026-06-23 16:04:13 | ml_trading | INFO | Model saved to /root/app/ml-project/ml-trading-dashboard/ml_service/storage/models/candidates/XRPUSDT_4h_xgboost_20260623_160413.pkl
2026-06-23 16:04:13 | ml_trading | INFO | Saved calibration artifact: XRPUSDT_4h_xgboost_20260623_160413_calibration.pkl (chosen=platt)
2026-06-23 16:04:13 | ml_trading | INFO | Calibration metrics (holdout=50): raw: ECE=0.145 LL=0.811 Brier=0.488 | platt: ECE=0.008 LL=0.736 Brier=0.480 | isotonic: ECE=0.093 LL=0.576 Brier=0.362  → chosen: platt

================================================================================
TRAINING COMPLETE
================================================================================
Model: xgboost
Folds: 61

F1 Scores:
  Short:   0.489
  Neutral: 0.333
  Long:    0.121
  Weighted: 0.403

Model saved: /root/app/ml-project/ml-trading-dashboard/ml_service/storage/models/candidates/XRPUSDT_4h_xgboost_20260623_160413.pkl
================================================================================

Finished XRPUSDT 4h

