nohup: ignoring input
=================================================
TRAINING BTCUSDT 1h
=================================================

Training model for BTCUSDT 1h...
2026-06-23 06:38:49 | ml_trading | INFO | Database schema initialized
2026-06-23 06:38:49 | ml_trading | INFO | Database initialized at /root/app/ml-project/ml-trading-dashboard/ml_service/storage/database.db
Loaded 17710 candles
Loaded 17710 BTC candles for correlation
Loaded 2407 ES_proxy candles for correlation
2026-06-23 06:38:49 | ml_trading | INFO | [horizon] forward_periods=12 (source: /root/app/ml-project/ml-trading-dashboard/ml_service/config.yaml)
2026-06-23 06:38:49 | ml_trading | INFO | Starting training for BTCUSDT 1h
2026-06-23 06:38:49 | ml_trading | INFO |   Labeling method: triple_barrier
2026-06-23 06:38:49 | ml_trading | INFO |   Forward periods: 12
2026-06-23 06:38:49 | ml_trading | INFO |   TP multiplier: 3.0x ATR
2026-06-23 06:38:49 | ml_trading | INFO |   SL multiplier: 1.5x ATR
[!] VWAP requires an ordered DatetimeIndex.
2026-06-23 06:41:08 | ml_trading | INFO | Fetched 200 funding rate records for BTCUSDT
2026-06-23 06:41:19 | ml_trading | INFO | Clean dataset: 17494 rows after dropping NaN
2026-06-23 06:41:19 | ml_trading | INFO | Fold 1: train=388, test=50, purge=12, embargo=12
2026-06-23 06:41:20 | ml_trading | INFO | Fold 2: train=450, test=50, purge=12, embargo=12
2026-06-23 06:41:21 | ml_trading | INFO | Fold 3: train=512, test=50, purge=12, embargo=12
2026-06-23 06:41:22 | ml_trading | INFO | Fold 4: train=574, test=50, purge=12, embargo=12
2026-06-23 06:41:23 | ml_trading | INFO | Fold 5: train=636, test=50, purge=12, embargo=12
2026-06-23 06:41:24 | ml_trading | INFO | Fold 6: train=698, test=50, purge=12, embargo=12
2026-06-23 06:41:25 | ml_trading | INFO | Fold 7: train=760, test=50, purge=12, embargo=12
2026-06-23 06:41:27 | ml_trading | INFO | Fold 8: train=822, test=50, purge=12, embargo=12
2026-06-23 06:41:28 | ml_trading | INFO | Fold 9: train=884, test=50, purge=12, embargo=12
2026-06-23 06:41:29 | ml_trading | INFO | Fold 10: train=946, test=50, purge=12, embargo=12
2026-06-23 06:41:30 | ml_trading | INFO | Fold 11: train=1008, test=50, purge=12, embargo=12
2026-06-23 06:41:31 | ml_trading | INFO | Fold 12: train=1070, test=50, purge=12, embargo=12
2026-06-23 06:41:32 | ml_trading | INFO | Fold 13: train=1132, test=50, purge=12, embargo=12
2026-06-23 06:41:33 | ml_trading | INFO | Fold 14: train=1194, test=50, purge=12, embargo=12
2026-06-23 06:41:35 | ml_trading | INFO | Fold 15: train=1256, test=50, purge=12, embargo=12
2026-06-23 06:41:36 | ml_trading | INFO | Fold 16: train=1318, test=50, purge=12, embargo=12
2026-06-23 06:41:37 | ml_trading | INFO | Fold 17: train=1380, test=50, purge=12, embargo=12
2026-06-23 06:41:38 | ml_trading | INFO | Fold 18: train=1442, test=50, purge=12, embargo=12
2026-06-23 06:41:39 | ml_trading | INFO | Fold 19: train=1504, test=50, purge=12, embargo=12
2026-06-23 06:41:40 | ml_trading | INFO | Fold 20: train=1566, test=50, purge=12, embargo=12
2026-06-23 06:41:42 | ml_trading | INFO | Fold 21: train=1628, test=50, purge=12, embargo=12
2026-06-23 06:41:43 | ml_trading | INFO | Fold 22: train=1690, test=50, purge=12, embargo=12
2026-06-23 06:41:45 | ml_trading | INFO | Fold 23: train=1752, test=50, purge=12, embargo=12
2026-06-23 06:41:46 | ml_trading | INFO | Fold 24: train=1814, test=50, purge=12, embargo=12
2026-06-23 06:41:47 | ml_trading | INFO | Fold 25: train=1876, test=50, purge=12, embargo=12
2026-06-23 06:41:48 | ml_trading | INFO | Fold 26: train=1938, test=50, purge=12, embargo=12
2026-06-23 06:41:50 | ml_trading | INFO | Fold 27: train=2000, test=50, purge=12, embargo=12
2026-06-23 06:41:51 | ml_trading | INFO | Fold 28: train=2062, test=50, purge=12, embargo=12
2026-06-23 06:41:52 | ml_trading | INFO | Fold 29: train=2124, test=50, purge=12, embargo=12
2026-06-23 06:41:55 | ml_trading | INFO | Fold 30: train=2186, test=50, purge=12, embargo=12
2026-06-23 06:41:57 | ml_trading | INFO | Fold 31: train=2248, test=50, purge=12, embargo=12
2026-06-23 06:41:58 | ml_trading | INFO | Fold 32: train=2310, test=50, purge=12, embargo=12
2026-06-23 06:41:59 | ml_trading | INFO | Fold 33: train=2372, test=50, purge=12, embargo=12
2026-06-23 06:42:01 | ml_trading | INFO | Fold 34: train=2434, test=50, purge=12, embargo=12
2026-06-23 06:42:02 | ml_trading | INFO | Fold 35: train=2496, test=50, purge=12, embargo=12
2026-06-23 06:42:04 | ml_trading | INFO | Fold 36: train=2558, test=50, purge=12, embargo=12
2026-06-23 06:42:06 | ml_trading | INFO | Fold 37: train=2620, test=50, purge=12, embargo=12
2026-06-23 06:42:07 | ml_trading | INFO | Fold 38: train=2682, test=50, purge=12, embargo=12
2026-06-23 06:42:09 | ml_trading | INFO | Fold 39: train=2744, test=50, purge=12, embargo=12
2026-06-23 06:42:10 | ml_trading | INFO | Fold 40: train=2806, test=50, purge=12, embargo=12
2026-06-23 06:42:12 | ml_trading | INFO | Fold 41: train=2868, test=50, purge=12, embargo=12
2026-06-23 06:42:13 | ml_trading | INFO | Fold 42: train=2930, test=50, purge=12, embargo=12
2026-06-23 06:42:14 | ml_trading | INFO | Fold 43: train=2992, test=50, purge=12, embargo=12
2026-06-23 06:42:16 | ml_trading | INFO | Fold 44: train=3054, test=50, purge=12, embargo=12
2026-06-23 06:42:17 | ml_trading | INFO | Fold 45: train=3116, test=50, purge=12, embargo=12
2026-06-23 06:42:18 | ml_trading | INFO | Fold 46: train=3178, test=50, purge=12, embargo=12
2026-06-23 06:42:19 | ml_trading | INFO | Fold 47: train=3240, test=50, purge=12, embargo=12
2026-06-23 06:42:21 | ml_trading | INFO | Fold 48: train=3302, test=50, purge=12, embargo=12
2026-06-23 06:42:22 | ml_trading | INFO | Fold 49: train=3364, test=50, purge=12, embargo=12
2026-06-23 06:42:24 | ml_trading | INFO | Fold 50: train=3426, test=50, purge=12, embargo=12
2026-06-23 06:42:25 | ml_trading | INFO | Fold 51: train=3488, test=50, purge=12, embargo=12
2026-06-23 06:42:27 | ml_trading | INFO | Fold 52: train=3550, test=50, purge=12, embargo=12
2026-06-23 06:42:28 | ml_trading | INFO | Fold 53: train=3612, test=50, purge=12, embargo=12
2026-06-23 06:42:29 | ml_trading | INFO | Fold 54: train=3674, test=50, purge=12, embargo=12
2026-06-23 06:42:31 | ml_trading | INFO | Fold 55: train=3736, test=50, purge=12, embargo=12
2026-06-23 06:42:32 | ml_trading | INFO | Fold 56: train=3798, test=50, purge=12, embargo=12
2026-06-23 06:42:34 | ml_trading | INFO | Fold 57: train=3860, test=50, purge=12, embargo=12
2026-06-23 06:42:36 | ml_trading | INFO | Fold 58: train=3922, test=50, purge=12, embargo=12
2026-06-23 06:42:37 | ml_trading | INFO | Fold 59: train=3984, test=50, purge=12, embargo=12
2026-06-23 06:42:39 | ml_trading | INFO | Fold 60: train=4046, test=50, purge=12, embargo=12
2026-06-23 06:42:40 | ml_trading | INFO | Fold 61: train=4108, test=50, purge=12, embargo=12
2026-06-23 06:42:41 | ml_trading | INFO | Fold 62: train=4170, test=50, purge=12, embargo=12
2026-06-23 06:42:43 | ml_trading | INFO | Fold 63: train=4232, test=50, purge=12, embargo=12
2026-06-23 06:42:45 | ml_trading | INFO | Fold 64: train=4294, test=50, purge=12, embargo=12
2026-06-23 06:42:46 | ml_trading | INFO | Fold 65: train=4356, test=50, purge=12, embargo=12
2026-06-23 06:42:48 | ml_trading | INFO | Fold 66: train=4418, test=50, purge=12, embargo=12
2026-06-23 06:42:49 | ml_trading | INFO | Fold 67: train=4480, test=50, purge=12, embargo=12
2026-06-23 06:42:51 | ml_trading | INFO | Fold 68: train=4542, test=50, purge=12, embargo=12
2026-06-23 06:42:52 | ml_trading | INFO | Fold 69: train=4604, test=50, purge=12, embargo=12
2026-06-23 06:42:53 | ml_trading | INFO | Fold 70: train=4666, test=50, purge=12, embargo=12
2026-06-23 06:42:55 | ml_trading | INFO | Fold 71: train=4728, test=50, purge=12, embargo=12
2026-06-23 06:42:58 | ml_trading | INFO | Fold 72: train=4790, test=50, purge=12, embargo=12
2026-06-23 06:42:59 | ml_trading | INFO | Fold 73: train=4852, test=50, purge=12, embargo=12
2026-06-23 06:43:01 | ml_trading | INFO | Fold 74: train=4914, test=50, purge=12, embargo=12
2026-06-23 06:43:03 | ml_trading | INFO | Fold 75: train=4976, test=50, purge=12, embargo=12
2026-06-23 06:43:04 | ml_trading | INFO | Fold 76: train=5038, test=50, purge=12, embargo=12
2026-06-23 06:43:06 | ml_trading | INFO | Fold 77: train=5100, test=50, purge=12, embargo=12
2026-06-23 06:43:07 | ml_trading | INFO | Fold 78: train=5162, test=50, purge=12, embargo=12
2026-06-23 06:43:09 | ml_trading | INFO | Fold 79: train=5224, test=50, purge=12, embargo=12
2026-06-23 06:43:10 | ml_trading | INFO | Fold 80: train=5286, test=50, purge=12, embargo=12
2026-06-23 06:43:12 | ml_trading | INFO | Fold 81: train=5348, test=50, purge=12, embargo=12
2026-06-23 06:43:14 | ml_trading | INFO | Fold 82: train=5410, test=50, purge=12, embargo=12
2026-06-23 06:43:15 | ml_trading | INFO | Fold 83: train=5472, test=50, purge=12, embargo=12
2026-06-23 06:43:17 | ml_trading | INFO | Fold 84: train=5534, test=50, purge=12, embargo=12
2026-06-23 06:43:18 | ml_trading | INFO | Fold 85: train=5596, test=50, purge=12, embargo=12
2026-06-23 06:43:20 | ml_trading | INFO | Fold 86: train=5658, test=50, purge=12, embargo=12
2026-06-23 06:43:21 | ml_trading | INFO | Fold 87: train=5720, test=50, purge=12, embargo=12
2026-06-23 06:43:23 | ml_trading | INFO | Fold 88: train=5782, test=50, purge=12, embargo=12
2026-06-23 06:43:24 | ml_trading | INFO | Fold 89: train=5844, test=50, purge=12, embargo=12
2026-06-23 06:43:26 | ml_trading | INFO | Fold 90: train=5906, test=50, purge=12, embargo=12
2026-06-23 06:43:28 | ml_trading | INFO | Fold 91: train=5968, test=50, purge=12, embargo=12
2026-06-23 06:43:29 | ml_trading | INFO | Fold 92: train=6030, test=50, purge=12, embargo=12
2026-06-23 06:43:31 | ml_trading | INFO | Fold 93: train=6092, test=50, purge=12, embargo=12
2026-06-23 06:43:32 | ml_trading | INFO | Fold 94: train=6154, test=50, purge=12, embargo=12
2026-06-23 06:43:34 | ml_trading | INFO | Fold 95: train=6216, test=50, purge=12, embargo=12
2026-06-23 06:43:35 | ml_trading | INFO | Fold 96: train=6278, test=50, purge=12, embargo=12
2026-06-23 06:43:37 | ml_trading | INFO | Fold 97: train=6340, test=50, purge=12, embargo=12
2026-06-23 06:43:39 | ml_trading | INFO | Fold 98: train=6402, test=50, purge=12, embargo=12
2026-06-23 06:43:41 | ml_trading | INFO | Fold 99: train=6464, test=50, purge=12, embargo=12
2026-06-23 06:43:42 | ml_trading | INFO | Fold 100: train=6526, test=50, purge=12, embargo=12
2026-06-23 06:43:44 | ml_trading | INFO | Fold 101: train=6588, test=50, purge=12, embargo=12
2026-06-23 06:43:46 | ml_trading | INFO | Fold 102: train=6650, test=50, purge=12, embargo=12
2026-06-23 06:43:48 | ml_trading | INFO | Fold 103: train=6712, test=50, purge=12, embargo=12
2026-06-23 06:43:49 | ml_trading | INFO | Fold 104: train=6774, test=50, purge=12, embargo=12
2026-06-23 06:43:51 | ml_trading | INFO | Fold 105: train=6836, test=50, purge=12, embargo=12
2026-06-23 06:43:53 | ml_trading | INFO | Fold 106: train=6898, test=50, purge=12, embargo=12
2026-06-23 06:43:54 | ml_trading | INFO | Fold 107: train=6960, test=50, purge=12, embargo=12
2026-06-23 06:43:56 | ml_trading | INFO | Fold 108: train=7022, test=50, purge=12, embargo=12
2026-06-23 06:43:59 | ml_trading | INFO | Fold 109: train=7084, test=50, purge=12, embargo=12
2026-06-23 06:44:00 | ml_trading | INFO | Fold 110: train=7146, test=50, purge=12, embargo=12
2026-06-23 06:44:02 | ml_trading | INFO | Fold 111: train=7208, test=50, purge=12, embargo=12
2026-06-23 06:44:04 | ml_trading | INFO | Fold 112: train=7270, test=50, purge=12, embargo=12
2026-06-23 06:44:06 | ml_trading | INFO | Fold 113: train=7332, test=50, purge=12, embargo=12
2026-06-23 06:44:07 | ml_trading | INFO | Fold 114: train=7394, test=50, purge=12, embargo=12
2026-06-23 06:44:09 | ml_trading | INFO | Fold 115: train=7456, test=50, purge=12, embargo=12
2026-06-23 06:44:11 | ml_trading | INFO | Fold 116: train=7518, test=50, purge=12, embargo=12
2026-06-23 06:44:12 | ml_trading | INFO | Fold 117: train=7580, test=50, purge=12, embargo=12
2026-06-23 06:44:14 | ml_trading | INFO | Fold 118: train=7642, test=50, purge=12, embargo=12
2026-06-23 06:44:16 | ml_trading | INFO | Fold 119: train=7704, test=50, purge=12, embargo=12
2026-06-23 06:44:18 | ml_trading | INFO | Fold 120: train=7766, test=50, purge=12, embargo=12
2026-06-23 06:44:19 | ml_trading | INFO | Fold 121: train=7828, test=50, purge=12, embargo=12
2026-06-23 06:44:21 | ml_trading | INFO | Fold 122: train=7890, test=50, purge=12, embargo=12
2026-06-23 06:44:22 | ml_trading | INFO | Fold 123: train=7952, test=50, purge=12, embargo=12
2026-06-23 06:44:24 | ml_trading | INFO | Fold 124: train=8014, test=50, purge=12, embargo=12
2026-06-23 06:44:26 | ml_trading | INFO | Fold 125: train=8076, test=50, purge=12, embargo=12
2026-06-23 06:44:28 | ml_trading | INFO | Fold 126: train=8138, test=50, purge=12, embargo=12
2026-06-23 06:44:30 | ml_trading | INFO | Fold 127: train=8200, test=50, purge=12, embargo=12
2026-06-23 06:44:31 | ml_trading | INFO | Fold 128: train=8262, test=50, purge=12, embargo=12
2026-06-23 06:44:33 | ml_trading | INFO | Fold 129: train=8324, test=50, purge=12, embargo=12
2026-06-23 06:44:35 | ml_trading | INFO | Fold 130: train=8386, test=50, purge=12, embargo=12
2026-06-23 06:44:37 | ml_trading | INFO | Fold 131: train=8448, test=50, purge=12, embargo=12
2026-06-23 06:44:38 | ml_trading | INFO | Fold 132: train=8510, test=50, purge=12, embargo=12
2026-06-23 06:44:40 | ml_trading | INFO | Fold 133: train=8572, test=50, purge=12, embargo=12
2026-06-23 06:44:42 | ml_trading | INFO | Fold 134: train=8634, test=50, purge=12, embargo=12
2026-06-23 06:44:44 | ml_trading | INFO | Fold 135: train=8696, test=50, purge=12, embargo=12
2026-06-23 06:44:46 | ml_trading | INFO | Fold 136: train=8758, test=50, purge=12, embargo=12
2026-06-23 06:44:48 | ml_trading | INFO | Fold 137: train=8820, test=50, purge=12, embargo=12
2026-06-23 06:44:50 | ml_trading | INFO | Fold 138: train=8882, test=50, purge=12, embargo=12
2026-06-23 06:44:51 | ml_trading | INFO | Fold 139: train=8944, test=50, purge=12, embargo=12
2026-06-23 06:44:53 | ml_trading | INFO | Fold 140: train=9006, test=50, purge=12, embargo=12
2026-06-23 06:44:55 | ml_trading | INFO | Fold 141: train=9068, test=50, purge=12, embargo=12
2026-06-23 06:44:57 | ml_trading | INFO | Fold 142: train=9130, test=50, purge=12, embargo=12
2026-06-23 06:45:00 | ml_trading | INFO | Fold 143: train=9192, test=50, purge=12, embargo=12
2026-06-23 06:45:02 | ml_trading | INFO | Fold 144: train=9254, test=50, purge=12, embargo=12
2026-06-23 06:45:05 | ml_trading | INFO | Fold 145: train=9316, test=50, purge=12, embargo=12
2026-06-23 06:45:07 | ml_trading | INFO | Fold 146: train=9378, test=50, purge=12, embargo=12
2026-06-23 06:45:09 | ml_trading | INFO | Fold 147: train=9440, test=50, purge=12, embargo=12
2026-06-23 06:45:15 | ml_trading | INFO | Fold 148: train=9502, test=50, purge=12, embargo=12
2026-06-23 06:45:17 | ml_trading | INFO | Fold 149: train=9564, test=50, purge=12, embargo=12
2026-06-23 06:45:19 | ml_trading | INFO | Fold 150: train=9626, test=50, purge=12, embargo=12
2026-06-23 06:45:21 | ml_trading | INFO | Fold 151: train=9688, test=50, purge=12, embargo=12
2026-06-23 06:45:23 | ml_trading | INFO | Fold 152: train=9750, test=50, purge=12, embargo=12
2026-06-23 06:45:26 | ml_trading | INFO | Fold 153: train=9812, test=50, purge=12, embargo=12
2026-06-23 06:45:28 | ml_trading | INFO | Fold 154: train=9874, test=50, purge=12, embargo=12
2026-06-23 06:45:30 | ml_trading | INFO | Fold 155: train=9936, test=50, purge=12, embargo=12
2026-06-23 06:45:32 | ml_trading | INFO | Fold 156: train=9998, test=50, purge=12, embargo=12
2026-06-23 06:45:34 | ml_trading | INFO | Fold 157: train=10060, test=50, purge=12, embargo=12
2026-06-23 06:45:36 | ml_trading | INFO | Fold 158: train=10122, test=50, purge=12, embargo=12
2026-06-23 06:45:38 | ml_trading | INFO | Fold 159: train=10184, test=50, purge=12, embargo=12
2026-06-23 06:45:40 | ml_trading | INFO | Fold 160: train=10246, test=50, purge=12, embargo=12
2026-06-23 06:45:42 | ml_trading | INFO | Fold 161: train=10308, test=50, purge=12, embargo=12
2026-06-23 06:45:44 | ml_trading | INFO | Fold 162: train=10370, test=50, purge=12, embargo=12
2026-06-23 06:45:47 | ml_trading | INFO | Fold 163: train=10432, test=50, purge=12, embargo=12
2026-06-23 06:45:50 | ml_trading | INFO | Fold 164: train=10494, test=50, purge=12, embargo=12
2026-06-23 06:45:52 | ml_trading | INFO | Fold 165: train=10556, test=50, purge=12, embargo=12
2026-06-23 06:45:54 | ml_trading | INFO | Fold 166: train=10618, test=50, purge=12, embargo=12
2026-06-23 06:45:56 | ml_trading | INFO | Fold 167: train=10680, test=50, purge=12, embargo=12
2026-06-23 06:45:58 | ml_trading | INFO | Fold 168: train=10742, test=50, purge=12, embargo=12
2026-06-23 06:46:02 | ml_trading | INFO | Fold 169: train=10804, test=50, purge=12, embargo=12
2026-06-23 06:46:04 | ml_trading | INFO | Fold 170: train=10866, test=50, purge=12, embargo=12
2026-06-23 06:46:06 | ml_trading | INFO | Fold 171: train=10928, test=50, purge=12, embargo=12
2026-06-23 06:46:08 | ml_trading | INFO | Fold 172: train=10990, test=50, purge=12, embargo=12
2026-06-23 06:46:10 | ml_trading | INFO | Fold 173: train=11052, test=50, purge=12, embargo=12
2026-06-23 06:46:13 | ml_trading | INFO | Fold 174: train=11114, test=50, purge=12, embargo=12
2026-06-23 06:46:14 | ml_trading | INFO | Fold 175: train=11176, test=50, purge=12, embargo=12
2026-06-23 06:46:17 | ml_trading | INFO | Fold 176: train=11238, test=50, purge=12, embargo=12
2026-06-23 06:46:19 | ml_trading | INFO | Fold 177: train=11300, test=50, purge=12, embargo=12
2026-06-23 06:46:21 | ml_trading | INFO | Fold 178: train=11362, test=50, purge=12, embargo=12
2026-06-23 06:46:23 | ml_trading | INFO | Fold 179: train=11424, test=50, purge=12, embargo=12
2026-06-23 06:46:25 | ml_trading | INFO | Fold 180: train=11486, test=50, purge=12, embargo=12
2026-06-23 06:46:27 | ml_trading | INFO | Fold 181: train=11548, test=50, purge=12, embargo=12
2026-06-23 06:46:29 | ml_trading | INFO | Fold 182: train=11610, test=50, purge=12, embargo=12
2026-06-23 06:46:31 | ml_trading | INFO | Fold 183: train=11672, test=50, purge=12, embargo=12
2026-06-23 06:46:33 | ml_trading | INFO | Fold 184: train=11734, test=50, purge=12, embargo=12
2026-06-23 06:46:35 | ml_trading | INFO | Fold 185: train=11796, test=50, purge=12, embargo=12
2026-06-23 06:46:37 | ml_trading | INFO | Fold 186: train=11858, test=50, purge=12, embargo=12
2026-06-23 06:46:39 | ml_trading | INFO | Fold 187: train=11920, test=50, purge=12, embargo=12
2026-06-23 06:46:41 | ml_trading | INFO | Fold 188: train=11982, test=50, purge=12, embargo=12
2026-06-23 06:46:43 | ml_trading | INFO | Fold 189: train=12044, test=50, purge=12, embargo=12
2026-06-23 06:46:45 | ml_trading | INFO | Fold 190: train=12106, test=50, purge=12, embargo=12
2026-06-23 06:46:48 | ml_trading | INFO | Fold 191: train=12168, test=50, purge=12, embargo=12
2026-06-23 06:46:50 | ml_trading | INFO | Fold 192: train=12230, test=50, purge=12, embargo=12
2026-06-23 06:46:52 | ml_trading | INFO | Fold 193: train=12292, test=50, purge=12, embargo=12
2026-06-23 06:46:53 | ml_trading | INFO | Fold 194: train=12354, test=50, purge=12, embargo=12
2026-06-23 06:46:55 | ml_trading | INFO | Fold 195: train=12416, test=50, purge=12, embargo=12
2026-06-23 06:46:57 | ml_trading | INFO | Fold 196: train=12478, test=50, purge=12, embargo=12
2026-06-23 06:47:00 | ml_trading | INFO | Fold 197: train=12540, test=50, purge=12, embargo=12
2026-06-23 06:47:03 | ml_trading | INFO | Fold 198: train=12602, test=50, purge=12, embargo=12
2026-06-23 06:47:05 | ml_trading | INFO | Fold 199: train=12664, test=50, purge=12, embargo=12
2026-06-23 06:47:07 | ml_trading | INFO | Fold 200: train=12726, test=50, purge=12, embargo=12
2026-06-23 06:47:09 | ml_trading | INFO | Fold 201: train=12788, test=50, purge=12, embargo=12
2026-06-23 06:47:11 | ml_trading | INFO | Fold 202: train=12850, test=50, purge=12, embargo=12
2026-06-23 06:47:13 | ml_trading | INFO | Fold 203: train=12912, test=50, purge=12, embargo=12
2026-06-23 06:47:15 | ml_trading | INFO | Fold 204: train=12974, test=50, purge=12, embargo=12
2026-06-23 06:47:17 | ml_trading | INFO | Fold 205: train=13036, test=50, purge=12, embargo=12
2026-06-23 06:47:20 | ml_trading | INFO | Fold 206: train=13098, test=50, purge=12, embargo=12
2026-06-23 06:47:22 | ml_trading | INFO | Fold 207: train=13160, test=50, purge=12, embargo=12
2026-06-23 06:47:24 | ml_trading | INFO | Fold 208: train=13222, test=50, purge=12, embargo=12
2026-06-23 06:47:26 | ml_trading | INFO | Fold 209: train=13284, test=50, purge=12, embargo=12
2026-06-23 06:47:28 | ml_trading | INFO | Fold 210: train=13346, test=50, purge=12, embargo=12
2026-06-23 06:47:30 | ml_trading | INFO | Fold 211: train=13408, test=50, purge=12, embargo=12
2026-06-23 06:47:32 | ml_trading | INFO | Fold 212: train=13470, test=50, purge=12, embargo=12
2026-06-23 06:47:34 | ml_trading | INFO | Fold 213: train=13532, test=50, purge=12, embargo=12
2026-06-23 06:47:36 | ml_trading | INFO | Fold 214: train=13594, test=50, purge=12, embargo=12
2026-06-23 06:47:38 | ml_trading | INFO | Fold 215: train=13656, test=50, purge=12, embargo=12
2026-06-23 06:47:41 | ml_trading | INFO | Fold 216: train=13718, test=50, purge=12, embargo=12
2026-06-23 06:47:43 | ml_trading | INFO | Fold 217: train=13780, test=50, purge=12, embargo=12
2026-06-23 06:47:45 | ml_trading | INFO | Fold 218: train=13842, test=50, purge=12, embargo=12
2026-06-23 06:47:47 | ml_trading | INFO | Fold 219: train=13904, test=50, purge=12, embargo=12
2026-06-23 06:47:49 | ml_trading | INFO | Fold 220: train=13966, test=50, purge=12, embargo=12
2026-06-23 06:47:51 | ml_trading | INFO | Fold 221: train=14028, test=50, purge=12, embargo=12
2026-06-23 06:47:53 | ml_trading | INFO | Fold 222: train=14090, test=50, purge=12, embargo=12
2026-06-23 06:47:55 | ml_trading | INFO | Fold 223: train=14152, test=50, purge=12, embargo=12
2026-06-23 06:47:57 | ml_trading | INFO | Fold 224: train=14214, test=50, purge=12, embargo=12
2026-06-23 06:47:59 | ml_trading | INFO | Fold 225: train=14276, test=50, purge=12, embargo=12
2026-06-23 06:48:01 | ml_trading | INFO | Fold 226: train=14338, test=50, purge=12, embargo=12
2026-06-23 06:48:05 | ml_trading | INFO | Fold 227: train=14400, test=50, purge=12, embargo=12
2026-06-23 06:48:07 | ml_trading | INFO | Fold 228: train=14462, test=50, purge=12, embargo=12
2026-06-23 06:48:10 | ml_trading | INFO | Fold 229: train=14524, test=50, purge=12, embargo=12
2026-06-23 06:48:12 | ml_trading | INFO | Fold 230: train=14586, test=50, purge=12, embargo=12
2026-06-23 06:48:14 | ml_trading | INFO | Fold 231: train=14648, test=50, purge=12, embargo=12
2026-06-23 06:48:16 | ml_trading | INFO | Fold 232: train=14710, test=50, purge=12, embargo=12
2026-06-23 06:48:18 | ml_trading | INFO | Fold 233: train=14772, test=50, purge=12, embargo=12
2026-06-23 06:48:21 | ml_trading | INFO | Fold 234: train=14834, test=50, purge=12, embargo=12
2026-06-23 06:48:23 | ml_trading | INFO | Fold 235: train=14896, test=50, purge=12, embargo=12
2026-06-23 06:48:25 | ml_trading | INFO | Fold 236: train=14958, test=50, purge=12, embargo=12
2026-06-23 06:48:27 | ml_trading | INFO | Fold 237: train=15020, test=50, purge=12, embargo=12
2026-06-23 06:48:29 | ml_trading | INFO | Fold 238: train=15082, test=50, purge=12, embargo=12
2026-06-23 06:48:31 | ml_trading | INFO | Fold 239: train=15144, test=50, purge=12, embargo=12
2026-06-23 06:48:33 | ml_trading | INFO | Fold 240: train=15206, test=50, purge=12, embargo=12
2026-06-23 06:48:36 | ml_trading | INFO | Fold 241: train=15268, test=50, purge=12, embargo=12
2026-06-23 06:48:38 | ml_trading | INFO | Fold 242: train=15330, test=50, purge=12, embargo=12
2026-06-23 06:48:40 | ml_trading | INFO | Fold 243: train=15392, test=50, purge=12, embargo=12
2026-06-23 06:48:42 | ml_trading | INFO | Fold 244: train=15454, test=50, purge=12, embargo=12
2026-06-23 06:48:44 | ml_trading | INFO | Fold 245: train=15516, test=50, purge=12, embargo=12
2026-06-23 06:48:47 | ml_trading | INFO | Fold 246: train=15578, test=50, purge=12, embargo=12
2026-06-23 06:48:49 | ml_trading | INFO | Fold 247: train=15640, test=50, purge=12, embargo=12
2026-06-23 06:48:52 | ml_trading | INFO | Fold 248: train=15702, test=50, purge=12, embargo=12
2026-06-23 06:48:54 | ml_trading | INFO | Fold 249: train=15764, test=50, purge=12, embargo=12
2026-06-23 06:48:56 | ml_trading | INFO | Fold 250: train=15826, test=50, purge=12, embargo=12
2026-06-23 06:48:58 | ml_trading | INFO | Fold 251: train=15888, test=50, purge=12, embargo=12
2026-06-23 06:49:00 | ml_trading | INFO | Fold 252: train=15950, test=50, purge=12, embargo=12
2026-06-23 06:49:03 | ml_trading | INFO | Fold 253: train=16012, test=50, purge=12, embargo=12
2026-06-23 06:49:07 | ml_trading | INFO | Fold 254: train=16074, test=50, purge=12, embargo=12
2026-06-23 06:49:09 | ml_trading | INFO | Fold 255: train=16136, test=50, purge=12, embargo=12
2026-06-23 06:49:11 | ml_trading | INFO | Fold 256: train=16198, test=50, purge=12, embargo=12
2026-06-23 06:49:13 | ml_trading | INFO | Fold 257: train=16260, test=50, purge=12, embargo=12
2026-06-23 06:49:16 | ml_trading | INFO | Fold 258: train=16322, test=50, purge=12, embargo=12
2026-06-23 06:49:18 | ml_trading | INFO | Fold 259: train=16384, test=50, purge=12, embargo=12
2026-06-23 06:49:20 | ml_trading | INFO | Fold 260: train=16446, test=50, purge=12, embargo=12
2026-06-23 06:49:22 | ml_trading | INFO | Fold 261: train=16508, test=50, purge=12, embargo=12
2026-06-23 06:49:25 | ml_trading | INFO | Fold 262: train=16570, test=50, purge=12, embargo=12
2026-06-23 06:49:27 | ml_trading | INFO | Fold 263: train=16632, test=50, purge=12, embargo=12
2026-06-23 06:49:30 | ml_trading | INFO | Fold 264: train=16694, test=50, purge=12, embargo=12
2026-06-23 06:49:32 | ml_trading | INFO | Fold 265: train=16756, test=50, purge=12, embargo=12
2026-06-23 06:49:34 | ml_trading | INFO | Fold 266: train=16818, test=50, purge=12, embargo=12
2026-06-23 06:49:37 | ml_trading | INFO | Fold 267: train=16880, test=50, purge=12, embargo=12
2026-06-23 06:49:39 | ml_trading | INFO | Fold 268: train=16942, test=50, purge=12, embargo=12
2026-06-23 06:49:42 | ml_trading | INFO | Fold 269: train=17004, test=50, purge=12, embargo=12
2026-06-23 06:49:44 | ml_trading | INFO | Fold 270: train=17066, test=50, purge=12, embargo=12
2026-06-23 06:49:47 | ml_trading | INFO | Fold 271: train=17128, test=50, purge=12, embargo=12
2026-06-23 06:49:49 | ml_trading | INFO | Fold 272: train=17190, test=50, purge=12, embargo=12
2026-06-23 06:49:52 | ml_trading | INFO | Fold 273: train=17252, test=50, purge=12, embargo=12
2026-06-23 06:49:54 | ml_trading | INFO | Fold 274: train=17314, test=50, purge=12, embargo=12
2026-06-23 06:49:57 | ml_trading | INFO | Fold 275: train=17376, test=50, purge=12, embargo=12
2026-06-23 06:49:59 | ml_trading | INFO | Walk-forward validation complete: 275 folds
2026-06-23 06:49:59 | ml_trading | INFO | Avg F1 - Short: 0.529, Neutral: 0.383, Long: 0.106
2026-06-23 06:49:59 | ml_trading | INFO | Training final lightgbm model on 17494 samples
2026-06-23 06:50:00 | ml_trading | INFO | Model saved to /root/app/ml-project/ml-trading-dashboard/ml_service/storage/models/candidates/BTCUSDT_1h_lightgbm_20260623_065000.pkl
2026-06-23 06:50:00 | ml_trading | INFO | Saved calibration artifact: BTCUSDT_1h_lightgbm_20260623_065000_calibration.pkl (chosen=platt)
2026-06-23 06:50:00 | ml_trading | INFO | Calibration metrics (holdout=50): raw: ECE=0.149 LL=1.066 Brier=0.635 | platt: ECE=0.000 LL=0.880 Brier=0.517 | isotonic: ECE=0.164 LL=0.801 Brier=0.504  → chosen: platt

================================================================================
TRAINING COMPLETE
================================================================================
Model: lightgbm
Folds: 275

F1 Scores:
  Short:   0.529
  Neutral: 0.383
  Long:    0.106
  Weighted: 0.454

Model saved: /root/app/ml-project/ml-trading-dashboard/ml_service/storage/models/candidates/BTCUSDT_1h_lightgbm_20260623_065000.pkl
================================================================================

Finished BTCUSDT 1h

=================================================
TRAINING BTCUSDT 4h
=================================================

Training model for BTCUSDT 4h...
2026-06-23 06:50:06 | ml_trading | INFO | Database schema initialized
2026-06-23 06:50:06 | ml_trading | INFO | Database initialized at /root/app/ml-project/ml-trading-dashboard/ml_service/storage/database.db
Loaded 4428 candles
Loaded 4428 BTC candles for correlation
Loaded 689 ES_proxy candles for correlation
2026-06-23 06:50:06 | ml_trading | INFO | [horizon] forward_periods=12 (source: /root/app/ml-project/ml-trading-dashboard/ml_service/config.yaml)
2026-06-23 06:50:06 | ml_trading | INFO | Starting training for BTCUSDT 4h
2026-06-23 06:50:06 | ml_trading | INFO |   Labeling method: triple_barrier
2026-06-23 06:50:06 | ml_trading | INFO |   Forward periods: 12
2026-06-23 06:50:06 | ml_trading | INFO |   TP multiplier: 3.0x ATR
2026-06-23 06:50:06 | ml_trading | INFO |   SL multiplier: 1.5x ATR
2026-06-23 06:50:06 | ml_trading | INFO | Found tuned hyperparameters for BTCUSDT 4h
2026-06-23 06:50:06 | ml_trading | INFO | Model type: lightgbm, F1: 0.3884
[!] VWAP requires an ordered DatetimeIndex.
2026-06-23 06:50:42 | ml_trading | INFO | Fetched 200 funding rate records for BTCUSDT
2026-06-23 06:50:46 | ml_trading | INFO | Clean dataset: 4212 rows after dropping NaN
2026-06-23 06:50:46 | ml_trading | INFO | Fold 1: train=388, test=50, purge=12, embargo=12
2026-06-23 06:50:47 | ml_trading | INFO | Fold 2: train=450, test=50, purge=12, embargo=12
2026-06-23 06:50:48 | ml_trading | INFO | Fold 3: train=512, test=50, purge=12, embargo=12
2026-06-23 06:50:50 | ml_trading | INFO | Fold 4: train=574, test=50, purge=12, embargo=12
2026-06-23 06:50:51 | ml_trading | INFO | Fold 5: train=636, test=50, purge=12, embargo=12
2026-06-23 06:50:53 | ml_trading | INFO | Fold 6: train=698, test=50, purge=12, embargo=12
2026-06-23 06:50:55 | ml_trading | INFO | Fold 7: train=760, test=50, purge=12, embargo=12
2026-06-23 06:50:56 | ml_trading | INFO | Fold 8: train=822, test=50, purge=12, embargo=12
2026-06-23 06:50:59 | ml_trading | INFO | Fold 9: train=884, test=50, purge=12, embargo=12
2026-06-23 06:51:01 | ml_trading | INFO | Fold 10: train=946, test=50, purge=12, embargo=12
2026-06-23 06:51:04 | ml_trading | INFO | Fold 11: train=1008, test=50, purge=12, embargo=12
2026-06-23 06:51:06 | ml_trading | INFO | Fold 12: train=1070, test=50, purge=12, embargo=12
2026-06-23 06:51:09 | ml_trading | INFO | Fold 13: train=1132, test=50, purge=12, embargo=12
2026-06-23 06:51:12 | ml_trading | INFO | Fold 14: train=1194, test=50, purge=12, embargo=12
2026-06-23 06:51:14 | ml_trading | INFO | Fold 15: train=1256, test=50, purge=12, embargo=12
2026-06-23 06:51:17 | ml_trading | INFO | Fold 16: train=1318, test=50, purge=12, embargo=12
2026-06-23 06:51:19 | ml_trading | INFO | Fold 17: train=1380, test=50, purge=12, embargo=12
2026-06-23 06:51:21 | ml_trading | INFO | Fold 18: train=1442, test=50, purge=12, embargo=12
2026-06-23 06:51:24 | ml_trading | INFO | Fold 19: train=1504, test=50, purge=12, embargo=12
2026-06-23 06:51:27 | ml_trading | INFO | Fold 20: train=1566, test=50, purge=12, embargo=12
2026-06-23 06:51:31 | ml_trading | INFO | Fold 21: train=1628, test=50, purge=12, embargo=12
2026-06-23 06:51:34 | ml_trading | INFO | Fold 22: train=1690, test=50, purge=12, embargo=12
2026-06-23 06:51:36 | ml_trading | INFO | Fold 23: train=1752, test=50, purge=12, embargo=12
2026-06-23 06:51:39 | ml_trading | INFO | Fold 24: train=1814, test=50, purge=12, embargo=12
2026-06-23 06:51:42 | ml_trading | INFO | Fold 25: train=1876, test=50, purge=12, embargo=12
2026-06-23 06:51:46 | ml_trading | INFO | Fold 26: train=1938, test=50, purge=12, embargo=12
2026-06-23 06:51:49 | ml_trading | INFO | Fold 27: train=2000, test=50, purge=12, embargo=12
2026-06-23 06:51:53 | ml_trading | INFO | Fold 28: train=2062, test=50, purge=12, embargo=12
2026-06-23 06:51:56 | ml_trading | INFO | Fold 29: train=2124, test=50, purge=12, embargo=12
2026-06-23 06:51:59 | ml_trading | INFO | Fold 30: train=2186, test=50, purge=12, embargo=12
2026-06-23 06:52:02 | ml_trading | INFO | Fold 31: train=2248, test=50, purge=12, embargo=12
2026-06-23 06:52:06 | ml_trading | INFO | Fold 32: train=2310, test=50, purge=12, embargo=12
2026-06-23 06:52:09 | ml_trading | INFO | Fold 33: train=2372, test=50, purge=12, embargo=12
2026-06-23 06:52:13 | ml_trading | INFO | Fold 34: train=2434, test=50, purge=12, embargo=12
2026-06-23 06:52:16 | ml_trading | INFO | Fold 35: train=2496, test=50, purge=12, embargo=12
2026-06-23 06:52:19 | ml_trading | INFO | Fold 36: train=2558, test=50, purge=12, embargo=12
2026-06-23 06:52:22 | ml_trading | INFO | Fold 37: train=2620, test=50, purge=12, embargo=12
2026-06-23 06:52:26 | ml_trading | INFO | Fold 38: train=2682, test=50, purge=12, embargo=12
2026-06-23 06:52:29 | ml_trading | INFO | Fold 39: train=2744, test=50, purge=12, embargo=12
2026-06-23 06:52:32 | ml_trading | INFO | Fold 40: train=2806, test=50, purge=12, embargo=12
2026-06-23 06:52:37 | ml_trading | INFO | Fold 41: train=2868, test=50, purge=12, embargo=12
2026-06-23 06:52:41 | ml_trading | INFO | Fold 42: train=2930, test=50, purge=12, embargo=12
2026-06-23 06:52:45 | ml_trading | INFO | Fold 43: train=2992, test=50, purge=12, embargo=12
2026-06-23 06:52:48 | ml_trading | INFO | Fold 44: train=3054, test=50, purge=12, embargo=12
2026-06-23 06:52:52 | ml_trading | INFO | Fold 45: train=3116, test=50, purge=12, embargo=12
2026-06-23 06:52:56 | ml_trading | INFO | Fold 46: train=3178, test=50, purge=12, embargo=12
2026-06-23 06:53:00 | ml_trading | INFO | Fold 47: train=3240, test=50, purge=12, embargo=12
2026-06-23 06:53:04 | ml_trading | INFO | Fold 48: train=3302, test=50, purge=12, embargo=12
2026-06-23 06:53:09 | ml_trading | INFO | Fold 49: train=3364, test=50, purge=12, embargo=12
2026-06-23 06:53:16 | ml_trading | INFO | Fold 50: train=3426, test=50, purge=12, embargo=12
2026-06-23 06:53:21 | ml_trading | INFO | Fold 51: train=3488, test=50, purge=12, embargo=12
2026-06-23 06:53:25 | ml_trading | INFO | Fold 52: train=3550, test=50, purge=12, embargo=12
2026-06-23 06:53:29 | ml_trading | INFO | Fold 53: train=3612, test=50, purge=12, embargo=12
2026-06-23 06:53:33 | ml_trading | INFO | Fold 54: train=3674, test=50, purge=12, embargo=12
2026-06-23 06:53:37 | ml_trading | INFO | Fold 55: train=3736, test=50, purge=12, embargo=12
2026-06-23 06:53:41 | ml_trading | INFO | Fold 56: train=3798, test=50, purge=12, embargo=12
2026-06-23 06:53:46 | ml_trading | INFO | Fold 57: train=3860, test=50, purge=12, embargo=12
2026-06-23 06:53:50 | ml_trading | INFO | Fold 58: train=3922, test=50, purge=12, embargo=12
2026-06-23 06:53:55 | ml_trading | INFO | Fold 59: train=3984, test=50, purge=12, embargo=12
2026-06-23 06:53:59 | ml_trading | INFO | Fold 60: train=4046, test=50, purge=12, embargo=12
2026-06-23 06:54:04 | ml_trading | INFO | Fold 61: train=4108, test=50, purge=12, embargo=12
2026-06-23 06:54:08 | ml_trading | INFO | Walk-forward validation complete: 61 folds
2026-06-23 06:54:08 | ml_trading | INFO | Avg F1 - Short: 0.486, Neutral: 0.308, Long: 0.163
2026-06-23 06:54:08 | ml_trading | INFO | Training final xgboost model on 4212 samples
2026-06-23 06:54:09 | ml_trading | INFO | Model saved to /root/app/ml-project/ml-trading-dashboard/ml_service/storage/models/candidates/BTCUSDT_4h_xgboost_20260623_065409.pkl
2026-06-23 06:54:09 | ml_trading | INFO | Saved calibration artifact: BTCUSDT_4h_xgboost_20260623_065409_calibration.pkl (chosen=platt)
2026-06-23 06:54:09 | ml_trading | INFO | Calibration metrics (holdout=50): raw: ECE=0.225 LL=1.022 Brier=0.631 | platt: ECE=0.129 LL=0.841 Brier=0.517 | isotonic: ECE=0.152 LL=0.665 Brier=0.386  → chosen: platt

================================================================================
TRAINING COMPLETE
================================================================================
Model: xgboost
Folds: 61

F1 Scores:
  Short:   0.486
  Neutral: 0.308
  Long:    0.163
  Weighted: 0.392

Model saved: /root/app/ml-project/ml-trading-dashboard/ml_service/storage/models/candidates/BTCUSDT_4h_xgboost_20260623_065409.pkl
================================================================================

Finished BTCUSDT 4h

=================================================
TRAINING ETHUSDT 1h
=================================================

Training model for ETHUSDT 1h...
2026-06-23 06:54:14 | ml_trading | INFO | Database schema initialized
2026-06-23 06:54:14 | ml_trading | INFO | Database initialized at /root/app/ml-project/ml-trading-dashboard/ml_service/storage/database.db
Loaded 17710 candles
Loaded 17710 BTC candles for correlation
Loaded 2407 ES_proxy candles for correlation
2026-06-23 06:54:14 | ml_trading | INFO | [horizon] forward_periods=12 (source: /root/app/ml-project/ml-trading-dashboard/ml_service/config.yaml)
2026-06-23 06:54:14 | ml_trading | INFO | Starting training for ETHUSDT 1h
2026-06-23 06:54:14 | ml_trading | INFO |   Labeling method: triple_barrier
2026-06-23 06:54:14 | ml_trading | INFO |   Forward periods: 12
2026-06-23 06:54:14 | ml_trading | INFO |   TP multiplier: 3.0x ATR
2026-06-23 06:54:14 | ml_trading | INFO |   SL multiplier: 1.5x ATR
[!] VWAP requires an ordered DatetimeIndex.
2026-06-23 06:56:33 | ml_trading | INFO | Fetched 200 funding rate records for ETHUSDT
2026-06-23 06:56:44 | ml_trading | INFO | Clean dataset: 17494 rows after dropping NaN
2026-06-23 06:56:44 | ml_trading | INFO | Fold 1: train=388, test=50, purge=12, embargo=12
2026-06-23 06:56:45 | ml_trading | INFO | Fold 2: train=450, test=50, purge=12, embargo=12
2026-06-23 06:56:46 | ml_trading | INFO | Fold 3: train=512, test=50, purge=12, embargo=12
2026-06-23 06:56:46 | ml_trading | INFO | Fold 4: train=574, test=50, purge=12, embargo=12
2026-06-23 06:56:47 | ml_trading | INFO | Fold 5: train=636, test=50, purge=12, embargo=12
2026-06-23 06:56:48 | ml_trading | INFO | Fold 6: train=698, test=50, purge=12, embargo=12
2026-06-23 06:56:49 | ml_trading | INFO | Fold 7: train=760, test=50, purge=12, embargo=12
2026-06-23 06:56:50 | ml_trading | INFO | Fold 8: train=822, test=50, purge=12, embargo=12
2026-06-23 06:56:51 | ml_trading | INFO | Fold 9: train=884, test=50, purge=12, embargo=12
2026-06-23 06:56:52 | ml_trading | INFO | Fold 10: train=946, test=50, purge=12, embargo=12
2026-06-23 06:56:52 | ml_trading | INFO | Fold 11: train=1008, test=50, purge=12, embargo=12
2026-06-23 06:56:53 | ml_trading | INFO | Fold 12: train=1070, test=50, purge=12, embargo=12
2026-06-23 06:56:54 | ml_trading | INFO | Fold 13: train=1132, test=50, purge=12, embargo=12
2026-06-23 06:56:55 | ml_trading | INFO | Fold 14: train=1194, test=50, purge=12, embargo=12
2026-06-23 06:56:57 | ml_trading | INFO | Fold 15: train=1256, test=50, purge=12, embargo=12
2026-06-23 06:56:59 | ml_trading | INFO | Fold 16: train=1318, test=50, purge=12, embargo=12
2026-06-23 06:57:00 | ml_trading | INFO | Fold 17: train=1380, test=50, purge=12, embargo=12
2026-06-23 06:57:02 | ml_trading | INFO | Fold 18: train=1442, test=50, purge=12, embargo=12
2026-06-23 06:57:03 | ml_trading | INFO | Fold 19: train=1504, test=50, purge=12, embargo=12
2026-06-23 06:57:04 | ml_trading | INFO | Fold 20: train=1566, test=50, purge=12, embargo=12
2026-06-23 06:57:05 | ml_trading | INFO | Fold 21: train=1628, test=50, purge=12, embargo=12
2026-06-23 06:57:07 | ml_trading | INFO | Fold 22: train=1690, test=50, purge=12, embargo=12
2026-06-23 06:57:08 | ml_trading | INFO | Fold 23: train=1752, test=50, purge=12, embargo=12
2026-06-23 06:57:09 | ml_trading | INFO | Fold 24: train=1814, test=50, purge=12, embargo=12
2026-06-23 06:57:10 | ml_trading | INFO | Fold 25: train=1876, test=50, purge=12, embargo=12
2026-06-23 06:57:11 | ml_trading | INFO | Fold 26: train=1938, test=50, purge=12, embargo=12
2026-06-23 06:57:13 | ml_trading | INFO | Fold 27: train=2000, test=50, purge=12, embargo=12
2026-06-23 06:57:14 | ml_trading | INFO | Fold 28: train=2062, test=50, purge=12, embargo=12
2026-06-23 06:57:15 | ml_trading | INFO | Fold 29: train=2124, test=50, purge=12, embargo=12
2026-06-23 06:57:18 | ml_trading | INFO | Fold 30: train=2186, test=50, purge=12, embargo=12
2026-06-23 06:57:19 | ml_trading | INFO | Fold 31: train=2248, test=50, purge=12, embargo=12
2026-06-23 06:57:20 | ml_trading | INFO | Fold 32: train=2310, test=50, purge=12, embargo=12
2026-06-23 06:57:22 | ml_trading | INFO | Fold 33: train=2372, test=50, purge=12, embargo=12
2026-06-23 06:57:23 | ml_trading | INFO | Fold 34: train=2434, test=50, purge=12, embargo=12
2026-06-23 06:57:24 | ml_trading | INFO | Fold 35: train=2496, test=50, purge=12, embargo=12
2026-06-23 06:57:25 | ml_trading | INFO | Fold 36: train=2558, test=50, purge=12, embargo=12
2026-06-23 06:57:27 | ml_trading | INFO | Fold 37: train=2620, test=50, purge=12, embargo=12
2026-06-23 06:57:28 | ml_trading | INFO | Fold 38: train=2682, test=50, purge=12, embargo=12
2026-06-23 06:57:29 | ml_trading | INFO | Fold 39: train=2744, test=50, purge=12, embargo=12
2026-06-23 06:57:31 | ml_trading | INFO | Fold 40: train=2806, test=50, purge=12, embargo=12
2026-06-23 06:57:32 | ml_trading | INFO | Fold 41: train=2868, test=50, purge=12, embargo=12
2026-06-23 06:57:34 | ml_trading | INFO | Fold 42: train=2930, test=50, purge=12, embargo=12
2026-06-23 06:57:35 | ml_trading | INFO | Fold 43: train=2992, test=50, purge=12, embargo=12
2026-06-23 06:57:36 | ml_trading | INFO | Fold 44: train=3054, test=50, purge=12, embargo=12
2026-06-23 06:57:38 | ml_trading | INFO | Fold 45: train=3116, test=50, purge=12, embargo=12
2026-06-23 06:57:39 | ml_trading | INFO | Fold 46: train=3178, test=50, purge=12, embargo=12
2026-06-23 06:57:40 | ml_trading | INFO | Fold 47: train=3240, test=50, purge=12, embargo=12
2026-06-23 06:57:42 | ml_trading | INFO | Fold 48: train=3302, test=50, purge=12, embargo=12
2026-06-23 06:57:43 | ml_trading | INFO | Fold 49: train=3364, test=50, purge=12, embargo=12
2026-06-23 06:57:45 | ml_trading | INFO | Fold 50: train=3426, test=50, purge=12, embargo=12
2026-06-23 06:57:46 | ml_trading | INFO | Fold 51: train=3488, test=50, purge=12, embargo=12
2026-06-23 06:57:48 | ml_trading | INFO | Fold 52: train=3550, test=50, purge=12, embargo=12
2026-06-23 06:57:49 | ml_trading | INFO | Fold 53: train=3612, test=50, purge=12, embargo=12
2026-06-23 06:57:50 | ml_trading | INFO | Fold 54: train=3674, test=50, purge=12, embargo=12
2026-06-23 06:57:51 | ml_trading | INFO | Fold 55: train=3736, test=50, purge=12, embargo=12
2026-06-23 06:57:53 | ml_trading | INFO | Fold 56: train=3798, test=50, purge=12, embargo=12
2026-06-23 06:57:55 | ml_trading | INFO | Fold 57: train=3860, test=50, purge=12, embargo=12
2026-06-23 06:57:56 | ml_trading | INFO | Fold 58: train=3922, test=50, purge=12, embargo=12
2026-06-23 06:57:58 | ml_trading | INFO | Fold 59: train=3984, test=50, purge=12, embargo=12
2026-06-23 06:57:59 | ml_trading | INFO | Fold 60: train=4046, test=50, purge=12, embargo=12
2026-06-23 06:58:01 | ml_trading | INFO | Fold 61: train=4108, test=50, purge=12, embargo=12
2026-06-23 06:58:03 | ml_trading | INFO | Fold 62: train=4170, test=50, purge=12, embargo=12
2026-06-23 06:58:05 | ml_trading | INFO | Fold 63: train=4232, test=50, purge=12, embargo=12
2026-06-23 06:58:06 | ml_trading | INFO | Fold 64: train=4294, test=50, purge=12, embargo=12
2026-06-23 06:58:08 | ml_trading | INFO | Fold 65: train=4356, test=50, purge=12, embargo=12
2026-06-23 06:58:09 | ml_trading | INFO | Fold 66: train=4418, test=50, purge=12, embargo=12
2026-06-23 06:58:11 | ml_trading | INFO | Fold 67: train=4480, test=50, purge=12, embargo=12
2026-06-23 06:58:12 | ml_trading | INFO | Fold 68: train=4542, test=50, purge=12, embargo=12
2026-06-23 06:58:14 | ml_trading | INFO | Fold 69: train=4604, test=50, purge=12, embargo=12
2026-06-23 06:58:16 | ml_trading | INFO | Fold 70: train=4666, test=50, purge=12, embargo=12
2026-06-23 06:58:17 | ml_trading | INFO | Fold 71: train=4728, test=50, purge=12, embargo=12
2026-06-23 06:58:20 | ml_trading | INFO | Fold 72: train=4790, test=50, purge=12, embargo=12
2026-06-23 06:58:22 | ml_trading | INFO | Fold 73: train=4852, test=50, purge=12, embargo=12
2026-06-23 06:58:23 | ml_trading | INFO | Fold 74: train=4914, test=50, purge=12, embargo=12
2026-06-23 06:58:25 | ml_trading | INFO | Fold 75: train=4976, test=50, purge=12, embargo=12
2026-06-23 06:58:26 | ml_trading | INFO | Fold 76: train=5038, test=50, purge=12, embargo=12
2026-06-23 06:58:28 | ml_trading | INFO | Fold 77: train=5100, test=50, purge=12, embargo=12
2026-06-23 06:58:29 | ml_trading | INFO | Fold 78: train=5162, test=50, purge=12, embargo=12
2026-06-23 06:58:31 | ml_trading | INFO | Fold 79: train=5224, test=50, purge=12, embargo=12
2026-06-23 06:58:32 | ml_trading | INFO | Fold 80: train=5286, test=50, purge=12, embargo=12
2026-06-23 06:58:34 | ml_trading | INFO | Fold 81: train=5348, test=50, purge=12, embargo=12
2026-06-23 06:58:36 | ml_trading | INFO | Fold 82: train=5410, test=50, purge=12, embargo=12
2026-06-23 06:58:37 | ml_trading | INFO | Fold 83: train=5472, test=50, purge=12, embargo=12
2026-06-23 06:58:39 | ml_trading | INFO | Fold 84: train=5534, test=50, purge=12, embargo=12
2026-06-23 06:58:41 | ml_trading | INFO | Fold 85: train=5596, test=50, purge=12, embargo=12
2026-06-23 06:58:42 | ml_trading | INFO | Fold 86: train=5658, test=50, purge=12, embargo=12
2026-06-23 06:58:44 | ml_trading | INFO | Fold 87: train=5720, test=50, purge=12, embargo=12
2026-06-23 06:58:46 | ml_trading | INFO | Fold 88: train=5782, test=50, purge=12, embargo=12
2026-06-23 06:58:47 | ml_trading | INFO | Fold 89: train=5844, test=50, purge=12, embargo=12
2026-06-23 06:58:49 | ml_trading | INFO | Fold 90: train=5906, test=50, purge=12, embargo=12
2026-06-23 06:58:51 | ml_trading | INFO | Fold 91: train=5968, test=50, purge=12, embargo=12
2026-06-23 06:58:52 | ml_trading | INFO | Fold 92: train=6030, test=50, purge=12, embargo=12
2026-06-23 06:58:54 | ml_trading | INFO | Fold 93: train=6092, test=50, purge=12, embargo=12
2026-06-23 06:58:56 | ml_trading | INFO | Fold 94: train=6154, test=50, purge=12, embargo=12
2026-06-23 06:58:58 | ml_trading | INFO | Fold 95: train=6216, test=50, purge=12, embargo=12
2026-06-23 06:59:00 | ml_trading | INFO | Fold 96: train=6278, test=50, purge=12, embargo=12
2026-06-23 06:59:02 | ml_trading | INFO | Fold 97: train=6340, test=50, purge=12, embargo=12
2026-06-23 06:59:04 | ml_trading | INFO | Fold 98: train=6402, test=50, purge=12, embargo=12
2026-06-23 06:59:06 | ml_trading | INFO | Fold 99: train=6464, test=50, purge=12, embargo=12
2026-06-23 06:59:08 | ml_trading | INFO | Fold 100: train=6526, test=50, purge=12, embargo=12
2026-06-23 06:59:10 | ml_trading | INFO | Fold 101: train=6588, test=50, purge=12, embargo=12
2026-06-23 06:59:11 | ml_trading | INFO | Fold 102: train=6650, test=50, purge=12, embargo=12
2026-06-23 06:59:13 | ml_trading | INFO | Fold 103: train=6712, test=50, purge=12, embargo=12
2026-06-23 06:59:15 | ml_trading | INFO | Fold 104: train=6774, test=50, purge=12, embargo=12
2026-06-23 06:59:17 | ml_trading | INFO | Fold 105: train=6836, test=50, purge=12, embargo=12
2026-06-23 06:59:19 | ml_trading | INFO | Fold 106: train=6898, test=50, purge=12, embargo=12
2026-06-23 06:59:22 | ml_trading | INFO | Fold 107: train=6960, test=50, purge=12, embargo=12
2026-06-23 06:59:23 | ml_trading | INFO | Fold 108: train=7022, test=50, purge=12, embargo=12
2026-06-23 06:59:25 | ml_trading | INFO | Fold 109: train=7084, test=50, purge=12, embargo=12
2026-06-23 06:59:27 | ml_trading | INFO | Fold 110: train=7146, test=50, purge=12, embargo=12
2026-06-23 06:59:28 | ml_trading | INFO | Fold 111: train=7208, test=50, purge=12, embargo=12
2026-06-23 06:59:30 | ml_trading | INFO | Fold 112: train=7270, test=50, purge=12, embargo=12
2026-06-23 06:59:32 | ml_trading | INFO | Fold 113: train=7332, test=50, purge=12, embargo=12
2026-06-23 06:59:33 | ml_trading | INFO | Fold 114: train=7394, test=50, purge=12, embargo=12
2026-06-23 06:59:35 | ml_trading | INFO | Fold 115: train=7456, test=50, purge=12, embargo=12
2026-06-23 06:59:37 | ml_trading | INFO | Fold 116: train=7518, test=50, purge=12, embargo=12
2026-06-23 06:59:39 | ml_trading | INFO | Fold 117: train=7580, test=50, purge=12, embargo=12
2026-06-23 06:59:41 | ml_trading | INFO | Fold 118: train=7642, test=50, purge=12, embargo=12
2026-06-23 06:59:42 | ml_trading | INFO | Fold 119: train=7704, test=50, purge=12, embargo=12
2026-06-23 06:59:44 | ml_trading | INFO | Fold 120: train=7766, test=50, purge=12, embargo=12
2026-06-23 06:59:46 | ml_trading | INFO | Fold 121: train=7828, test=50, purge=12, embargo=12
2026-06-23 06:59:47 | ml_trading | INFO | Fold 122: train=7890, test=50, purge=12, embargo=12
2026-06-23 06:59:49 | ml_trading | INFO | Fold 123: train=7952, test=50, purge=12, embargo=12
2026-06-23 06:59:51 | ml_trading | INFO | Fold 124: train=8014, test=50, purge=12, embargo=12
2026-06-23 06:59:52 | ml_trading | INFO | Fold 125: train=8076, test=50, purge=12, embargo=12
2026-06-23 06:59:54 | ml_trading | INFO | Fold 126: train=8138, test=50, purge=12, embargo=12
2026-06-23 06:59:56 | ml_trading | INFO | Fold 127: train=8200, test=50, purge=12, embargo=12
2026-06-23 06:59:58 | ml_trading | INFO | Fold 128: train=8262, test=50, purge=12, embargo=12
2026-06-23 07:00:01 | ml_trading | INFO | Fold 129: train=8324, test=50, purge=12, embargo=12
2026-06-23 07:00:07 | ml_trading | INFO | Fold 130: train=8386, test=50, purge=12, embargo=12
2026-06-23 07:00:14 | ml_trading | INFO | Fold 131: train=8448, test=50, purge=12, embargo=12
2026-06-23 07:00:18 | ml_trading | INFO | Fold 132: train=8510, test=50, purge=12, embargo=12
2026-06-23 07:00:21 | ml_trading | INFO | Fold 133: train=8572, test=50, purge=12, embargo=12
2026-06-23 07:00:25 | ml_trading | INFO | Fold 134: train=8634, test=50, purge=12, embargo=12
2026-06-23 07:00:28 | ml_trading | INFO | Fold 135: train=8696, test=50, purge=12, embargo=12
2026-06-23 07:00:31 | ml_trading | INFO | Fold 136: train=8758, test=50, purge=12, embargo=12
2026-06-23 07:00:34 | ml_trading | INFO | Fold 137: train=8820, test=50, purge=12, embargo=12
2026-06-23 07:00:37 | ml_trading | INFO | Fold 138: train=8882, test=50, purge=12, embargo=12
2026-06-23 07:00:39 | ml_trading | INFO | Fold 139: train=8944, test=50, purge=12, embargo=12
2026-06-23 07:00:42 | ml_trading | INFO | Fold 140: train=9006, test=50, purge=12, embargo=12
2026-06-23 07:00:47 | ml_trading | INFO | Fold 141: train=9068, test=50, purge=12, embargo=12
2026-06-23 07:00:49 | ml_trading | INFO | Fold 142: train=9130, test=50, purge=12, embargo=12
2026-06-23 07:00:51 | ml_trading | INFO | Fold 143: train=9192, test=50, purge=12, embargo=12
2026-06-23 07:00:54 | ml_trading | INFO | Fold 144: train=9254, test=50, purge=12, embargo=12
2026-06-23 07:00:59 | ml_trading | INFO | Fold 145: train=9316, test=50, purge=12, embargo=12
2026-06-23 07:01:03 | ml_trading | INFO | Fold 146: train=9378, test=50, purge=12, embargo=12
2026-06-23 07:01:07 | ml_trading | INFO | Fold 147: train=9440, test=50, purge=12, embargo=12
2026-06-23 07:01:11 | ml_trading | INFO | Fold 148: train=9502, test=50, purge=12, embargo=12
2026-06-23 07:01:15 | ml_trading | INFO | Fold 149: train=9564, test=50, purge=12, embargo=12
2026-06-23 07:01:18 | ml_trading | INFO | Fold 150: train=9626, test=50, purge=12, embargo=12
2026-06-23 07:01:22 | ml_trading | INFO | Fold 151: train=9688, test=50, purge=12, embargo=12
2026-06-23 07:01:25 | ml_trading | INFO | Fold 152: train=9750, test=50, purge=12, embargo=12
2026-06-23 07:01:28 | ml_trading | INFO | Fold 153: train=9812, test=50, purge=12, embargo=12
2026-06-23 07:01:31 | ml_trading | INFO | Fold 154: train=9874, test=50, purge=12, embargo=12
2026-06-23 07:01:33 | ml_trading | INFO | Fold 155: train=9936, test=50, purge=12, embargo=12
2026-06-23 07:01:35 | ml_trading | INFO | Fold 156: train=9998, test=50, purge=12, embargo=12
2026-06-23 07:01:37 | ml_trading | INFO | Fold 157: train=10060, test=50, purge=12, embargo=12
2026-06-23 07:01:40 | ml_trading | INFO | Fold 158: train=10122, test=50, purge=12, embargo=12
2026-06-23 07:01:48 | ml_trading | INFO | Fold 159: train=10184, test=50, purge=12, embargo=12
2026-06-23 07:01:50 | ml_trading | INFO | Fold 160: train=10246, test=50, purge=12, embargo=12
2026-06-23 07:01:53 | ml_trading | INFO | Fold 161: train=10308, test=50, purge=12, embargo=12
2026-06-23 07:01:55 | ml_trading | INFO | Fold 162: train=10370, test=50, purge=12, embargo=12
2026-06-23 07:01:58 | ml_trading | INFO | Fold 163: train=10432, test=50, purge=12, embargo=12
2026-06-23 07:02:01 | ml_trading | INFO | Fold 164: train=10494, test=50, purge=12, embargo=12
2026-06-23 07:02:04 | ml_trading | INFO | Fold 165: train=10556, test=50, purge=12, embargo=12
2026-06-23 07:02:07 | ml_trading | INFO | Fold 166: train=10618, test=50, purge=12, embargo=12
2026-06-23 07:02:09 | ml_trading | INFO | Fold 167: train=10680, test=50, purge=12, embargo=12
2026-06-23 07:02:11 | ml_trading | INFO | Fold 168: train=10742, test=50, purge=12, embargo=12
2026-06-23 07:02:13 | ml_trading | INFO | Fold 169: train=10804, test=50, purge=12, embargo=12
2026-06-23 07:02:16 | ml_trading | INFO | Fold 170: train=10866, test=50, purge=12, embargo=12
2026-06-23 07:02:18 | ml_trading | INFO | Fold 171: train=10928, test=50, purge=12, embargo=12
2026-06-23 07:02:21 | ml_trading | INFO | Fold 172: train=10990, test=50, purge=12, embargo=12
2026-06-23 07:02:23 | ml_trading | INFO | Fold 173: train=11052, test=50, purge=12, embargo=12
2026-06-23 07:02:26 | ml_trading | INFO | Fold 174: train=11114, test=50, purge=12, embargo=12
2026-06-23 07:02:28 | ml_trading | INFO | Fold 175: train=11176, test=50, purge=12, embargo=12
2026-06-23 07:02:31 | ml_trading | INFO | Fold 176: train=11238, test=50, purge=12, embargo=12
2026-06-23 07:02:33 | ml_trading | INFO | Fold 177: train=11300, test=50, purge=12, embargo=12
2026-06-23 07:02:35 | ml_trading | INFO | Fold 178: train=11362, test=50, purge=12, embargo=12
2026-06-23 07:02:38 | ml_trading | INFO | Fold 179: train=11424, test=50, purge=12, embargo=12
2026-06-23 07:02:40 | ml_trading | INFO | Fold 180: train=11486, test=50, purge=12, embargo=12
2026-06-23 07:02:42 | ml_trading | INFO | Fold 181: train=11548, test=50, purge=12, embargo=12
2026-06-23 07:02:44 | ml_trading | INFO | Fold 182: train=11610, test=50, purge=12, embargo=12
2026-06-23 07:02:47 | ml_trading | INFO | Fold 183: train=11672, test=50, purge=12, embargo=12
2026-06-23 07:02:49 | ml_trading | INFO | Fold 184: train=11734, test=50, purge=12, embargo=12
2026-06-23 07:02:51 | ml_trading | INFO | Fold 185: train=11796, test=50, purge=12, embargo=12
2026-06-23 07:02:53 | ml_trading | INFO | Fold 186: train=11858, test=50, purge=12, embargo=12
2026-06-23 07:02:56 | ml_trading | INFO | Fold 187: train=11920, test=50, purge=12, embargo=12
2026-06-23 07:02:59 | ml_trading | INFO | Fold 188: train=11982, test=50, purge=12, embargo=12
2026-06-23 07:03:01 | ml_trading | INFO | Fold 189: train=12044, test=50, purge=12, embargo=12
2026-06-23 07:03:05 | ml_trading | INFO | Fold 190: train=12106, test=50, purge=12, embargo=12
2026-06-23 07:03:07 | ml_trading | INFO | Fold 191: train=12168, test=50, purge=12, embargo=12
2026-06-23 07:03:10 | ml_trading | INFO | Fold 192: train=12230, test=50, purge=12, embargo=12
2026-06-23 07:03:12 | ml_trading | INFO | Fold 193: train=12292, test=50, purge=12, embargo=12
2026-06-23 07:03:15 | ml_trading | INFO | Fold 194: train=12354, test=50, purge=12, embargo=12
2026-06-23 07:03:17 | ml_trading | INFO | Fold 195: train=12416, test=50, purge=12, embargo=12
2026-06-23 07:03:20 | ml_trading | INFO | Fold 196: train=12478, test=50, purge=12, embargo=12
2026-06-23 07:03:22 | ml_trading | INFO | Fold 197: train=12540, test=50, purge=12, embargo=12
2026-06-23 07:03:24 | ml_trading | INFO | Fold 198: train=12602, test=50, purge=12, embargo=12
2026-06-23 07:03:28 | ml_trading | INFO | Fold 199: train=12664, test=50, purge=12, embargo=12
2026-06-23 07:03:30 | ml_trading | INFO | Fold 200: train=12726, test=50, purge=12, embargo=12
2026-06-23 07:03:33 | ml_trading | INFO | Fold 201: train=12788, test=50, purge=12, embargo=12
2026-06-23 07:03:35 | ml_trading | INFO | Fold 202: train=12850, test=50, purge=12, embargo=12
2026-06-23 07:03:37 | ml_trading | INFO | Fold 203: train=12912, test=50, purge=12, embargo=12
2026-06-23 07:03:40 | ml_trading | INFO | Fold 204: train=12974, test=50, purge=12, embargo=12
2026-06-23 07:03:42 | ml_trading | INFO | Fold 205: train=13036, test=50, purge=12, embargo=12
2026-06-23 07:03:44 | ml_trading | INFO | Fold 206: train=13098, test=50, purge=12, embargo=12
2026-06-23 07:03:46 | ml_trading | INFO | Fold 207: train=13160, test=50, purge=12, embargo=12
2026-06-23 07:03:48 | ml_trading | INFO | Fold 208: train=13222, test=50, purge=12, embargo=12
2026-06-23 07:03:50 | ml_trading | INFO | Fold 209: train=13284, test=50, purge=12, embargo=12
2026-06-23 07:03:53 | ml_trading | INFO | Fold 210: train=13346, test=50, purge=12, embargo=12
2026-06-23 07:03:55 | ml_trading | INFO | Fold 211: train=13408, test=50, purge=12, embargo=12
2026-06-23 07:03:57 | ml_trading | INFO | Fold 212: train=13470, test=50, purge=12, embargo=12
2026-06-23 07:03:59 | ml_trading | INFO | Fold 213: train=13532, test=50, purge=12, embargo=12
2026-06-23 07:04:02 | ml_trading | INFO | Fold 214: train=13594, test=50, purge=12, embargo=12
2026-06-23 07:04:05 | ml_trading | INFO | Fold 215: train=13656, test=50, purge=12, embargo=12
2026-06-23 07:04:07 | ml_trading | INFO | Fold 216: train=13718, test=50, purge=12, embargo=12
2026-06-23 07:04:09 | ml_trading | INFO | Fold 217: train=13780, test=50, purge=12, embargo=12
2026-06-23 07:04:11 | ml_trading | INFO | Fold 218: train=13842, test=50, purge=12, embargo=12
2026-06-23 07:04:14 | ml_trading | INFO | Fold 219: train=13904, test=50, purge=12, embargo=12
2026-06-23 07:04:16 | ml_trading | INFO | Fold 220: train=13966, test=50, purge=12, embargo=12
2026-06-23 07:04:18 | ml_trading | INFO | Fold 221: train=14028, test=50, purge=12, embargo=12
2026-06-23 07:04:21 | ml_trading | INFO | Fold 222: train=14090, test=50, purge=12, embargo=12
2026-06-23 07:04:23 | ml_trading | INFO | Fold 223: train=14152, test=50, purge=12, embargo=12
2026-06-23 07:04:26 | ml_trading | INFO | Fold 224: train=14214, test=50, purge=12, embargo=12
2026-06-23 07:04:29 | ml_trading | INFO | Fold 225: train=14276, test=50, purge=12, embargo=12
2026-06-23 07:04:32 | ml_trading | INFO | Fold 226: train=14338, test=50, purge=12, embargo=12
2026-06-23 07:04:34 | ml_trading | INFO | Fold 227: train=14400, test=50, purge=12, embargo=12
2026-06-23 07:04:36 | ml_trading | INFO | Fold 228: train=14462, test=50, purge=12, embargo=12
2026-06-23 07:04:38 | ml_trading | INFO | Fold 229: train=14524, test=50, purge=12, embargo=12
2026-06-23 07:04:40 | ml_trading | INFO | Fold 230: train=14586, test=50, purge=12, embargo=12
2026-06-23 07:04:43 | ml_trading | INFO | Fold 231: train=14648, test=50, purge=12, embargo=12
2026-06-23 07:04:46 | ml_trading | INFO | Fold 232: train=14710, test=50, purge=12, embargo=12
2026-06-23 07:04:48 | ml_trading | INFO | Fold 233: train=14772, test=50, purge=12, embargo=12
2026-06-23 07:04:50 | ml_trading | INFO | Fold 234: train=14834, test=50, purge=12, embargo=12
2026-06-23 07:04:52 | ml_trading | INFO | Fold 235: train=14896, test=50, purge=12, embargo=12
2026-06-23 07:04:55 | ml_trading | INFO | Fold 236: train=14958, test=50, purge=12, embargo=12
2026-06-23 07:04:57 | ml_trading | INFO | Fold 237: train=15020, test=50, purge=12, embargo=12
2026-06-23 07:05:00 | ml_trading | INFO | Fold 238: train=15082, test=50, purge=12, embargo=12
2026-06-23 07:05:06 | ml_trading | INFO | Fold 239: train=15144, test=50, purge=12, embargo=12
2026-06-23 07:05:09 | ml_trading | INFO | Fold 240: train=15206, test=50, purge=12, embargo=12
2026-06-23 07:05:12 | ml_trading | INFO | Fold 241: train=15268, test=50, purge=12, embargo=12
2026-06-23 07:05:15 | ml_trading | INFO | Fold 242: train=15330, test=50, purge=12, embargo=12
2026-06-23 07:05:17 | ml_trading | INFO | Fold 243: train=15392, test=50, purge=12, embargo=12
2026-06-23 07:05:21 | ml_trading | INFO | Fold 244: train=15454, test=50, purge=12, embargo=12
2026-06-23 07:05:25 | ml_trading | INFO | Fold 245: train=15516, test=50, purge=12, embargo=12
2026-06-23 07:05:30 | ml_trading | INFO | Fold 246: train=15578, test=50, purge=12, embargo=12
2026-06-23 07:05:33 | ml_trading | INFO | Fold 247: train=15640, test=50, purge=12, embargo=12
2026-06-23 07:05:36 | ml_trading | INFO | Fold 248: train=15702, test=50, purge=12, embargo=12
2026-06-23 07:05:39 | ml_trading | INFO | Fold 249: train=15764, test=50, purge=12, embargo=12
2026-06-23 07:05:42 | ml_trading | INFO | Fold 250: train=15826, test=50, purge=12, embargo=12
2026-06-23 07:05:45 | ml_trading | INFO | Fold 251: train=15888, test=50, purge=12, embargo=12
2026-06-23 07:05:48 | ml_trading | INFO | Fold 252: train=15950, test=50, purge=12, embargo=12
2026-06-23 07:05:52 | ml_trading | INFO | Fold 253: train=16012, test=50, purge=12, embargo=12
2026-06-23 07:05:55 | ml_trading | INFO | Fold 254: train=16074, test=50, purge=12, embargo=12
2026-06-23 07:05:59 | ml_trading | INFO | Fold 255: train=16136, test=50, purge=12, embargo=12
2026-06-23 07:06:02 | ml_trading | INFO | Fold 256: train=16198, test=50, purge=12, embargo=12
2026-06-23 07:06:05 | ml_trading | INFO | Fold 257: train=16260, test=50, purge=12, embargo=12
2026-06-23 07:06:08 | ml_trading | INFO | Fold 258: train=16322, test=50, purge=12, embargo=12
2026-06-23 07:06:10 | ml_trading | INFO | Fold 259: train=16384, test=50, purge=12, embargo=12
2026-06-23 07:06:12 | ml_trading | INFO | Fold 260: train=16446, test=50, purge=12, embargo=12
2026-06-23 07:06:15 | ml_trading | INFO | Fold 261: train=16508, test=50, purge=12, embargo=12
2026-06-23 07:06:18 | ml_trading | INFO | Fold 262: train=16570, test=50, purge=12, embargo=12
2026-06-23 07:06:20 | ml_trading | INFO | Fold 263: train=16632, test=50, purge=12, embargo=12
2026-06-23 07:06:22 | ml_trading | INFO | Fold 264: train=16694, test=50, purge=12, embargo=12
2026-06-23 07:06:25 | ml_trading | INFO | Fold 265: train=16756, test=50, purge=12, embargo=12
2026-06-23 07:06:27 | ml_trading | INFO | Fold 266: train=16818, test=50, purge=12, embargo=12
2026-06-23 07:06:31 | ml_trading | INFO | Fold 267: train=16880, test=50, purge=12, embargo=12
2026-06-23 07:06:34 | ml_trading | INFO | Fold 268: train=16942, test=50, purge=12, embargo=12
2026-06-23 07:06:36 | ml_trading | INFO | Fold 269: train=17004, test=50, purge=12, embargo=12
2026-06-23 07:06:39 | ml_trading | INFO | Fold 270: train=17066, test=50, purge=12, embargo=12
2026-06-23 07:06:41 | ml_trading | INFO | Fold 271: train=17128, test=50, purge=12, embargo=12
2026-06-23 07:06:44 | ml_trading | INFO | Fold 272: train=17190, test=50, purge=12, embargo=12
2026-06-23 07:06:46 | ml_trading | INFO | Fold 273: train=17252, test=50, purge=12, embargo=12
2026-06-23 07:06:49 | ml_trading | INFO | Fold 274: train=17314, test=50, purge=12, embargo=12
2026-06-23 07:06:51 | ml_trading | INFO | Fold 275: train=17376, test=50, purge=12, embargo=12
2026-06-23 07:06:53 | ml_trading | INFO | Walk-forward validation complete: 275 folds
2026-06-23 07:06:53 | ml_trading | INFO | Avg F1 - Short: 0.556, Neutral: 0.388, Long: 0.094
2026-06-23 07:06:53 | ml_trading | INFO | Training final lightgbm model on 17494 samples
2026-06-23 07:06:54 | ml_trading | INFO | Model saved to /root/app/ml-project/ml-trading-dashboard/ml_service/storage/models/candidates/ETHUSDT_1h_lightgbm_20260623_070654.pkl
2026-06-23 07:06:55 | ml_trading | INFO | Saved calibration artifact: ETHUSDT_1h_lightgbm_20260623_070654_calibration.pkl (chosen=raw)
2026-06-23 07:06:55 | ml_trading | INFO | Calibration metrics (holdout=50): raw: ECE=0.118 LL=0.638 Brier=0.380 | platt: ECE=0.209 LL=0.600 Brier=0.339 | isotonic: ECE=0.131 LL=0.488 Brier=0.281  → chosen: raw

================================================================================
TRAINING COMPLETE
================================================================================
Model: lightgbm
Folds: 275

F1 Scores:
  Short:   0.556
  Neutral: 0.388
  Long:    0.094
  Weighted: 0.462

Model saved: /root/app/ml-project/ml-trading-dashboard/ml_service/storage/models/candidates/ETHUSDT_1h_lightgbm_20260623_070654.pkl
================================================================================

Finished ETHUSDT 1h

=================================================
TRAINING ETHUSDT 4h
=================================================

Training model for ETHUSDT 4h...
2026-06-23 07:06:59 | ml_trading | INFO | Database schema initialized
2026-06-23 07:06:59 | ml_trading | INFO | Database initialized at /root/app/ml-project/ml-trading-dashboard/ml_service/storage/database.db
Loaded 4428 candles
Loaded 4428 BTC candles for correlation
Loaded 689 ES_proxy candles for correlation
2026-06-23 07:06:59 | ml_trading | INFO | [horizon] forward_periods=12 (source: /root/app/ml-project/ml-trading-dashboard/ml_service/config.yaml)
2026-06-23 07:06:59 | ml_trading | INFO | Starting training for ETHUSDT 4h
2026-06-23 07:06:59 | ml_trading | INFO |   Labeling method: triple_barrier
2026-06-23 07:06:59 | ml_trading | INFO |   Forward periods: 12
2026-06-23 07:06:59 | ml_trading | INFO |   TP multiplier: 3.0x ATR
2026-06-23 07:06:59 | ml_trading | INFO |   SL multiplier: 1.5x ATR
2026-06-23 07:06:59 | ml_trading | INFO | Found tuned hyperparameters for ETHUSDT 4h
2026-06-23 07:06:59 | ml_trading | INFO | Model type: lightgbm, F1: 0.4315
[!] VWAP requires an ordered DatetimeIndex.
2026-06-23 07:07:34 | ml_trading | INFO | Fetched 200 funding rate records for ETHUSDT
2026-06-23 07:07:37 | ml_trading | INFO | Clean dataset: 4212 rows after dropping NaN
2026-06-23 07:07:37 | ml_trading | INFO | Fold 1: train=388, test=50, purge=12, embargo=12
2026-06-23 07:07:38 | ml_trading | INFO | Fold 2: train=450, test=50, purge=12, embargo=12
2026-06-23 07:07:40 | ml_trading | INFO | Fold 3: train=512, test=50, purge=12, embargo=12
2026-06-23 07:07:41 | ml_trading | INFO | Fold 4: train=574, test=50, purge=12, embargo=12
2026-06-23 07:07:43 | ml_trading | INFO | Fold 5: train=636, test=50, purge=12, embargo=12
2026-06-23 07:07:44 | ml_trading | INFO | Fold 6: train=698, test=50, purge=12, embargo=12
2026-06-23 07:07:46 | ml_trading | INFO | Fold 7: train=760, test=50, purge=12, embargo=12
2026-06-23 07:07:48 | ml_trading | INFO | Fold 8: train=822, test=50, purge=12, embargo=12
2026-06-23 07:07:50 | ml_trading | INFO | Fold 9: train=884, test=50, purge=12, embargo=12
2026-06-23 07:07:52 | ml_trading | INFO | Fold 10: train=946, test=50, purge=12, embargo=12
2026-06-23 07:07:54 | ml_trading | INFO | Fold 11: train=1008, test=50, purge=12, embargo=12
2026-06-23 07:07:56 | ml_trading | INFO | Fold 12: train=1070, test=50, purge=12, embargo=12
2026-06-23 07:07:59 | ml_trading | INFO | Fold 13: train=1132, test=50, purge=12, embargo=12
2026-06-23 07:08:02 | ml_trading | INFO | Fold 14: train=1194, test=50, purge=12, embargo=12
2026-06-23 07:08:04 | ml_trading | INFO | Fold 15: train=1256, test=50, purge=12, embargo=12
2026-06-23 07:08:06 | ml_trading | INFO | Fold 16: train=1318, test=50, purge=12, embargo=12
2026-06-23 07:08:09 | ml_trading | INFO | Fold 17: train=1380, test=50, purge=12, embargo=12
2026-06-23 07:08:11 | ml_trading | INFO | Fold 18: train=1442, test=50, purge=12, embargo=12
2026-06-23 07:08:14 | ml_trading | INFO | Fold 19: train=1504, test=50, purge=12, embargo=12
2026-06-23 07:08:16 | ml_trading | INFO | Fold 20: train=1566, test=50, purge=12, embargo=12
2026-06-23 07:08:18 | ml_trading | INFO | Fold 21: train=1628, test=50, purge=12, embargo=12
2026-06-23 07:08:21 | ml_trading | INFO | Fold 22: train=1690, test=50, purge=12, embargo=12
2026-06-23 07:08:23 | ml_trading | INFO | Fold 23: train=1752, test=50, purge=12, embargo=12
2026-06-23 07:08:25 | ml_trading | INFO | Fold 24: train=1814, test=50, purge=12, embargo=12
2026-06-23 07:08:27 | ml_trading | INFO | Fold 25: train=1876, test=50, purge=12, embargo=12
2026-06-23 07:08:29 | ml_trading | INFO | Fold 26: train=1938, test=50, purge=12, embargo=12
2026-06-23 07:08:31 | ml_trading | INFO | Fold 27: train=2000, test=50, purge=12, embargo=12
2026-06-23 07:08:35 | ml_trading | INFO | Fold 28: train=2062, test=50, purge=12, embargo=12
2026-06-23 07:08:37 | ml_trading | INFO | Fold 29: train=2124, test=50, purge=12, embargo=12
2026-06-23 07:08:40 | ml_trading | INFO | Fold 30: train=2186, test=50, purge=12, embargo=12
2026-06-23 07:08:42 | ml_trading | INFO | Fold 31: train=2248, test=50, purge=12, embargo=12
2026-06-23 07:08:45 | ml_trading | INFO | Fold 32: train=2310, test=50, purge=12, embargo=12
2026-06-23 07:08:47 | ml_trading | INFO | Fold 33: train=2372, test=50, purge=12, embargo=12
2026-06-23 07:08:50 | ml_trading | INFO | Fold 34: train=2434, test=50, purge=12, embargo=12
2026-06-23 07:08:52 | ml_trading | INFO | Fold 35: train=2496, test=50, purge=12, embargo=12
2026-06-23 07:08:55 | ml_trading | INFO | Fold 36: train=2558, test=50, purge=12, embargo=12
2026-06-23 07:08:57 | ml_trading | INFO | Fold 37: train=2620, test=50, purge=12, embargo=12
2026-06-23 07:09:01 | ml_trading | INFO | Fold 38: train=2682, test=50, purge=12, embargo=12
2026-06-23 07:09:05 | ml_trading | INFO | Fold 39: train=2744, test=50, purge=12, embargo=12
2026-06-23 07:09:08 | ml_trading | INFO | Fold 40: train=2806, test=50, purge=12, embargo=12
2026-06-23 07:09:11 | ml_trading | INFO | Fold 41: train=2868, test=50, purge=12, embargo=12
2026-06-23 07:09:13 | ml_trading | INFO | Fold 42: train=2930, test=50, purge=12, embargo=12
2026-06-23 07:09:16 | ml_trading | INFO | Fold 43: train=2992, test=50, purge=12, embargo=12
2026-06-23 07:09:19 | ml_trading | INFO | Fold 44: train=3054, test=50, purge=12, embargo=12
2026-06-23 07:09:22 | ml_trading | INFO | Fold 45: train=3116, test=50, purge=12, embargo=12
2026-06-23 07:09:25 | ml_trading | INFO | Fold 46: train=3178, test=50, purge=12, embargo=12
2026-06-23 07:09:27 | ml_trading | INFO | Fold 47: train=3240, test=50, purge=12, embargo=12
2026-06-23 07:09:30 | ml_trading | INFO | Fold 48: train=3302, test=50, purge=12, embargo=12
2026-06-23 07:09:33 | ml_trading | INFO | Fold 49: train=3364, test=50, purge=12, embargo=12
2026-06-23 07:09:37 | ml_trading | INFO | Fold 50: train=3426, test=50, purge=12, embargo=12
2026-06-23 07:09:41 | ml_trading | INFO | Fold 51: train=3488, test=50, purge=12, embargo=12
2026-06-23 07:09:44 | ml_trading | INFO | Fold 52: train=3550, test=50, purge=12, embargo=12
2026-06-23 07:09:47 | ml_trading | INFO | Fold 53: train=3612, test=50, purge=12, embargo=12
2026-06-23 07:09:50 | ml_trading | INFO | Fold 54: train=3674, test=50, purge=12, embargo=12
2026-06-23 07:09:53 | ml_trading | INFO | Fold 55: train=3736, test=50, purge=12, embargo=12
2026-06-23 07:09:55 | ml_trading | INFO | Fold 56: train=3798, test=50, purge=12, embargo=12
2026-06-23 07:09:59 | ml_trading | INFO | Fold 57: train=3860, test=50, purge=12, embargo=12
2026-06-23 07:10:05 | ml_trading | INFO | Fold 58: train=3922, test=50, purge=12, embargo=12
2026-06-23 07:10:10 | ml_trading | INFO | Fold 59: train=3984, test=50, purge=12, embargo=12
2026-06-23 07:10:13 | ml_trading | INFO | Fold 60: train=4046, test=50, purge=12, embargo=12
2026-06-23 07:10:17 | ml_trading | INFO | Fold 61: train=4108, test=50, purge=12, embargo=12
2026-06-23 07:10:21 | ml_trading | INFO | Walk-forward validation complete: 61 folds
2026-06-23 07:10:21 | ml_trading | INFO | Avg F1 - Short: 0.515, Neutral: 0.317, Long: 0.113
2026-06-23 07:10:21 | ml_trading | INFO | Training final xgboost model on 4212 samples
2026-06-23 07:10:22 | ml_trading | INFO | Model saved to /root/app/ml-project/ml-trading-dashboard/ml_service/storage/models/candidates/ETHUSDT_4h_xgboost_20260623_071022.pkl
2026-06-23 07:10:22 | ml_trading | INFO | Saved calibration artifact: ETHUSDT_4h_xgboost_20260623_071022_calibration.pkl (chosen=isotonic)
2026-06-23 07:10:22 | ml_trading | INFO | Calibration metrics (holdout=50): raw: ECE=0.219 LL=0.985 Brier=0.619 | platt: ECE=0.089 LL=0.809 Brier=0.499 | isotonic: ECE=0.076 LL=0.608 Brier=0.378  → chosen: isotonic

================================================================================
TRAINING COMPLETE
================================================================================
Model: xgboost
Folds: 61

F1 Scores:
  Short:   0.515
  Neutral: 0.317
  Long:    0.113
  Weighted: 0.408

Model saved: /root/app/ml-project/ml-trading-dashboard/ml_service/storage/models/candidates/ETHUSDT_4h_xgboost_20260623_071022.pkl
================================================================================

Finished ETHUSDT 4h

=================================================
TRAINING BNBUSDT 1h
=================================================

Training model for BNBUSDT 1h...
2026-06-23 07:10:26 | ml_trading | INFO | Database schema initialized
2026-06-23 07:10:26 | ml_trading | INFO | Database initialized at /root/app/ml-project/ml-trading-dashboard/ml_service/storage/database.db
Loaded 17710 candles
Loaded 17710 BTC candles for correlation
Loaded 2407 ES_proxy candles for correlation
2026-06-23 07:10:27 | ml_trading | INFO | [horizon] forward_periods=12 (source: /root/app/ml-project/ml-trading-dashboard/ml_service/config.yaml)
2026-06-23 07:10:27 | ml_trading | INFO | Starting training for BNBUSDT 1h
2026-06-23 07:10:27 | ml_trading | INFO |   Labeling method: triple_barrier
2026-06-23 07:10:27 | ml_trading | INFO |   Forward periods: 12
2026-06-23 07:10:27 | ml_trading | INFO |   TP multiplier: 3.0x ATR
2026-06-23 07:10:27 | ml_trading | INFO |   SL multiplier: 1.5x ATR
[!] VWAP requires an ordered DatetimeIndex.
2026-06-23 07:12:49 | ml_trading | INFO | Fetched 200 funding rate records for BNBUSDT
2026-06-23 07:12:59 | ml_trading | INFO | Clean dataset: 17494 rows after dropping NaN
2026-06-23 07:12:59 | ml_trading | INFO | Fold 1: train=388, test=50, purge=12, embargo=12
2026-06-23 07:13:00 | ml_trading | INFO | Fold 2: train=450, test=50, purge=12, embargo=12
2026-06-23 07:13:01 | ml_trading | INFO | Fold 3: train=512, test=50, purge=12, embargo=12
2026-06-23 07:13:02 | ml_trading | INFO | Fold 4: train=574, test=50, purge=12, embargo=12
2026-06-23 07:13:04 | ml_trading | INFO | Fold 5: train=636, test=50, purge=12, embargo=12
2026-06-23 07:13:05 | ml_trading | INFO | Fold 6: train=698, test=50, purge=12, embargo=12
2026-06-23 07:13:06 | ml_trading | INFO | Fold 7: train=760, test=50, purge=12, embargo=12
2026-06-23 07:13:07 | ml_trading | INFO | Fold 8: train=822, test=50, purge=12, embargo=12
2026-06-23 07:13:08 | ml_trading | INFO | Fold 9: train=884, test=50, purge=12, embargo=12
2026-06-23 07:13:09 | ml_trading | INFO | Fold 10: train=946, test=50, purge=12, embargo=12
2026-06-23 07:13:10 | ml_trading | INFO | Fold 11: train=1008, test=50, purge=12, embargo=12
2026-06-23 07:13:11 | ml_trading | INFO | Fold 12: train=1070, test=50, purge=12, embargo=12
2026-06-23 07:13:12 | ml_trading | INFO | Fold 13: train=1132, test=50, purge=12, embargo=12
2026-06-23 07:13:13 | ml_trading | INFO | Fold 14: train=1194, test=50, purge=12, embargo=12
2026-06-23 07:13:15 | ml_trading | INFO | Fold 15: train=1256, test=50, purge=12, embargo=12
2026-06-23 07:13:16 | ml_trading | INFO | Fold 16: train=1318, test=50, purge=12, embargo=12
2026-06-23 07:13:16 | ml_trading | INFO | Fold 17: train=1380, test=50, purge=12, embargo=12
2026-06-23 07:13:18 | ml_trading | INFO | Fold 18: train=1442, test=50, purge=12, embargo=12
2026-06-23 07:13:19 | ml_trading | INFO | Fold 19: train=1504, test=50, purge=12, embargo=12
2026-06-23 07:13:20 | ml_trading | INFO | Fold 20: train=1566, test=50, purge=12, embargo=12
2026-06-23 07:13:21 | ml_trading | INFO | Fold 21: train=1628, test=50, purge=12, embargo=12
2026-06-23 07:13:23 | ml_trading | INFO | Fold 22: train=1690, test=50, purge=12, embargo=12
2026-06-23 07:13:24 | ml_trading | INFO | Fold 23: train=1752, test=50, purge=12, embargo=12
2026-06-23 07:13:25 | ml_trading | INFO | Fold 24: train=1814, test=50, purge=12, embargo=12
2026-06-23 07:13:27 | ml_trading | INFO | Fold 25: train=1876, test=50, purge=12, embargo=12
2026-06-23 07:13:28 | ml_trading | INFO | Fold 26: train=1938, test=50, purge=12, embargo=12
2026-06-23 07:13:29 | ml_trading | INFO | Fold 27: train=2000, test=50, purge=12, embargo=12
2026-06-23 07:13:30 | ml_trading | INFO | Fold 28: train=2062, test=50, purge=12, embargo=12
2026-06-23 07:13:32 | ml_trading | INFO | Fold 29: train=2124, test=50, purge=12, embargo=12
2026-06-23 07:13:33 | ml_trading | INFO | Fold 30: train=2186, test=50, purge=12, embargo=12
2026-06-23 07:13:35 | ml_trading | INFO | Fold 31: train=2248, test=50, purge=12, embargo=12
2026-06-23 07:13:36 | ml_trading | INFO | Fold 32: train=2310, test=50, purge=12, embargo=12
2026-06-23 07:13:37 | ml_trading | INFO | Fold 33: train=2372, test=50, purge=12, embargo=12
2026-06-23 07:13:38 | ml_trading | INFO | Fold 34: train=2434, test=50, purge=12, embargo=12
2026-06-23 07:13:41 | ml_trading | INFO | Fold 35: train=2496, test=50, purge=12, embargo=12
2026-06-23 07:13:42 | ml_trading | INFO | Fold 36: train=2558, test=50, purge=12, embargo=12
2026-06-23 07:13:44 | ml_trading | INFO | Fold 37: train=2620, test=50, purge=12, embargo=12
2026-06-23 07:13:45 | ml_trading | INFO | Fold 38: train=2682, test=50, purge=12, embargo=12
2026-06-23 07:13:47 | ml_trading | INFO | Fold 39: train=2744, test=50, purge=12, embargo=12
2026-06-23 07:13:48 | ml_trading | INFO | Fold 40: train=2806, test=50, purge=12, embargo=12
2026-06-23 07:13:49 | ml_trading | INFO | Fold 41: train=2868, test=50, purge=12, embargo=12
2026-06-23 07:13:51 | ml_trading | INFO | Fold 42: train=2930, test=50, purge=12, embargo=12
2026-06-23 07:13:52 | ml_trading | INFO | Fold 43: train=2992, test=50, purge=12, embargo=12
2026-06-23 07:13:53 | ml_trading | INFO | Fold 44: train=3054, test=50, purge=12, embargo=12
2026-06-23 07:13:55 | ml_trading | INFO | Fold 45: train=3116, test=50, purge=12, embargo=12
2026-06-23 07:13:56 | ml_trading | INFO | Fold 46: train=3178, test=50, purge=12, embargo=12
2026-06-23 07:13:58 | ml_trading | INFO | Fold 47: train=3240, test=50, purge=12, embargo=12
2026-06-23 07:13:59 | ml_trading | INFO | Fold 48: train=3302, test=50, purge=12, embargo=12
2026-06-23 07:14:01 | ml_trading | INFO | Fold 49: train=3364, test=50, purge=12, embargo=12
2026-06-23 07:14:03 | ml_trading | INFO | Fold 50: train=3426, test=50, purge=12, embargo=12
2026-06-23 07:14:04 | ml_trading | INFO | Fold 51: train=3488, test=50, purge=12, embargo=12
2026-06-23 07:14:06 | ml_trading | INFO | Fold 52: train=3550, test=50, purge=12, embargo=12
2026-06-23 07:14:08 | ml_trading | INFO | Fold 53: train=3612, test=50, purge=12, embargo=12
2026-06-23 07:14:09 | ml_trading | INFO | Fold 54: train=3674, test=50, purge=12, embargo=12
2026-06-23 07:14:11 | ml_trading | INFO | Fold 55: train=3736, test=50, purge=12, embargo=12
2026-06-23 07:14:12 | ml_trading | INFO | Fold 56: train=3798, test=50, purge=12, embargo=12
2026-06-23 07:14:14 | ml_trading | INFO | Fold 57: train=3860, test=50, purge=12, embargo=12
2026-06-23 07:14:16 | ml_trading | INFO | Fold 58: train=3922, test=50, purge=12, embargo=12
2026-06-23 07:14:17 | ml_trading | INFO | Fold 59: train=3984, test=50, purge=12, embargo=12
2026-06-23 07:14:18 | ml_trading | INFO | Fold 60: train=4046, test=50, purge=12, embargo=12
2026-06-23 07:14:19 | ml_trading | INFO | Fold 61: train=4108, test=50, purge=12, embargo=12
2026-06-23 07:14:21 | ml_trading | INFO | Fold 62: train=4170, test=50, purge=12, embargo=12
2026-06-23 07:14:23 | ml_trading | INFO | Fold 63: train=4232, test=50, purge=12, embargo=12
2026-06-23 07:14:24 | ml_trading | INFO | Fold 64: train=4294, test=50, purge=12, embargo=12
2026-06-23 07:14:26 | ml_trading | INFO | Fold 65: train=4356, test=50, purge=12, embargo=12
2026-06-23 07:14:27 | ml_trading | INFO | Fold 66: train=4418, test=50, purge=12, embargo=12
2026-06-23 07:14:29 | ml_trading | INFO | Fold 67: train=4480, test=50, purge=12, embargo=12
2026-06-23 07:14:30 | ml_trading | INFO | Fold 68: train=4542, test=50, purge=12, embargo=12
2026-06-23 07:14:32 | ml_trading | INFO | Fold 69: train=4604, test=50, purge=12, embargo=12
2026-06-23 07:14:33 | ml_trading | INFO | Fold 70: train=4666, test=50, purge=12, embargo=12
2026-06-23 07:14:35 | ml_trading | INFO | Fold 71: train=4728, test=50, purge=12, embargo=12
2026-06-23 07:14:36 | ml_trading | INFO | Fold 72: train=4790, test=50, purge=12, embargo=12
2026-06-23 07:14:38 | ml_trading | INFO | Fold 73: train=4852, test=50, purge=12, embargo=12
2026-06-23 07:14:39 | ml_trading | INFO | Fold 74: train=4914, test=50, purge=12, embargo=12
2026-06-23 07:14:42 | ml_trading | INFO | Fold 75: train=4976, test=50, purge=12, embargo=12
2026-06-23 07:14:44 | ml_trading | INFO | Fold 76: train=5038, test=50, purge=12, embargo=12
2026-06-23 07:14:45 | ml_trading | INFO | Fold 77: train=5100, test=50, purge=12, embargo=12
2026-06-23 07:14:47 | ml_trading | INFO | Fold 78: train=5162, test=50, purge=12, embargo=12
2026-06-23 07:14:48 | ml_trading | INFO | Fold 79: train=5224, test=50, purge=12, embargo=12
2026-06-23 07:14:50 | ml_trading | INFO | Fold 80: train=5286, test=50, purge=12, embargo=12
2026-06-23 07:14:51 | ml_trading | INFO | Fold 81: train=5348, test=50, purge=12, embargo=12
2026-06-23 07:14:52 | ml_trading | INFO | Fold 82: train=5410, test=50, purge=12, embargo=12
2026-06-23 07:14:54 | ml_trading | INFO | Fold 83: train=5472, test=50, purge=12, embargo=12
2026-06-23 07:14:56 | ml_trading | INFO | Fold 84: train=5534, test=50, purge=12, embargo=12
2026-06-23 07:14:57 | ml_trading | INFO | Fold 85: train=5596, test=50, purge=12, embargo=12
2026-06-23 07:14:59 | ml_trading | INFO | Fold 86: train=5658, test=50, purge=12, embargo=12
2026-06-23 07:15:01 | ml_trading | INFO | Fold 87: train=5720, test=50, purge=12, embargo=12
2026-06-23 07:15:04 | ml_trading | INFO | Fold 88: train=5782, test=50, purge=12, embargo=12
2026-06-23 07:15:06 | ml_trading | INFO | Fold 89: train=5844, test=50, purge=12, embargo=12
2026-06-23 07:15:08 | ml_trading | INFO | Fold 90: train=5906, test=50, purge=12, embargo=12
2026-06-23 07:15:10 | ml_trading | INFO | Fold 91: train=5968, test=50, purge=12, embargo=12
2026-06-23 07:15:12 | ml_trading | INFO | Fold 92: train=6030, test=50, purge=12, embargo=12
2026-06-23 07:15:14 | ml_trading | INFO | Fold 93: train=6092, test=50, purge=12, embargo=12
2026-06-23 07:15:16 | ml_trading | INFO | Fold 94: train=6154, test=50, purge=12, embargo=12
2026-06-23 07:15:18 | ml_trading | INFO | Fold 95: train=6216, test=50, purge=12, embargo=12
2026-06-23 07:15:19 | ml_trading | INFO | Fold 96: train=6278, test=50, purge=12, embargo=12
2026-06-23 07:15:21 | ml_trading | INFO | Fold 97: train=6340, test=50, purge=12, embargo=12
2026-06-23 07:15:23 | ml_trading | INFO | Fold 98: train=6402, test=50, purge=12, embargo=12
2026-06-23 07:15:25 | ml_trading | INFO | Fold 99: train=6464, test=50, purge=12, embargo=12
2026-06-23 07:15:27 | ml_trading | INFO | Fold 100: train=6526, test=50, purge=12, embargo=12
2026-06-23 07:15:29 | ml_trading | INFO | Fold 101: train=6588, test=50, purge=12, embargo=12
2026-06-23 07:15:30 | ml_trading | INFO | Fold 102: train=6650, test=50, purge=12, embargo=12
2026-06-23 07:15:33 | ml_trading | INFO | Fold 103: train=6712, test=50, purge=12, embargo=12
2026-06-23 07:15:34 | ml_trading | INFO | Fold 104: train=6774, test=50, purge=12, embargo=12
2026-06-23 07:15:36 | ml_trading | INFO | Fold 105: train=6836, test=50, purge=12, embargo=12
2026-06-23 07:15:38 | ml_trading | INFO | Fold 106: train=6898, test=50, purge=12, embargo=12
2026-06-23 07:15:40 | ml_trading | INFO | Fold 107: train=6960, test=50, purge=12, embargo=12
2026-06-23 07:15:42 | ml_trading | INFO | Fold 108: train=7022, test=50, purge=12, embargo=12
2026-06-23 07:15:45 | ml_trading | INFO | Fold 109: train=7084, test=50, purge=12, embargo=12
2026-06-23 07:15:47 | ml_trading | INFO | Fold 110: train=7146, test=50, purge=12, embargo=12
2026-06-23 07:15:49 | ml_trading | INFO | Fold 111: train=7208, test=50, purge=12, embargo=12
2026-06-23 07:15:51 | ml_trading | INFO | Fold 112: train=7270, test=50, purge=12, embargo=12
2026-06-23 07:15:53 | ml_trading | INFO | Fold 113: train=7332, test=50, purge=12, embargo=12
2026-06-23 07:15:55 | ml_trading | INFO | Fold 114: train=7394, test=50, purge=12, embargo=12
2026-06-23 07:15:57 | ml_trading | INFO | Fold 115: train=7456, test=50, purge=12, embargo=12
2026-06-23 07:15:59 | ml_trading | INFO | Fold 116: train=7518, test=50, purge=12, embargo=12
2026-06-23 07:16:03 | ml_trading | INFO | Fold 117: train=7580, test=50, purge=12, embargo=12
2026-06-23 07:16:06 | ml_trading | INFO | Fold 118: train=7642, test=50, purge=12, embargo=12
2026-06-23 07:16:09 | ml_trading | INFO | Fold 119: train=7704, test=50, purge=12, embargo=12
2026-06-23 07:16:11 | ml_trading | INFO | Fold 120: train=7766, test=50, purge=12, embargo=12
2026-06-23 07:16:13 | ml_trading | INFO | Fold 121: train=7828, test=50, purge=12, embargo=12
2026-06-23 07:16:15 | ml_trading | INFO | Fold 122: train=7890, test=50, purge=12, embargo=12
2026-06-23 07:16:17 | ml_trading | INFO | Fold 123: train=7952, test=50, purge=12, embargo=12
2026-06-23 07:16:19 | ml_trading | INFO | Fold 124: train=8014, test=50, purge=12, embargo=12
2026-06-23 07:16:21 | ml_trading | INFO | Fold 125: train=8076, test=50, purge=12, embargo=12
2026-06-23 07:16:23 | ml_trading | INFO | Fold 126: train=8138, test=50, purge=12, embargo=12
2026-06-23 07:16:25 | ml_trading | INFO | Fold 127: train=8200, test=50, purge=12, embargo=12
2026-06-23 07:16:26 | ml_trading | INFO | Fold 128: train=8262, test=50, purge=12, embargo=12
2026-06-23 07:16:29 | ml_trading | INFO | Fold 129: train=8324, test=50, purge=12, embargo=12
2026-06-23 07:16:30 | ml_trading | INFO | Fold 130: train=8386, test=50, purge=12, embargo=12
2026-06-23 07:16:32 | ml_trading | INFO | Fold 131: train=8448, test=50, purge=12, embargo=12
2026-06-23 07:16:34 | ml_trading | INFO | Fold 132: train=8510, test=50, purge=12, embargo=12
2026-06-23 07:16:36 | ml_trading | INFO | Fold 133: train=8572, test=50, purge=12, embargo=12
2026-06-23 07:16:38 | ml_trading | INFO | Fold 134: train=8634, test=50, purge=12, embargo=12
2026-06-23 07:16:40 | ml_trading | INFO | Fold 135: train=8696, test=50, purge=12, embargo=12
2026-06-23 07:16:42 | ml_trading | INFO | Fold 136: train=8758, test=50, purge=12, embargo=12
2026-06-23 07:16:46 | ml_trading | INFO | Fold 137: train=8820, test=50, purge=12, embargo=12
2026-06-23 07:16:48 | ml_trading | INFO | Fold 138: train=8882, test=50, purge=12, embargo=12
2026-06-23 07:16:50 | ml_trading | INFO | Fold 139: train=8944, test=50, purge=12, embargo=12
2026-06-23 07:16:51 | ml_trading | INFO | Fold 140: train=9006, test=50, purge=12, embargo=12
2026-06-23 07:16:54 | ml_trading | INFO | Fold 141: train=9068, test=50, purge=12, embargo=12
2026-06-23 07:16:56 | ml_trading | INFO | Fold 142: train=9130, test=50, purge=12, embargo=12
2026-06-23 07:16:58 | ml_trading | INFO | Fold 143: train=9192, test=50, purge=12, embargo=12
2026-06-23 07:17:00 | ml_trading | INFO | Fold 144: train=9254, test=50, purge=12, embargo=12
2026-06-23 07:17:10 | ml_trading | INFO | Fold 145: train=9316, test=50, purge=12, embargo=12
2026-06-23 07:17:15 | ml_trading | INFO | Fold 146: train=9378, test=50, purge=12, embargo=12
2026-06-23 07:17:17 | ml_trading | INFO | Fold 147: train=9440, test=50, purge=12, embargo=12
2026-06-23 07:17:20 | ml_trading | INFO | Fold 148: train=9502, test=50, purge=12, embargo=12
2026-06-23 07:17:23 | ml_trading | INFO | Fold 149: train=9564, test=50, purge=12, embargo=12
2026-06-23 07:17:26 | ml_trading | INFO | Fold 150: train=9626, test=50, purge=12, embargo=12
2026-06-23 07:17:30 | ml_trading | INFO | Fold 151: train=9688, test=50, purge=12, embargo=12
2026-06-23 07:17:33 | ml_trading | INFO | Fold 152: train=9750, test=50, purge=12, embargo=12
2026-06-23 07:17:35 | ml_trading | INFO | Fold 153: train=9812, test=50, purge=12, embargo=12
2026-06-23 07:17:37 | ml_trading | INFO | Fold 154: train=9874, test=50, purge=12, embargo=12
2026-06-23 07:17:40 | ml_trading | INFO | Fold 155: train=9936, test=50, purge=12, embargo=12
2026-06-23 07:17:42 | ml_trading | INFO | Fold 156: train=9998, test=50, purge=12, embargo=12
2026-06-23 07:17:46 | ml_trading | INFO | Fold 157: train=10060, test=50, purge=12, embargo=12
2026-06-23 07:17:50 | ml_trading | INFO | Fold 158: train=10122, test=50, purge=12, embargo=12
2026-06-23 07:17:53 | ml_trading | INFO | Fold 159: train=10184, test=50, purge=12, embargo=12
2026-06-23 07:17:55 | ml_trading | INFO | Fold 160: train=10246, test=50, purge=12, embargo=12
2026-06-23 07:17:58 | ml_trading | INFO | Fold 161: train=10308, test=50, purge=12, embargo=12
2026-06-23 07:18:01 | ml_trading | INFO | Fold 162: train=10370, test=50, purge=12, embargo=12
2026-06-23 07:18:06 | ml_trading | INFO | Fold 163: train=10432, test=50, purge=12, embargo=12
2026-06-23 07:18:09 | ml_trading | INFO | Fold 164: train=10494, test=50, purge=12, embargo=12
2026-06-23 07:18:12 | ml_trading | INFO | Fold 165: train=10556, test=50, purge=12, embargo=12
2026-06-23 07:18:14 | ml_trading | INFO | Fold 166: train=10618, test=50, purge=12, embargo=12
2026-06-23 07:18:21 | ml_trading | INFO | Fold 167: train=10680, test=50, purge=12, embargo=12
2026-06-23 07:18:23 | ml_trading | INFO | Fold 168: train=10742, test=50, purge=12, embargo=12
2026-06-23 07:18:26 | ml_trading | INFO | Fold 169: train=10804, test=50, purge=12, embargo=12
2026-06-23 07:18:28 | ml_trading | INFO | Fold 170: train=10866, test=50, purge=12, embargo=12
2026-06-23 07:18:31 | ml_trading | INFO | Fold 171: train=10928, test=50, purge=12, embargo=12
2026-06-23 07:18:33 | ml_trading | INFO | Fold 172: train=10990, test=50, purge=12, embargo=12
2026-06-23 07:18:36 | ml_trading | INFO | Fold 173: train=11052, test=50, purge=12, embargo=12
2026-06-23 07:18:39 | ml_trading | INFO | Fold 174: train=11114, test=50, purge=12, embargo=12
2026-06-23 07:18:43 | ml_trading | INFO | Fold 175: train=11176, test=50, purge=12, embargo=12
2026-06-23 07:18:45 | ml_trading | INFO | Fold 176: train=11238, test=50, purge=12, embargo=12
2026-06-23 07:18:50 | ml_trading | INFO | Fold 177: train=11300, test=50, purge=12, embargo=12
2026-06-23 07:18:52 | ml_trading | INFO | Fold 178: train=11362, test=50, purge=12, embargo=12
2026-06-23 07:18:55 | ml_trading | INFO | Fold 179: train=11424, test=50, purge=12, embargo=12
2026-06-23 07:18:57 | ml_trading | INFO | Fold 180: train=11486, test=50, purge=12, embargo=12
2026-06-23 07:18:59 | ml_trading | INFO | Fold 181: train=11548, test=50, purge=12, embargo=12
2026-06-23 07:19:03 | ml_trading | INFO | Fold 182: train=11610, test=50, purge=12, embargo=12
2026-06-23 07:19:06 | ml_trading | INFO | Fold 183: train=11672, test=50, purge=12, embargo=12
2026-06-23 07:19:09 | ml_trading | INFO | Fold 184: train=11734, test=50, purge=12, embargo=12
2026-06-23 07:19:11 | ml_trading | INFO | Fold 185: train=11796, test=50, purge=12, embargo=12
2026-06-23 07:19:14 | ml_trading | INFO | Fold 186: train=11858, test=50, purge=12, embargo=12
2026-06-23 07:19:16 | ml_trading | INFO | Fold 187: train=11920, test=50, purge=12, embargo=12
2026-06-23 07:19:18 | ml_trading | INFO | Fold 188: train=11982, test=50, purge=12, embargo=12
2026-06-23 07:19:21 | ml_trading | INFO | Fold 189: train=12044, test=50, purge=12, embargo=12
2026-06-23 07:19:24 | ml_trading | INFO | Fold 190: train=12106, test=50, purge=12, embargo=12
2026-06-23 07:19:27 | ml_trading | INFO | Fold 191: train=12168, test=50, purge=12, embargo=12
2026-06-23 07:19:30 | ml_trading | INFO | Fold 192: train=12230, test=50, purge=12, embargo=12
2026-06-23 07:19:32 | ml_trading | INFO | Fold 193: train=12292, test=50, purge=12, embargo=12
2026-06-23 07:19:35 | ml_trading | INFO | Fold 194: train=12354, test=50, purge=12, embargo=12
2026-06-23 07:19:37 | ml_trading | INFO | Fold 195: train=12416, test=50, purge=12, embargo=12
2026-06-23 07:19:39 | ml_trading | INFO | Fold 196: train=12478, test=50, purge=12, embargo=12
2026-06-23 07:19:42 | ml_trading | INFO | Fold 197: train=12540, test=50, purge=12, embargo=12
2026-06-23 07:19:44 | ml_trading | INFO | Fold 198: train=12602, test=50, purge=12, embargo=12
2026-06-23 07:19:47 | ml_trading | INFO | Fold 199: train=12664, test=50, purge=12, embargo=12
2026-06-23 07:19:51 | ml_trading | INFO | Fold 200: train=12726, test=50, purge=12, embargo=12
2026-06-23 07:19:53 | ml_trading | INFO | Fold 201: train=12788, test=50, purge=12, embargo=12
2026-06-23 07:19:56 | ml_trading | INFO | Fold 202: train=12850, test=50, purge=12, embargo=12
2026-06-23 07:19:59 | ml_trading | INFO | Fold 203: train=12912, test=50, purge=12, embargo=12
2026-06-23 07:20:02 | ml_trading | INFO | Fold 204: train=12974, test=50, purge=12, embargo=12
2026-06-23 07:20:07 | ml_trading | INFO | Fold 205: train=13036, test=50, purge=12, embargo=12
2026-06-23 07:20:13 | ml_trading | INFO | Fold 206: train=13098, test=50, purge=12, embargo=12
2026-06-23 07:20:17 | ml_trading | INFO | Fold 207: train=13160, test=50, purge=12, embargo=12
2026-06-23 07:20:20 | ml_trading | INFO | Fold 208: train=13222, test=50, purge=12, embargo=12
2026-06-23 07:20:23 | ml_trading | INFO | Fold 209: train=13284, test=50, purge=12, embargo=12
2026-06-23 07:20:26 | ml_trading | INFO | Fold 210: train=13346, test=50, purge=12, embargo=12
2026-06-23 07:20:30 | ml_trading | INFO | Fold 211: train=13408, test=50, purge=12, embargo=12
2026-06-23 07:20:33 | ml_trading | INFO | Fold 212: train=13470, test=50, purge=12, embargo=12
2026-06-23 07:20:36 | ml_trading | INFO | Fold 213: train=13532, test=50, purge=12, embargo=12
2026-06-23 07:20:40 | ml_trading | INFO | Fold 214: train=13594, test=50, purge=12, embargo=12
2026-06-23 07:20:44 | ml_trading | INFO | Fold 215: train=13656, test=50, purge=12, embargo=12
2026-06-23 07:20:48 | ml_trading | INFO | Fold 216: train=13718, test=50, purge=12, embargo=12
2026-06-23 07:20:53 | ml_trading | INFO | Fold 217: train=13780, test=50, purge=12, embargo=12
2026-06-23 07:20:57 | ml_trading | INFO | Fold 218: train=13842, test=50, purge=12, embargo=12
2026-06-23 07:21:00 | ml_trading | INFO | Fold 219: train=13904, test=50, purge=12, embargo=12
2026-06-23 07:21:04 | ml_trading | INFO | Fold 220: train=13966, test=50, purge=12, embargo=12
2026-06-23 07:21:08 | ml_trading | INFO | Fold 221: train=14028, test=50, purge=12, embargo=12
2026-06-23 07:21:11 | ml_trading | INFO | Fold 222: train=14090, test=50, purge=12, embargo=12
2026-06-23 07:21:15 | ml_trading | INFO | Fold 223: train=14152, test=50, purge=12, embargo=12
2026-06-23 07:21:18 | ml_trading | INFO | Fold 224: train=14214, test=50, purge=12, embargo=12
2026-06-23 07:21:21 | ml_trading | INFO | Fold 225: train=14276, test=50, purge=12, embargo=12
2026-06-23 07:21:24 | ml_trading | INFO | Fold 226: train=14338, test=50, purge=12, embargo=12
2026-06-23 07:21:27 | ml_trading | INFO | Fold 227: train=14400, test=50, purge=12, embargo=12
2026-06-23 07:21:31 | ml_trading | INFO | Fold 228: train=14462, test=50, purge=12, embargo=12
2026-06-23 07:21:34 | ml_trading | INFO | Fold 229: train=14524, test=50, purge=12, embargo=12
2026-06-23 07:21:37 | ml_trading | INFO | Fold 230: train=14586, test=50, purge=12, embargo=12
2026-06-23 07:21:40 | ml_trading | INFO | Fold 231: train=14648, test=50, purge=12, embargo=12
2026-06-23 07:21:43 | ml_trading | INFO | Fold 232: train=14710, test=50, purge=12, embargo=12
2026-06-23 07:21:46 | ml_trading | INFO | Fold 233: train=14772, test=50, purge=12, embargo=12
2026-06-23 07:21:49 | ml_trading | INFO | Fold 234: train=14834, test=50, purge=12, embargo=12
2026-06-23 07:21:52 | ml_trading | INFO | Fold 235: train=14896, test=50, purge=12, embargo=12
2026-06-23 07:21:57 | ml_trading | INFO | Fold 236: train=14958, test=50, purge=12, embargo=12
2026-06-23 07:22:00 | ml_trading | INFO | Fold 237: train=15020, test=50, purge=12, embargo=12
2026-06-23 07:22:05 | ml_trading | INFO | Fold 238: train=15082, test=50, purge=12, embargo=12
2026-06-23 07:22:09 | ml_trading | INFO | Fold 239: train=15144, test=50, purge=12, embargo=12
2026-06-23 07:22:12 | ml_trading | INFO | Fold 240: train=15206, test=50, purge=12, embargo=12
2026-06-23 07:22:15 | ml_trading | INFO | Fold 241: train=15268, test=50, purge=12, embargo=12
2026-06-23 07:22:18 | ml_trading | INFO | Fold 242: train=15330, test=50, purge=12, embargo=12
2026-06-23 07:22:21 | ml_trading | INFO | Fold 243: train=15392, test=50, purge=12, embargo=12
2026-06-23 07:22:24 | ml_trading | INFO | Fold 244: train=15454, test=50, purge=12, embargo=12
2026-06-23 07:22:27 | ml_trading | INFO | Fold 245: train=15516, test=50, purge=12, embargo=12
2026-06-23 07:22:30 | ml_trading | INFO | Fold 246: train=15578, test=50, purge=12, embargo=12
2026-06-23 07:22:33 | ml_trading | INFO | Fold 247: train=15640, test=50, purge=12, embargo=12
2026-06-23 07:22:36 | ml_trading | INFO | Fold 248: train=15702, test=50, purge=12, embargo=12
2026-06-23 07:22:38 | ml_trading | INFO | Fold 249: train=15764, test=50, purge=12, embargo=12
2026-06-23 07:22:41 | ml_trading | INFO | Fold 250: train=15826, test=50, purge=12, embargo=12
2026-06-23 07:22:44 | ml_trading | INFO | Fold 251: train=15888, test=50, purge=12, embargo=12
2026-06-23 07:22:47 | ml_trading | INFO | Fold 252: train=15950, test=50, purge=12, embargo=12
2026-06-23 07:22:49 | ml_trading | INFO | Fold 253: train=16012, test=50, purge=12, embargo=12
2026-06-23 07:22:51 | ml_trading | INFO | Fold 254: train=16074, test=50, purge=12, embargo=12
2026-06-23 07:22:54 | ml_trading | INFO | Fold 255: train=16136, test=50, purge=12, embargo=12
2026-06-23 07:22:58 | ml_trading | INFO | Fold 256: train=16198, test=50, purge=12, embargo=12
2026-06-23 07:23:00 | ml_trading | INFO | Fold 257: train=16260, test=50, purge=12, embargo=12
2026-06-23 07:23:03 | ml_trading | INFO | Fold 258: train=16322, test=50, purge=12, embargo=12
2026-06-23 07:23:05 | ml_trading | INFO | Fold 259: train=16384, test=50, purge=12, embargo=12
2026-06-23 07:23:09 | ml_trading | INFO | Fold 260: train=16446, test=50, purge=12, embargo=12
2026-06-23 07:23:11 | ml_trading | INFO | Fold 261: train=16508, test=50, purge=12, embargo=12
2026-06-23 07:23:14 | ml_trading | INFO | Fold 262: train=16570, test=50, purge=12, embargo=12
2026-06-23 07:23:17 | ml_trading | INFO | Fold 263: train=16632, test=50, purge=12, embargo=12
2026-06-23 07:23:20 | ml_trading | INFO | Fold 264: train=16694, test=50, purge=12, embargo=12
2026-06-23 07:23:22 | ml_trading | INFO | Fold 265: train=16756, test=50, purge=12, embargo=12
2026-06-23 07:23:25 | ml_trading | INFO | Fold 266: train=16818, test=50, purge=12, embargo=12
2026-06-23 07:23:27 | ml_trading | INFO | Fold 267: train=16880, test=50, purge=12, embargo=12
2026-06-23 07:23:35 | ml_trading | INFO | Fold 268: train=16942, test=50, purge=12, embargo=12
2026-06-23 07:23:38 | ml_trading | INFO | Fold 269: train=17004, test=50, purge=12, embargo=12
2026-06-23 07:23:40 | ml_trading | INFO | Fold 270: train=17066, test=50, purge=12, embargo=12
2026-06-23 07:23:43 | ml_trading | INFO | Fold 271: train=17128, test=50, purge=12, embargo=12
2026-06-23 07:23:45 | ml_trading | INFO | Fold 272: train=17190, test=50, purge=12, embargo=12
2026-06-23 07:23:48 | ml_trading | INFO | Fold 273: train=17252, test=50, purge=12, embargo=12
2026-06-23 07:23:51 | ml_trading | INFO | Fold 274: train=17314, test=50, purge=12, embargo=12
2026-06-23 07:23:54 | ml_trading | INFO | Fold 275: train=17376, test=50, purge=12, embargo=12
2026-06-23 07:23:58 | ml_trading | INFO | Walk-forward validation complete: 275 folds
2026-06-23 07:23:58 | ml_trading | INFO | Avg F1 - Short: 0.568, Neutral: 0.345, Long: 0.084
2026-06-23 07:23:58 | ml_trading | INFO | Training final lightgbm model on 17494 samples
2026-06-23 07:23:59 | ml_trading | INFO | Model saved to /root/app/ml-project/ml-trading-dashboard/ml_service/storage/models/candidates/BNBUSDT_1h_lightgbm_20260623_072359.pkl
2026-06-23 07:23:59 | ml_trading | INFO | Saved calibration artifact: BNBUSDT_1h_lightgbm_20260623_072359_calibration.pkl (chosen=platt)
2026-06-23 07:23:59 | ml_trading | INFO | Calibration metrics (holdout=50): raw: ECE=0.123 LL=0.809 Brier=0.505 | platt: ECE=0.000 LL=0.665 Brier=0.413 | isotonic: ECE=0.061 LL=0.547 Brier=0.351  → chosen: platt

================================================================================
TRAINING COMPLETE
================================================================================
Model: lightgbm
Folds: 275

F1 Scores:
  Short:   0.568
  Neutral: 0.345
  Long:    0.084
  Weighted: 0.448

Model saved: /root/app/ml-project/ml-trading-dashboard/ml_service/storage/models/candidates/BNBUSDT_1h_lightgbm_20260623_072359.pkl
================================================================================

Finished BNBUSDT 1h

=================================================
TRAINING BNBUSDT 4h
=================================================

Training model for BNBUSDT 4h...
2026-06-23 07:24:08 | ml_trading | INFO | Database schema initialized
2026-06-23 07:24:08 | ml_trading | INFO | Database initialized at /root/app/ml-project/ml-trading-dashboard/ml_service/storage/database.db
Loaded 4428 candles
Loaded 4428 BTC candles for correlation
Loaded 689 ES_proxy candles for correlation
2026-06-23 07:24:08 | ml_trading | INFO | [horizon] forward_periods=12 (source: /root/app/ml-project/ml-trading-dashboard/ml_service/config.yaml)
2026-06-23 07:24:08 | ml_trading | INFO | Starting training for BNBUSDT 4h
2026-06-23 07:24:08 | ml_trading | INFO |   Labeling method: triple_barrier
2026-06-23 07:24:08 | ml_trading | INFO |   Forward periods: 12
2026-06-23 07:24:08 | ml_trading | INFO |   TP multiplier: 3.0x ATR
2026-06-23 07:24:08 | ml_trading | INFO |   SL multiplier: 1.5x ATR
2026-06-23 07:24:08 | ml_trading | INFO | Found tuned hyperparameters for BNBUSDT 4h
2026-06-23 07:24:08 | ml_trading | INFO | Model type: lightgbm, F1: 0.4134
[!] VWAP requires an ordered DatetimeIndex.
2026-06-23 07:24:43 | ml_trading | INFO | Fetched 200 funding rate records for BNBUSDT
2026-06-23 07:24:46 | ml_trading | INFO | Clean dataset: 4212 rows after dropping NaN
2026-06-23 07:24:46 | ml_trading | INFO | Fold 1: train=388, test=50, purge=12, embargo=12
2026-06-23 07:24:48 | ml_trading | INFO | Fold 2: train=450, test=50, purge=12, embargo=12
2026-06-23 07:24:49 | ml_trading | INFO | Fold 3: train=512, test=50, purge=12, embargo=12
2026-06-23 07:24:50 | ml_trading | INFO | Fold 4: train=574, test=50, purge=12, embargo=12
2026-06-23 07:24:52 | ml_trading | INFO | Fold 5: train=636, test=50, purge=12, embargo=12
2026-06-23 07:24:53 | ml_trading | INFO | Fold 6: train=698, test=50, purge=12, embargo=12
2026-06-23 07:24:54 | ml_trading | INFO | Fold 7: train=760, test=50, purge=12, embargo=12
2026-06-23 07:24:56 | ml_trading | INFO | Fold 8: train=822, test=50, purge=12, embargo=12
2026-06-23 07:24:59 | ml_trading | INFO | Fold 9: train=884, test=50, purge=12, embargo=12
2026-06-23 07:25:00 | ml_trading | INFO | Fold 10: train=946, test=50, purge=12, embargo=12
2026-06-23 07:25:03 | ml_trading | INFO | Fold 11: train=1008, test=50, purge=12, embargo=12
2026-06-23 07:25:05 | ml_trading | INFO | Fold 12: train=1070, test=50, purge=12, embargo=12
2026-06-23 07:25:07 | ml_trading | INFO | Fold 13: train=1132, test=50, purge=12, embargo=12
2026-06-23 07:25:09 | ml_trading | INFO | Fold 14: train=1194, test=50, purge=12, embargo=12
2026-06-23 07:25:11 | ml_trading | INFO | Fold 15: train=1256, test=50, purge=12, embargo=12
2026-06-23 07:25:13 | ml_trading | INFO | Fold 16: train=1318, test=50, purge=12, embargo=12
2026-06-23 07:25:15 | ml_trading | INFO | Fold 17: train=1380, test=50, purge=12, embargo=12
2026-06-23 07:25:17 | ml_trading | INFO | Fold 18: train=1442, test=50, purge=12, embargo=12
2026-06-23 07:25:19 | ml_trading | INFO | Fold 19: train=1504, test=50, purge=12, embargo=12
2026-06-23 07:25:21 | ml_trading | INFO | Fold 20: train=1566, test=50, purge=12, embargo=12
2026-06-23 07:25:23 | ml_trading | INFO | Fold 21: train=1628, test=50, purge=12, embargo=12
2026-06-23 07:25:26 | ml_trading | INFO | Fold 22: train=1690, test=50, purge=12, embargo=12
2026-06-23 07:25:28 | ml_trading | INFO | Fold 23: train=1752, test=50, purge=12, embargo=12
2026-06-23 07:25:30 | ml_trading | INFO | Fold 24: train=1814, test=50, purge=12, embargo=12
2026-06-23 07:25:32 | ml_trading | INFO | Fold 25: train=1876, test=50, purge=12, embargo=12
2026-06-23 07:25:34 | ml_trading | INFO | Fold 26: train=1938, test=50, purge=12, embargo=12
2026-06-23 07:25:36 | ml_trading | INFO | Fold 27: train=2000, test=50, purge=12, embargo=12
2026-06-23 07:25:39 | ml_trading | INFO | Fold 28: train=2062, test=50, purge=12, embargo=12
2026-06-23 07:25:41 | ml_trading | INFO | Fold 29: train=2124, test=50, purge=12, embargo=12
2026-06-23 07:25:43 | ml_trading | INFO | Fold 30: train=2186, test=50, purge=12, embargo=12
2026-06-23 07:25:45 | ml_trading | INFO | Fold 31: train=2248, test=50, purge=12, embargo=12
2026-06-23 07:25:48 | ml_trading | INFO | Fold 32: train=2310, test=50, purge=12, embargo=12
2026-06-23 07:25:52 | ml_trading | INFO | Fold 33: train=2372, test=50, purge=12, embargo=12
2026-06-23 07:25:56 | ml_trading | INFO | Fold 34: train=2434, test=50, purge=12, embargo=12
2026-06-23 07:26:02 | ml_trading | INFO | Fold 35: train=2496, test=50, purge=12, embargo=12
2026-06-23 07:26:07 | ml_trading | INFO | Fold 36: train=2558, test=50, purge=12, embargo=12
2026-06-23 07:26:10 | ml_trading | INFO | Fold 37: train=2620, test=50, purge=12, embargo=12
2026-06-23 07:26:13 | ml_trading | INFO | Fold 38: train=2682, test=50, purge=12, embargo=12
2026-06-23 07:26:16 | ml_trading | INFO | Fold 39: train=2744, test=50, purge=12, embargo=12
2026-06-23 07:26:18 | ml_trading | INFO | Fold 40: train=2806, test=50, purge=12, embargo=12
2026-06-23 07:26:21 | ml_trading | INFO | Fold 41: train=2868, test=50, purge=12, embargo=12
2026-06-23 07:26:24 | ml_trading | INFO | Fold 42: train=2930, test=50, purge=12, embargo=12
2026-06-23 07:26:26 | ml_trading | INFO | Fold 43: train=2992, test=50, purge=12, embargo=12
2026-06-23 07:26:30 | ml_trading | INFO | Fold 44: train=3054, test=50, purge=12, embargo=12
2026-06-23 07:26:32 | ml_trading | INFO | Fold 45: train=3116, test=50, purge=12, embargo=12
2026-06-23 07:26:34 | ml_trading | INFO | Fold 46: train=3178, test=50, purge=12, embargo=12
2026-06-23 07:26:37 | ml_trading | INFO | Fold 47: train=3240, test=50, purge=12, embargo=12
2026-06-23 07:26:40 | ml_trading | INFO | Fold 48: train=3302, test=50, purge=12, embargo=12
2026-06-23 07:26:42 | ml_trading | INFO | Fold 49: train=3364, test=50, purge=12, embargo=12
2026-06-23 07:26:44 | ml_trading | INFO | Fold 50: train=3426, test=50, purge=12, embargo=12
2026-06-23 07:26:47 | ml_trading | INFO | Fold 51: train=3488, test=50, purge=12, embargo=12
2026-06-23 07:26:50 | ml_trading | INFO | Fold 52: train=3550, test=50, purge=12, embargo=12
2026-06-23 07:26:53 | ml_trading | INFO | Fold 53: train=3612, test=50, purge=12, embargo=12
2026-06-23 07:26:55 | ml_trading | INFO | Fold 54: train=3674, test=50, purge=12, embargo=12
2026-06-23 07:26:58 | ml_trading | INFO | Fold 55: train=3736, test=50, purge=12, embargo=12
2026-06-23 07:27:00 | ml_trading | INFO | Fold 56: train=3798, test=50, purge=12, embargo=12
2026-06-23 07:27:14 | ml_trading | INFO | Fold 57: train=3860, test=50, purge=12, embargo=12
2026-06-23 07:27:35 | ml_trading | INFO | Fold 58: train=3922, test=50, purge=12, embargo=12
2026-06-23 07:27:38 | ml_trading | INFO | Fold 59: train=3984, test=50, purge=12, embargo=12
2026-06-23 07:27:41 | ml_trading | INFO | Fold 60: train=4046, test=50, purge=12, embargo=12
2026-06-23 07:27:44 | ml_trading | INFO | Fold 61: train=4108, test=50, purge=12, embargo=12
2026-06-23 07:27:48 | ml_trading | INFO | Walk-forward validation complete: 61 folds
2026-06-23 07:27:48 | ml_trading | INFO | Avg F1 - Short: 0.526, Neutral: 0.310, Long: 0.105
2026-06-23 07:27:48 | ml_trading | INFO | Training final lightgbm model on 4212 samples
2026-06-23 07:27:48 | ml_trading | INFO | Using tuned hyperparameters for LightGBM
2026-06-23 07:27:50 | ml_trading | INFO | Model saved to /root/app/ml-project/ml-trading-dashboard/ml_service/storage/models/candidates/BNBUSDT_4h_lightgbm_20260623_072750.pkl
2026-06-23 07:27:50 | ml_trading | INFO | Saved calibration artifact: BNBUSDT_4h_lightgbm_20260623_072750_calibration.pkl (chosen=isotonic)
2026-06-23 07:27:50 | ml_trading | INFO | Calibration metrics (holdout=50): raw: ECE=0.122 LL=0.862 Brier=0.526 | platt: ECE=0.137 LL=0.721 Brier=0.416 | isotonic: ECE=0.108 LL=0.676 Brier=0.391  → chosen: isotonic

================================================================================
TRAINING COMPLETE
================================================================================
Model: lightgbm
Folds: 61

F1 Scores:
  Short:   0.526
  Neutral: 0.310
  Long:    0.105
  Weighted: 0.399

Model saved: /root/app/ml-project/ml-trading-dashboard/ml_service/storage/models/candidates/BNBUSDT_4h_lightgbm_20260623_072750.pkl
================================================================================

Finished BNBUSDT 4h

=================================================
TRAINING SOLUSDT 1h
=================================================

Training model for SOLUSDT 1h...
2026-06-23 07:27:55 | ml_trading | INFO | Database schema initialized
2026-06-23 07:27:55 | ml_trading | INFO | Database initialized at /root/app/ml-project/ml-trading-dashboard/ml_service/storage/database.db
Loaded 17758 candles
Loaded 17758 BTC candles for correlation
Loaded 2414 ES_proxy candles for correlation
2026-06-23 07:27:55 | ml_trading | INFO | [horizon] forward_periods=12 (source: /root/app/ml-project/ml-trading-dashboard/ml_service/config.yaml)
2026-06-23 07:27:55 | ml_trading | INFO | Starting training for SOLUSDT 1h
2026-06-23 07:27:55 | ml_trading | INFO |   Labeling method: triple_barrier
2026-06-23 07:27:55 | ml_trading | INFO |   Forward periods: 12
2026-06-23 07:27:55 | ml_trading | INFO |   TP multiplier: 3.0x ATR
2026-06-23 07:27:55 | ml_trading | INFO |   SL multiplier: 1.5x ATR
[!] VWAP requires an ordered DatetimeIndex.
2026-06-23 07:30:40 | ml_trading | INFO | Fetched 200 funding rate records for SOLUSDT
2026-06-23 07:30:55 | ml_trading | INFO | Clean dataset: 17542 rows after dropping NaN
2026-06-23 07:30:55 | ml_trading | INFO | Fold 1: train=388, test=50, purge=12, embargo=12
2026-06-23 07:30:57 | ml_trading | INFO | Fold 2: train=450, test=50, purge=12, embargo=12
2026-06-23 07:31:03 | ml_trading | INFO | Fold 3: train=512, test=50, purge=12, embargo=12
2026-06-23 07:31:11 | ml_trading | INFO | Fold 4: train=574, test=50, purge=12, embargo=12
2026-06-23 07:31:15 | ml_trading | INFO | Fold 5: train=636, test=50, purge=12, embargo=12
2026-06-23 07:31:20 | ml_trading | INFO | Fold 6: train=698, test=50, purge=12, embargo=12
2026-06-23 07:31:29 | ml_trading | INFO | Fold 7: train=760, test=50, purge=12, embargo=12
2026-06-23 07:31:33 | ml_trading | INFO | Fold 8: train=822, test=50, purge=12, embargo=12
2026-06-23 07:31:37 | ml_trading | INFO | Fold 9: train=884, test=50, purge=12, embargo=12
2026-06-23 07:31:43 | ml_trading | INFO | Fold 10: train=946, test=50, purge=12, embargo=12
2026-06-23 07:31:47 | ml_trading | INFO | Fold 11: train=1008, test=50, purge=12, embargo=12
2026-06-23 07:31:50 | ml_trading | INFO | Fold 12: train=1070, test=50, purge=12, embargo=12
2026-06-23 07:31:54 | ml_trading | INFO | Fold 13: train=1132, test=50, purge=12, embargo=12
2026-06-23 07:31:58 | ml_trading | INFO | Fold 14: train=1194, test=50, purge=12, embargo=12
2026-06-23 07:32:18 | ml_trading | INFO | Fold 15: train=1256, test=50, purge=12, embargo=12
2026-06-23 07:32:20 | ml_trading | INFO | Fold 16: train=1318, test=50, purge=12, embargo=12
2026-06-23 07:32:26 | ml_trading | INFO | Fold 17: train=1380, test=50, purge=12, embargo=12
2026-06-23 07:32:31 | ml_trading | INFO | Fold 18: train=1442, test=50, purge=12, embargo=12
2026-06-23 07:32:34 | ml_trading | INFO | Fold 19: train=1504, test=50, purge=12, embargo=12
2026-06-23 07:32:37 | ml_trading | INFO | Fold 20: train=1566, test=50, purge=12, embargo=12
2026-06-23 07:32:42 | ml_trading | INFO | Fold 21: train=1628, test=50, purge=12, embargo=12
2026-06-23 07:32:45 | ml_trading | INFO | Fold 22: train=1690, test=50, purge=12, embargo=12
2026-06-23 07:32:58 | ml_trading | INFO | Fold 23: train=1752, test=50, purge=12, embargo=12
2026-06-23 07:33:00 | ml_trading | INFO | Fold 24: train=1814, test=50, purge=12, embargo=12
2026-06-23 07:33:09 | ml_trading | INFO | Fold 25: train=1876, test=50, purge=12, embargo=12
2026-06-23 07:33:13 | ml_trading | INFO | Fold 26: train=1938, test=50, purge=12, embargo=12
2026-06-23 07:33:21 | ml_trading | INFO | Fold 27: train=2000, test=50, purge=12, embargo=12
2026-06-23 07:33:28 | ml_trading | INFO | Fold 28: train=2062, test=50, purge=12, embargo=12
2026-06-23 07:33:35 | ml_trading | INFO | Fold 29: train=2124, test=50, purge=12, embargo=12
2026-06-23 07:33:48 | ml_trading | INFO | Fold 30: train=2186, test=50, purge=12, embargo=12
2026-06-23 07:33:52 | ml_trading | INFO | Fold 31: train=2248, test=50, purge=12, embargo=12
2026-06-23 07:33:55 | ml_trading | INFO | Fold 32: train=2310, test=50, purge=12, embargo=12
2026-06-23 07:33:58 | ml_trading | INFO | Fold 33: train=2372, test=50, purge=12, embargo=12
2026-06-23 07:34:05 | ml_trading | INFO | Fold 34: train=2434, test=50, purge=12, embargo=12
2026-06-23 07:34:22 | ml_trading | INFO | Fold 35: train=2496, test=50, purge=12, embargo=12
2026-06-23 07:34:27 | ml_trading | INFO | Fold 36: train=2558, test=50, purge=12, embargo=12
2026-06-23 07:34:41 | ml_trading | INFO | Fold 37: train=2620, test=50, purge=12, embargo=12
2026-06-23 07:34:45 | ml_trading | INFO | Fold 38: train=2682, test=50, purge=12, embargo=12
2026-06-23 07:34:59 | ml_trading | INFO | Fold 39: train=2744, test=50, purge=12, embargo=12
2026-06-23 07:35:05 | ml_trading | INFO | Fold 40: train=2806, test=50, purge=12, embargo=12
2026-06-23 07:35:11 | ml_trading | INFO | Fold 41: train=2868, test=50, purge=12, embargo=12
2026-06-23 07:35:17 | ml_trading | INFO | Fold 42: train=2930, test=50, purge=12, embargo=12
2026-06-23 07:35:20 | ml_trading | INFO | Fold 43: train=2992, test=50, purge=12, embargo=12
2026-06-23 07:35:25 | ml_trading | INFO | Fold 44: train=3054, test=50, purge=12, embargo=12
2026-06-23 07:35:30 | ml_trading | INFO | Fold 45: train=3116, test=50, purge=12, embargo=12
2026-06-23 07:35:36 | ml_trading | INFO | Fold 46: train=3178, test=50, purge=12, embargo=12
2026-06-23 07:35:45 | ml_trading | INFO | Fold 47: train=3240, test=50, purge=12, embargo=12
2026-06-23 07:35:54 | ml_trading | INFO | Fold 48: train=3302, test=50, purge=12, embargo=12
2026-06-23 07:35:58 | ml_trading | INFO | Fold 49: train=3364, test=50, purge=12, embargo=12
2026-06-23 07:36:06 | ml_trading | INFO | Fold 50: train=3426, test=50, purge=12, embargo=12
2026-06-23 07:36:14 | ml_trading | INFO | Fold 51: train=3488, test=50, purge=12, embargo=12
2026-06-23 07:36:22 | ml_trading | INFO | Fold 52: train=3550, test=50, purge=12, embargo=12
2026-06-23 07:36:26 | ml_trading | INFO | Fold 53: train=3612, test=50, purge=12, embargo=12
2026-06-23 07:36:32 | ml_trading | INFO | Fold 54: train=3674, test=50, purge=12, embargo=12
2026-06-23 07:36:35 | ml_trading | INFO | Fold 55: train=3736, test=50, purge=12, embargo=12
2026-06-23 07:36:40 | ml_trading | INFO | Fold 56: train=3798, test=50, purge=12, embargo=12
2026-06-23 07:36:44 | ml_trading | INFO | Fold 57: train=3860, test=50, purge=12, embargo=12
2026-06-23 07:36:50 | ml_trading | INFO | Fold 58: train=3922, test=50, purge=12, embargo=12
2026-06-23 07:36:58 | ml_trading | INFO | Fold 59: train=3984, test=50, purge=12, embargo=12
2026-06-23 07:37:04 | ml_trading | INFO | Fold 60: train=4046, test=50, purge=12, embargo=12
2026-06-23 07:37:13 | ml_trading | INFO | Fold 61: train=4108, test=50, purge=12, embargo=12
2026-06-23 07:37:22 | ml_trading | INFO | Fold 62: train=4170, test=50, purge=12, embargo=12
2026-06-23 07:37:28 | ml_trading | INFO | Fold 63: train=4232, test=50, purge=12, embargo=12
2026-06-23 07:37:35 | ml_trading | INFO | Fold 64: train=4294, test=50, purge=12, embargo=12
2026-06-23 07:37:40 | ml_trading | INFO | Fold 65: train=4356, test=50, purge=12, embargo=12
2026-06-23 07:39:46 | ml_trading | INFO | Fold 66: train=4418, test=50, purge=12, embargo=12
2026-06-23 07:39:48 | ml_trading | INFO | Fold 67: train=4480, test=50, purge=12, embargo=12
2026-06-23 07:39:50 | ml_trading | INFO | Fold 68: train=4542, test=50, purge=12, embargo=12
2026-06-23 07:39:52 | ml_trading | INFO | Fold 69: train=4604, test=50, purge=12, embargo=12
2026-06-23 07:39:54 | ml_trading | INFO | Fold 70: train=4666, test=50, purge=12, embargo=12
2026-06-23 07:39:56 | ml_trading | INFO | Fold 71: train=4728, test=50, purge=12, embargo=12
2026-06-23 07:39:57 | ml_trading | INFO | Fold 72: train=4790, test=50, purge=12, embargo=12
2026-06-23 07:39:59 | ml_trading | INFO | Fold 73: train=4852, test=50, purge=12, embargo=12
2026-06-23 07:40:01 | ml_trading | INFO | Fold 74: train=4914, test=50, purge=12, embargo=12
2026-06-23 07:40:07 | ml_trading | INFO | Fold 75: train=4976, test=50, purge=12, embargo=12
2026-06-23 07:40:11 | ml_trading | INFO | Fold 76: train=5038, test=50, purge=12, embargo=12
2026-06-23 07:40:13 | ml_trading | INFO | Fold 77: train=5100, test=50, purge=12, embargo=12
2026-06-23 07:40:15 | ml_trading | INFO | Fold 78: train=5162, test=50, purge=12, embargo=12
2026-06-23 07:40:17 | ml_trading | INFO | Fold 79: train=5224, test=50, purge=12, embargo=12
2026-06-23 07:40:19 | ml_trading | INFO | Fold 80: train=5286, test=50, purge=12, embargo=12
2026-06-23 07:40:22 | ml_trading | INFO | Fold 81: train=5348, test=50, purge=12, embargo=12
2026-06-23 07:40:24 | ml_trading | INFO | Fold 82: train=5410, test=50, purge=12, embargo=12
2026-06-23 07:40:26 | ml_trading | INFO | Fold 83: train=5472, test=50, purge=12, embargo=12
2026-06-23 07:40:27 | ml_trading | INFO | Fold 84: train=5534, test=50, purge=12, embargo=12
2026-06-23 07:40:29 | ml_trading | INFO | Fold 85: train=5596, test=50, purge=12, embargo=12
2026-06-23 07:40:31 | ml_trading | INFO | Fold 86: train=5658, test=50, purge=12, embargo=12
2026-06-23 07:40:33 | ml_trading | INFO | Fold 87: train=5720, test=50, purge=12, embargo=12
2026-06-23 07:40:36 | ml_trading | INFO | Fold 88: train=5782, test=50, purge=12, embargo=12
2026-06-23 07:40:38 | ml_trading | INFO | Fold 89: train=5844, test=50, purge=12, embargo=12
2026-06-23 07:40:41 | ml_trading | INFO | Fold 90: train=5906, test=50, purge=12, embargo=12
2026-06-23 07:40:43 | ml_trading | INFO | Fold 91: train=5968, test=50, purge=12, embargo=12
2026-06-23 07:40:45 | ml_trading | INFO | Fold 92: train=6030, test=50, purge=12, embargo=12
2026-06-23 07:40:47 | ml_trading | INFO | Fold 93: train=6092, test=50, purge=12, embargo=12
2026-06-23 07:40:50 | ml_trading | INFO | Fold 94: train=6154, test=50, purge=12, embargo=12
2026-06-23 07:40:53 | ml_trading | INFO | Fold 95: train=6216, test=50, purge=12, embargo=12
2026-06-23 07:40:56 | ml_trading | INFO | Fold 96: train=6278, test=50, purge=12, embargo=12
2026-06-23 07:40:59 | ml_trading | INFO | Fold 97: train=6340, test=50, purge=12, embargo=12
2026-06-23 07:41:02 | ml_trading | INFO | Fold 98: train=6402, test=50, purge=12, embargo=12
2026-06-23 07:41:06 | ml_trading | INFO | Fold 99: train=6464, test=50, purge=12, embargo=12
2026-06-23 07:41:09 | ml_trading | INFO | Fold 100: train=6526, test=50, purge=12, embargo=12
2026-06-23 07:41:12 | ml_trading | INFO | Fold 101: train=6588, test=50, purge=12, embargo=12
2026-06-23 07:41:16 | ml_trading | INFO | Fold 102: train=6650, test=50, purge=12, embargo=12
2026-06-23 07:41:19 | ml_trading | INFO | Fold 103: train=6712, test=50, purge=12, embargo=12
2026-06-23 07:41:22 | ml_trading | INFO | Fold 104: train=6774, test=50, purge=12, embargo=12
2026-06-23 07:41:26 | ml_trading | INFO | Fold 105: train=6836, test=50, purge=12, embargo=12
2026-06-23 07:41:28 | ml_trading | INFO | Fold 106: train=6898, test=50, purge=12, embargo=12
2026-06-23 07:41:31 | ml_trading | INFO | Fold 107: train=6960, test=50, purge=12, embargo=12
2026-06-23 07:41:33 | ml_trading | INFO | Fold 108: train=7022, test=50, purge=12, embargo=12
2026-06-23 07:41:35 | ml_trading | INFO | Fold 109: train=7084, test=50, purge=12, embargo=12
2026-06-23 07:41:38 | ml_trading | INFO | Fold 110: train=7146, test=50, purge=12, embargo=12
2026-06-23 07:41:40 | ml_trading | INFO | Fold 111: train=7208, test=50, purge=12, embargo=12
2026-06-23 07:41:42 | ml_trading | INFO | Fold 112: train=7270, test=50, purge=12, embargo=12
2026-06-23 07:41:44 | ml_trading | INFO | Fold 113: train=7332, test=50, purge=12, embargo=12
2026-06-23 07:41:46 | ml_trading | INFO | Fold 114: train=7394, test=50, purge=12, embargo=12
2026-06-23 07:41:48 | ml_trading | INFO | Fold 115: train=7456, test=50, purge=12, embargo=12
2026-06-23 07:41:49 | ml_trading | INFO | Fold 116: train=7518, test=50, purge=12, embargo=12
2026-06-23 07:41:52 | ml_trading | INFO | Fold 117: train=7580, test=50, purge=12, embargo=12
2026-06-23 07:41:53 | ml_trading | INFO | Fold 118: train=7642, test=50, purge=12, embargo=12
2026-06-23 07:41:55 | ml_trading | INFO | Fold 119: train=7704, test=50, purge=12, embargo=12
2026-06-23 07:41:58 | ml_trading | INFO | Fold 120: train=7766, test=50, purge=12, embargo=12
2026-06-23 07:42:00 | ml_trading | INFO | Fold 121: train=7828, test=50, purge=12, embargo=12
2026-06-23 07:42:02 | ml_trading | INFO | Fold 122: train=7890, test=50, purge=12, embargo=12
2026-06-23 07:42:05 | ml_trading | INFO | Fold 123: train=7952, test=50, purge=12, embargo=12
2026-06-23 07:42:07 | ml_trading | INFO | Fold 124: train=8014, test=50, purge=12, embargo=12
2026-06-23 07:42:09 | ml_trading | INFO | Fold 125: train=8076, test=50, purge=12, embargo=12
2026-06-23 07:42:11 | ml_trading | INFO | Fold 126: train=8138, test=50, purge=12, embargo=12
2026-06-23 07:42:14 | ml_trading | INFO | Fold 127: train=8200, test=50, purge=12, embargo=12
2026-06-23 07:42:17 | ml_trading | INFO | Fold 128: train=8262, test=50, purge=12, embargo=12
2026-06-23 07:42:19 | ml_trading | INFO | Fold 129: train=8324, test=50, purge=12, embargo=12
2026-06-23 07:42:21 | ml_trading | INFO | Fold 130: train=8386, test=50, purge=12, embargo=12
2026-06-23 07:42:23 | ml_trading | INFO | Fold 131: train=8448, test=50, purge=12, embargo=12
2026-06-23 07:42:27 | ml_trading | INFO | Fold 132: train=8510, test=50, purge=12, embargo=12
2026-06-23 07:42:28 | ml_trading | INFO | Fold 133: train=8572, test=50, purge=12, embargo=12
2026-06-23 07:42:30 | ml_trading | INFO | Fold 134: train=8634, test=50, purge=12, embargo=12
2026-06-23 07:42:32 | ml_trading | INFO | Fold 135: train=8696, test=50, purge=12, embargo=12
2026-06-23 07:42:35 | ml_trading | INFO | Fold 136: train=8758, test=50, purge=12, embargo=12
2026-06-23 07:42:37 | ml_trading | INFO | Fold 137: train=8820, test=50, purge=12, embargo=12
2026-06-23 07:42:39 | ml_trading | INFO | Fold 138: train=8882, test=50, purge=12, embargo=12
2026-06-23 07:42:41 | ml_trading | INFO | Fold 139: train=8944, test=50, purge=12, embargo=12
2026-06-23 07:42:43 | ml_trading | INFO | Fold 140: train=9006, test=50, purge=12, embargo=12
2026-06-23 07:42:45 | ml_trading | INFO | Fold 141: train=9068, test=50, purge=12, embargo=12
2026-06-23 07:42:47 | ml_trading | INFO | Fold 142: train=9130, test=50, purge=12, embargo=12
2026-06-23 07:42:49 | ml_trading | INFO | Fold 143: train=9192, test=50, purge=12, embargo=12
2026-06-23 07:42:51 | ml_trading | INFO | Fold 144: train=9254, test=50, purge=12, embargo=12
2026-06-23 07:42:54 | ml_trading | INFO | Fold 145: train=9316, test=50, purge=12, embargo=12
2026-06-23 07:42:56 | ml_trading | INFO | Fold 146: train=9378, test=50, purge=12, embargo=12
2026-06-23 07:42:58 | ml_trading | INFO | Fold 147: train=9440, test=50, purge=12, embargo=12
2026-06-23 07:43:00 | ml_trading | INFO | Fold 148: train=9502, test=50, purge=12, embargo=12
2026-06-23 07:43:04 | ml_trading | INFO | Fold 149: train=9564, test=50, purge=12, embargo=12
2026-06-23 07:43:06 | ml_trading | INFO | Fold 150: train=9626, test=50, purge=12, embargo=12
2026-06-23 07:43:08 | ml_trading | INFO | Fold 151: train=9688, test=50, purge=12, embargo=12
2026-06-23 07:43:10 | ml_trading | INFO | Fold 152: train=9750, test=50, purge=12, embargo=12
2026-06-23 07:43:13 | ml_trading | INFO | Fold 153: train=9812, test=50, purge=12, embargo=12
2026-06-23 07:43:15 | ml_trading | INFO | Fold 154: train=9874, test=50, purge=12, embargo=12
2026-06-23 07:43:17 | ml_trading | INFO | Fold 155: train=9936, test=50, purge=12, embargo=12
2026-06-23 07:43:19 | ml_trading | INFO | Fold 156: train=9998, test=50, purge=12, embargo=12
2026-06-23 07:43:21 | ml_trading | INFO | Fold 157: train=10060, test=50, purge=12, embargo=12
2026-06-23 07:43:23 | ml_trading | INFO | Fold 158: train=10122, test=50, purge=12, embargo=12
2026-06-23 07:43:25 | ml_trading | INFO | Fold 159: train=10184, test=50, purge=12, embargo=12
2026-06-23 07:43:28 | ml_trading | INFO | Fold 160: train=10246, test=50, purge=12, embargo=12
2026-06-23 07:43:30 | ml_trading | INFO | Fold 161: train=10308, test=50, purge=12, embargo=12
2026-06-23 07:43:32 | ml_trading | INFO | Fold 162: train=10370, test=50, purge=12, embargo=12
2026-06-23 07:43:34 | ml_trading | INFO | Fold 163: train=10432, test=50, purge=12, embargo=12
2026-06-23 07:43:36 | ml_trading | INFO | Fold 164: train=10494, test=50, purge=12, embargo=12
2026-06-23 07:43:39 | ml_trading | INFO | Fold 165: train=10556, test=50, purge=12, embargo=12
2026-06-23 07:43:41 | ml_trading | INFO | Fold 166: train=10618, test=50, purge=12, embargo=12
2026-06-23 07:43:43 | ml_trading | INFO | Fold 167: train=10680, test=50, purge=12, embargo=12
2026-06-23 07:43:45 | ml_trading | INFO | Fold 168: train=10742, test=50, purge=12, embargo=12
2026-06-23 07:43:48 | ml_trading | INFO | Fold 169: train=10804, test=50, purge=12, embargo=12
2026-06-23 07:43:50 | ml_trading | INFO | Fold 170: train=10866, test=50, purge=12, embargo=12
2026-06-23 07:43:52 | ml_trading | INFO | Fold 171: train=10928, test=50, purge=12, embargo=12
2026-06-23 07:43:54 | ml_trading | INFO | Fold 172: train=10990, test=50, purge=12, embargo=12
2026-06-23 07:43:56 | ml_trading | INFO | Fold 173: train=11052, test=50, purge=12, embargo=12
2026-06-23 07:43:59 | ml_trading | INFO | Fold 174: train=11114, test=50, purge=12, embargo=12
2026-06-23 07:44:01 | ml_trading | INFO | Fold 175: train=11176, test=50, purge=12, embargo=12
2026-06-23 07:44:03 | ml_trading | INFO | Fold 176: train=11238, test=50, purge=12, embargo=12
2026-06-23 07:44:06 | ml_trading | INFO | Fold 177: train=11300, test=50, purge=12, embargo=12
2026-06-23 07:44:08 | ml_trading | INFO | Fold 178: train=11362, test=50, purge=12, embargo=12
2026-06-23 07:44:10 | ml_trading | INFO | Fold 179: train=11424, test=50, purge=12, embargo=12
2026-06-23 07:44:13 | ml_trading | INFO | Fold 180: train=11486, test=50, purge=12, embargo=12
2026-06-23 07:44:15 | ml_trading | INFO | Fold 181: train=11548, test=50, purge=12, embargo=12
2026-06-23 07:44:17 | ml_trading | INFO | Fold 182: train=11610, test=50, purge=12, embargo=12
2026-06-23 07:44:19 | ml_trading | INFO | Fold 183: train=11672, test=50, purge=12, embargo=12
2026-06-23 07:44:21 | ml_trading | INFO | Fold 184: train=11734, test=50, purge=12, embargo=12
2026-06-23 07:44:23 | ml_trading | INFO | Fold 185: train=11796, test=50, purge=12, embargo=12
2026-06-23 07:44:25 | ml_trading | INFO | Fold 186: train=11858, test=50, purge=12, embargo=12
2026-06-23 07:44:29 | ml_trading | INFO | Fold 187: train=11920, test=50, purge=12, embargo=12
2026-06-23 07:44:31 | ml_trading | INFO | Fold 188: train=11982, test=50, purge=12, embargo=12
2026-06-23 07:44:33 | ml_trading | INFO | Fold 189: train=12044, test=50, purge=12, embargo=12
2026-06-23 07:44:35 | ml_trading | INFO | Fold 190: train=12106, test=50, purge=12, embargo=12
2026-06-23 07:44:37 | ml_trading | INFO | Fold 191: train=12168, test=50, purge=12, embargo=12
2026-06-23 07:44:39 | ml_trading | INFO | Fold 192: train=12230, test=50, purge=12, embargo=12
2026-06-23 07:44:41 | ml_trading | INFO | Fold 193: train=12292, test=50, purge=12, embargo=12
2026-06-23 07:44:44 | ml_trading | INFO | Fold 194: train=12354, test=50, purge=12, embargo=12
2026-06-23 07:44:46 | ml_trading | INFO | Fold 195: train=12416, test=50, purge=12, embargo=12
2026-06-23 07:44:49 | ml_trading | INFO | Fold 196: train=12478, test=50, purge=12, embargo=12
2026-06-23 07:44:51 | ml_trading | INFO | Fold 197: train=12540, test=50, purge=12, embargo=12
2026-06-23 07:44:54 | ml_trading | INFO | Fold 198: train=12602, test=50, purge=12, embargo=12
2026-06-23 07:44:56 | ml_trading | INFO | Fold 199: train=12664, test=50, purge=12, embargo=12
2026-06-23 07:44:59 | ml_trading | INFO | Fold 200: train=12726, test=50, purge=12, embargo=12
2026-06-23 07:45:01 | ml_trading | INFO | Fold 201: train=12788, test=50, purge=12, embargo=12
2026-06-23 07:45:06 | ml_trading | INFO | Fold 202: train=12850, test=50, purge=12, embargo=12
2026-06-23 07:45:10 | ml_trading | INFO | Fold 203: train=12912, test=50, purge=12, embargo=12
2026-06-23 07:45:12 | ml_trading | INFO | Fold 204: train=12974, test=50, purge=12, embargo=12
2026-06-23 07:45:15 | ml_trading | INFO | Fold 205: train=13036, test=50, purge=12, embargo=12
2026-06-23 07:45:18 | ml_trading | INFO | Fold 206: train=13098, test=50, purge=12, embargo=12
2026-06-23 07:45:21 | ml_trading | INFO | Fold 207: train=13160, test=50, purge=12, embargo=12
2026-06-23 07:45:23 | ml_trading | INFO | Fold 208: train=13222, test=50, purge=12, embargo=12
2026-06-23 07:45:26 | ml_trading | INFO | Fold 209: train=13284, test=50, purge=12, embargo=12
2026-06-23 07:45:29 | ml_trading | INFO | Fold 210: train=13346, test=50, purge=12, embargo=12
2026-06-23 07:45:32 | ml_trading | INFO | Fold 211: train=13408, test=50, purge=12, embargo=12
2026-06-23 07:45:35 | ml_trading | INFO | Fold 212: train=13470, test=50, purge=12, embargo=12
2026-06-23 07:45:39 | ml_trading | INFO | Fold 213: train=13532, test=50, purge=12, embargo=12
2026-06-23 07:45:44 | ml_trading | INFO | Fold 214: train=13594, test=50, purge=12, embargo=12
2026-06-23 07:45:46 | ml_trading | INFO | Fold 215: train=13656, test=50, purge=12, embargo=12
2026-06-23 07:45:49 | ml_trading | INFO | Fold 216: train=13718, test=50, purge=12, embargo=12
2026-06-23 07:45:52 | ml_trading | INFO | Fold 217: train=13780, test=50, purge=12, embargo=12
2026-06-23 07:45:56 | ml_trading | INFO | Fold 218: train=13842, test=50, purge=12, embargo=12
2026-06-23 07:45:58 | ml_trading | INFO | Fold 219: train=13904, test=50, purge=12, embargo=12
2026-06-23 07:46:00 | ml_trading | INFO | Fold 220: train=13966, test=50, purge=12, embargo=12
2026-06-23 07:46:03 | ml_trading | INFO | Fold 221: train=14028, test=50, purge=12, embargo=12
2026-06-23 07:46:06 | ml_trading | INFO | Fold 222: train=14090, test=50, purge=12, embargo=12
2026-06-23 07:46:09 | ml_trading | INFO | Fold 223: train=14152, test=50, purge=12, embargo=12
2026-06-23 07:46:12 | ml_trading | INFO | Fold 224: train=14214, test=50, purge=12, embargo=12
2026-06-23 07:46:15 | ml_trading | INFO | Fold 225: train=14276, test=50, purge=12, embargo=12
2026-06-23 07:46:17 | ml_trading | INFO | Fold 226: train=14338, test=50, purge=12, embargo=12
2026-06-23 07:46:19 | ml_trading | INFO | Fold 227: train=14400, test=50, purge=12, embargo=12
2026-06-23 07:46:22 | ml_trading | INFO | Fold 228: train=14462, test=50, purge=12, embargo=12
2026-06-23 07:46:24 | ml_trading | INFO | Fold 229: train=14524, test=50, purge=12, embargo=12
2026-06-23 07:46:26 | ml_trading | INFO | Fold 230: train=14586, test=50, purge=12, embargo=12
2026-06-23 07:46:29 | ml_trading | INFO | Fold 231: train=14648, test=50, purge=12, embargo=12
2026-06-23 07:46:32 | ml_trading | INFO | Fold 232: train=14710, test=50, purge=12, embargo=12
2026-06-23 07:46:35 | ml_trading | INFO | Fold 233: train=14772, test=50, purge=12, embargo=12
2026-06-23 07:46:37 | ml_trading | INFO | Fold 234: train=14834, test=50, purge=12, embargo=12
2026-06-23 07:46:39 | ml_trading | INFO | Fold 235: train=14896, test=50, purge=12, embargo=12
2026-06-23 07:46:41 | ml_trading | INFO | Fold 236: train=14958, test=50, purge=12, embargo=12
2026-06-23 07:46:43 | ml_trading | INFO | Fold 237: train=15020, test=50, purge=12, embargo=12
2026-06-23 07:46:46 | ml_trading | INFO | Fold 238: train=15082, test=50, purge=12, embargo=12
2026-06-23 07:46:48 | ml_trading | INFO | Fold 239: train=15144, test=50, purge=12, embargo=12
2026-06-23 07:46:50 | ml_trading | INFO | Fold 240: train=15206, test=50, purge=12, embargo=12
2026-06-23 07:46:53 | ml_trading | INFO | Fold 241: train=15268, test=50, purge=12, embargo=12
2026-06-23 07:46:55 | ml_trading | INFO | Fold 242: train=15330, test=50, purge=12, embargo=12
2026-06-23 07:46:58 | ml_trading | INFO | Fold 243: train=15392, test=50, purge=12, embargo=12
2026-06-23 07:47:00 | ml_trading | INFO | Fold 244: train=15454, test=50, purge=12, embargo=12
2026-06-23 07:47:03 | ml_trading | INFO | Fold 245: train=15516, test=50, purge=12, embargo=12
2026-06-23 07:47:06 | ml_trading | INFO | Fold 246: train=15578, test=50, purge=12, embargo=12
2026-06-23 07:47:08 | ml_trading | INFO | Fold 247: train=15640, test=50, purge=12, embargo=12
2026-06-23 07:47:11 | ml_trading | INFO | Fold 248: train=15702, test=50, purge=12, embargo=12
2026-06-23 07:47:13 | ml_trading | INFO | Fold 249: train=15764, test=50, purge=12, embargo=12
2026-06-23 07:47:16 | ml_trading | INFO | Fold 250: train=15826, test=50, purge=12, embargo=12
2026-06-23 07:47:18 | ml_trading | INFO | Fold 251: train=15888, test=50, purge=12, embargo=12
2026-06-23 07:47:21 | ml_trading | INFO | Fold 252: train=15950, test=50, purge=12, embargo=12
2026-06-23 07:47:24 | ml_trading | INFO | Fold 253: train=16012, test=50, purge=12, embargo=12
2026-06-23 07:47:26 | ml_trading | INFO | Fold 254: train=16074, test=50, purge=12, embargo=12
2026-06-23 07:47:29 | ml_trading | INFO | Fold 255: train=16136, test=50, purge=12, embargo=12
2026-06-23 07:47:33 | ml_trading | INFO | Fold 256: train=16198, test=50, purge=12, embargo=12
2026-06-23 07:47:36 | ml_trading | INFO | Fold 257: train=16260, test=50, purge=12, embargo=12
2026-06-23 07:47:38 | ml_trading | INFO | Fold 258: train=16322, test=50, purge=12, embargo=12
2026-06-23 07:47:41 | ml_trading | INFO | Fold 259: train=16384, test=50, purge=12, embargo=12
2026-06-23 07:47:43 | ml_trading | INFO | Fold 260: train=16446, test=50, purge=12, embargo=12
2026-06-23 07:47:46 | ml_trading | INFO | Fold 261: train=16508, test=50, purge=12, embargo=12
2026-06-23 07:47:49 | ml_trading | INFO | Fold 262: train=16570, test=50, purge=12, embargo=12
2026-06-23 07:47:52 | ml_trading | INFO | Fold 263: train=16632, test=50, purge=12, embargo=12
2026-06-23 07:47:55 | ml_trading | INFO | Fold 264: train=16694, test=50, purge=12, embargo=12
2026-06-23 07:47:57 | ml_trading | INFO | Fold 265: train=16756, test=50, purge=12, embargo=12
2026-06-23 07:48:00 | ml_trading | INFO | Fold 266: train=16818, test=50, purge=12, embargo=12
2026-06-23 07:48:05 | ml_trading | INFO | Fold 267: train=16880, test=50, purge=12, embargo=12
2026-06-23 07:48:08 | ml_trading | INFO | Fold 268: train=16942, test=50, purge=12, embargo=12
2026-06-23 07:48:11 | ml_trading | INFO | Fold 269: train=17004, test=50, purge=12, embargo=12
2026-06-23 07:48:14 | ml_trading | INFO | Fold 270: train=17066, test=50, purge=12, embargo=12
2026-06-23 07:48:17 | ml_trading | INFO | Fold 271: train=17128, test=50, purge=12, embargo=12
2026-06-23 07:48:19 | ml_trading | INFO | Fold 272: train=17190, test=50, purge=12, embargo=12
2026-06-23 07:48:22 | ml_trading | INFO | Fold 273: train=17252, test=50, purge=12, embargo=12
2026-06-23 07:48:26 | ml_trading | INFO | Fold 274: train=17314, test=50, purge=12, embargo=12
2026-06-23 07:48:29 | ml_trading | INFO | Fold 275: train=17376, test=50, purge=12, embargo=12
2026-06-23 07:48:32 | ml_trading | INFO | Fold 276: train=17438, test=50, purge=12, embargo=12
2026-06-23 07:48:37 | ml_trading | INFO | Walk-forward validation complete: 276 folds
2026-06-23 07:48:37 | ml_trading | INFO | Avg F1 - Short: 0.555, Neutral: 0.342, Long: 0.100
2026-06-23 07:48:37 | ml_trading | INFO | Training final lightgbm model on 17542 samples
2026-06-23 07:48:39 | ml_trading | INFO | Model saved to /root/app/ml-project/ml-trading-dashboard/ml_service/storage/models/candidates/SOLUSDT_1h_lightgbm_20260623_074839.pkl
2026-06-23 07:48:39 | ml_trading | INFO | Saved calibration artifact: SOLUSDT_1h_lightgbm_20260623_074839_calibration.pkl (chosen=isotonic)
2026-06-23 07:48:39 | ml_trading | INFO | Calibration metrics (holdout=50): raw: ECE=0.400 LL=1.429 Brier=0.890 | platt: ECE=0.170 LL=1.061 Brier=0.642 | isotonic: ECE=0.112 LL=0.872 Brier=0.520  → chosen: isotonic

================================================================================
TRAINING COMPLETE
================================================================================
Model: lightgbm
Folds: 276

F1 Scores:
  Short:   0.555
  Neutral: 0.342
  Long:    0.100
  Weighted: 0.446

Model saved: /root/app/ml-project/ml-trading-dashboard/ml_service/storage/models/candidates/SOLUSDT_1h_lightgbm_20260623_074839.pkl
================================================================================

Finished SOLUSDT 1h

=================================================
TRAINING SOLUSDT 4h
=================================================

Training model for SOLUSDT 4h...
2026-06-23 07:48:44 | ml_trading | INFO | Database schema initialized
2026-06-23 07:48:44 | ml_trading | INFO | Database initialized at /root/app/ml-project/ml-trading-dashboard/ml_service/storage/database.db
Loaded 4440 candles
Loaded 4440 BTC candles for correlation
Loaded 691 ES_proxy candles for correlation
2026-06-23 07:48:45 | ml_trading | INFO | [horizon] forward_periods=12 (source: /root/app/ml-project/ml-trading-dashboard/ml_service/config.yaml)
2026-06-23 07:48:45 | ml_trading | INFO | Starting training for SOLUSDT 4h
2026-06-23 07:48:45 | ml_trading | INFO |   Labeling method: triple_barrier
2026-06-23 07:48:45 | ml_trading | INFO |   Forward periods: 12
2026-06-23 07:48:45 | ml_trading | INFO |   TP multiplier: 3.0x ATR
2026-06-23 07:48:45 | ml_trading | INFO |   SL multiplier: 1.5x ATR
2026-06-23 07:48:45 | ml_trading | INFO | Found tuned hyperparameters for SOLUSDT 4h
2026-06-23 07:48:45 | ml_trading | INFO | Model type: lightgbm, F1: 0.4563
[!] VWAP requires an ordered DatetimeIndex.
2026-06-23 07:49:21 | ml_trading | INFO | Fetched 200 funding rate records for SOLUSDT
2026-06-23 07:49:24 | ml_trading | INFO | Clean dataset: 4224 rows after dropping NaN
2026-06-23 07:49:24 | ml_trading | INFO | Fold 1: train=388, test=50, purge=12, embargo=12
2026-06-23 07:49:25 | ml_trading | INFO | Fold 2: train=450, test=50, purge=12, embargo=12
2026-06-23 07:49:26 | ml_trading | INFO | Fold 3: train=512, test=50, purge=12, embargo=12
2026-06-23 07:49:27 | ml_trading | INFO | Fold 4: train=574, test=50, purge=12, embargo=12
2026-06-23 07:49:28 | ml_trading | INFO | Fold 5: train=636, test=50, purge=12, embargo=12
2026-06-23 07:49:29 | ml_trading | INFO | Fold 6: train=698, test=50, purge=12, embargo=12
2026-06-23 07:49:30 | ml_trading | INFO | Fold 7: train=760, test=50, purge=12, embargo=12
2026-06-23 07:49:32 | ml_trading | INFO | Fold 8: train=822, test=50, purge=12, embargo=12
2026-06-23 07:49:33 | ml_trading | INFO | Fold 9: train=884, test=50, purge=12, embargo=12
2026-06-23 07:49:37 | ml_trading | INFO | Fold 10: train=946, test=50, purge=12, embargo=12
2026-06-23 07:49:38 | ml_trading | INFO | Fold 11: train=1008, test=50, purge=12, embargo=12
2026-06-23 07:49:40 | ml_trading | INFO | Fold 12: train=1070, test=50, purge=12, embargo=12
2026-06-23 07:49:41 | ml_trading | INFO | Fold 13: train=1132, test=50, purge=12, embargo=12
2026-06-23 07:49:43 | ml_trading | INFO | Fold 14: train=1194, test=50, purge=12, embargo=12
2026-06-23 07:49:45 | ml_trading | INFO | Fold 15: train=1256, test=50, purge=12, embargo=12
2026-06-23 07:49:46 | ml_trading | INFO | Fold 16: train=1318, test=50, purge=12, embargo=12
2026-06-23 07:49:48 | ml_trading | INFO | Fold 17: train=1380, test=50, purge=12, embargo=12
2026-06-23 07:49:49 | ml_trading | INFO | Fold 18: train=1442, test=50, purge=12, embargo=12
2026-06-23 07:49:51 | ml_trading | INFO | Fold 19: train=1504, test=50, purge=12, embargo=12
2026-06-23 07:49:52 | ml_trading | INFO | Fold 20: train=1566, test=50, purge=12, embargo=12
2026-06-23 07:49:55 | ml_trading | INFO | Fold 21: train=1628, test=50, purge=12, embargo=12
2026-06-23 07:49:57 | ml_trading | INFO | Fold 22: train=1690, test=50, purge=12, embargo=12
2026-06-23 07:49:58 | ml_trading | INFO | Fold 23: train=1752, test=50, purge=12, embargo=12
2026-06-23 07:50:00 | ml_trading | INFO | Fold 24: train=1814, test=50, purge=12, embargo=12
2026-06-23 07:50:04 | ml_trading | INFO | Fold 25: train=1876, test=50, purge=12, embargo=12
2026-06-23 07:50:07 | ml_trading | INFO | Fold 26: train=1938, test=50, purge=12, embargo=12
2026-06-23 07:50:11 | ml_trading | INFO | Fold 27: train=2000, test=50, purge=12, embargo=12
2026-06-23 07:50:14 | ml_trading | INFO | Fold 28: train=2062, test=50, purge=12, embargo=12
2026-06-23 07:50:19 | ml_trading | INFO | Fold 29: train=2124, test=50, purge=12, embargo=12
2026-06-23 07:50:23 | ml_trading | INFO | Fold 30: train=2186, test=50, purge=12, embargo=12
2026-06-23 07:50:26 | ml_trading | INFO | Fold 31: train=2248, test=50, purge=12, embargo=12
2026-06-23 07:50:29 | ml_trading | INFO | Fold 32: train=2310, test=50, purge=12, embargo=12
2026-06-23 07:50:32 | ml_trading | INFO | Fold 33: train=2372, test=50, purge=12, embargo=12
2026-06-23 07:50:36 | ml_trading | INFO | Fold 34: train=2434, test=50, purge=12, embargo=12
2026-06-23 07:50:42 | ml_trading | INFO | Fold 35: train=2496, test=50, purge=12, embargo=12
2026-06-23 07:50:44 | ml_trading | INFO | Fold 36: train=2558, test=50, purge=12, embargo=12
2026-06-23 07:50:47 | ml_trading | INFO | Fold 37: train=2620, test=50, purge=12, embargo=12
2026-06-23 07:50:49 | ml_trading | INFO | Fold 38: train=2682, test=50, purge=12, embargo=12
2026-06-23 07:50:52 | ml_trading | INFO | Fold 39: train=2744, test=50, purge=12, embargo=12
2026-06-23 07:50:55 | ml_trading | INFO | Fold 40: train=2806, test=50, purge=12, embargo=12
2026-06-23 07:50:58 | ml_trading | INFO | Fold 41: train=2868, test=50, purge=12, embargo=12
2026-06-23 07:51:01 | ml_trading | INFO | Fold 42: train=2930, test=50, purge=12, embargo=12
2026-06-23 07:51:04 | ml_trading | INFO | Fold 43: train=2992, test=50, purge=12, embargo=12
2026-06-23 07:51:06 | ml_trading | INFO | Fold 44: train=3054, test=50, purge=12, embargo=12
2026-06-23 07:51:13 | ml_trading | INFO | Fold 45: train=3116, test=50, purge=12, embargo=12
2026-06-23 07:51:15 | ml_trading | INFO | Fold 46: train=3178, test=50, purge=12, embargo=12
2026-06-23 07:51:17 | ml_trading | INFO | Fold 47: train=3240, test=50, purge=12, embargo=12
2026-06-23 07:51:20 | ml_trading | INFO | Fold 48: train=3302, test=50, purge=12, embargo=12
2026-06-23 07:51:22 | ml_trading | INFO | Fold 49: train=3364, test=50, purge=12, embargo=12
2026-06-23 07:51:23 | ml_trading | INFO | Fold 50: train=3426, test=50, purge=12, embargo=12
2026-06-23 07:51:25 | ml_trading | INFO | Fold 51: train=3488, test=50, purge=12, embargo=12
2026-06-23 07:51:28 | ml_trading | INFO | Fold 52: train=3550, test=50, purge=12, embargo=12
2026-06-23 07:51:30 | ml_trading | INFO | Fold 53: train=3612, test=50, purge=12, embargo=12
2026-06-23 07:51:32 | ml_trading | INFO | Fold 54: train=3674, test=50, purge=12, embargo=12
2026-06-23 07:51:34 | ml_trading | INFO | Fold 55: train=3736, test=50, purge=12, embargo=12
2026-06-23 07:51:35 | ml_trading | INFO | Fold 56: train=3798, test=50, purge=12, embargo=12
2026-06-23 07:51:38 | ml_trading | INFO | Fold 57: train=3860, test=50, purge=12, embargo=12
2026-06-23 07:51:41 | ml_trading | INFO | Fold 58: train=3922, test=50, purge=12, embargo=12
2026-06-23 07:51:43 | ml_trading | INFO | Fold 59: train=3984, test=50, purge=12, embargo=12
2026-06-23 07:51:45 | ml_trading | INFO | Fold 60: train=4046, test=50, purge=12, embargo=12
2026-06-23 07:51:48 | ml_trading | INFO | Fold 61: train=4108, test=50, purge=12, embargo=12
2026-06-23 07:51:49 | ml_trading | INFO | Walk-forward validation complete: 61 folds
2026-06-23 07:51:49 | ml_trading | INFO | Avg F1 - Short: 0.532, Neutral: 0.327, Long: 0.108
2026-06-23 07:51:49 | ml_trading | INFO | Training final xgboost model on 4224 samples
2026-06-23 07:51:51 | ml_trading | INFO | Model saved to /root/app/ml-project/ml-trading-dashboard/ml_service/storage/models/candidates/SOLUSDT_4h_xgboost_20260623_075151.pkl
2026-06-23 07:51:51 | ml_trading | INFO | Saved calibration artifact: SOLUSDT_4h_xgboost_20260623_075151_calibration.pkl (chosen=platt)
2026-06-23 07:51:51 | ml_trading | INFO | Calibration metrics (holdout=50): raw: ECE=0.321 LL=1.470 Brier=0.813 | platt: ECE=0.001 LL=0.717 Brier=0.464 | isotonic: ECE=0.075 LL=0.607 Brier=0.417  → chosen: platt

================================================================================
TRAINING COMPLETE
================================================================================
Model: xgboost
Folds: 61

F1 Scores:
  Short:   0.532
  Neutral: 0.327
  Long:    0.108
  Weighted: 0.419

Model saved: /root/app/ml-project/ml-trading-dashboard/ml_service/storage/models/candidates/SOLUSDT_4h_xgboost_20260623_075151.pkl
================================================================================

Finished SOLUSDT 4h

=================================================
TRAINING HYPEUSDT 1h
=================================================

Training model for HYPEUSDT 1h...
2026-06-23 07:51:55 | ml_trading | INFO | Database schema initialized
2026-06-23 07:51:55 | ml_trading | INFO | Database initialized at /root/app/ml-project/ml-trading-dashboard/ml_service/storage/database.db
Loaded 9332 candles
Loaded 17758 BTC candles for correlation
Loaded 2414 ES_proxy candles for correlation
2026-06-23 07:51:55 | ml_trading | INFO | [horizon] forward_periods=12 (source: /root/app/ml-project/ml-trading-dashboard/ml_service/config.yaml)
2026-06-23 07:51:55 | ml_trading | INFO | Starting training for HYPEUSDT 1h
2026-06-23 07:51:55 | ml_trading | INFO |   Labeling method: triple_barrier
2026-06-23 07:51:55 | ml_trading | INFO |   Forward periods: 12
2026-06-23 07:51:55 | ml_trading | INFO |   TP multiplier: 3.0x ATR
2026-06-23 07:51:55 | ml_trading | INFO |   SL multiplier: 1.5x ATR
[!] VWAP requires an ordered DatetimeIndex.
2026-06-23 07:53:09 | ml_trading | INFO | Fetched 200 funding rate records for HYPEUSDT
2026-06-23 07:53:16 | ml_trading | INFO | Clean dataset: 9116 rows after dropping NaN
2026-06-23 07:53:16 | ml_trading | INFO | Fold 1: train=388, test=50, purge=12, embargo=12
2026-06-23 07:53:17 | ml_trading | INFO | Fold 2: train=450, test=50, purge=12, embargo=12
2026-06-23 07:53:18 | ml_trading | INFO | Fold 3: train=512, test=50, purge=12, embargo=12
2026-06-23 07:53:19 | ml_trading | INFO | Fold 4: train=574, test=50, purge=12, embargo=12
2026-06-23 07:53:20 | ml_trading | INFO | Fold 5: train=636, test=50, purge=12, embargo=12
2026-06-23 07:53:21 | ml_trading | INFO | Fold 6: train=698, test=50, purge=12, embargo=12
2026-06-23 07:53:22 | ml_trading | INFO | Fold 7: train=760, test=50, purge=12, embargo=12
2026-06-23 07:53:23 | ml_trading | INFO | Fold 8: train=822, test=50, purge=12, embargo=12
2026-06-23 07:53:24 | ml_trading | INFO | Fold 9: train=884, test=50, purge=12, embargo=12
2026-06-23 07:53:25 | ml_trading | INFO | Fold 10: train=946, test=50, purge=12, embargo=12
2026-06-23 07:53:26 | ml_trading | INFO | Fold 11: train=1008, test=50, purge=12, embargo=12
2026-06-23 07:53:27 | ml_trading | INFO | Fold 12: train=1070, test=50, purge=12, embargo=12
2026-06-23 07:53:28 | ml_trading | INFO | Fold 13: train=1132, test=50, purge=12, embargo=12
2026-06-23 07:53:29 | ml_trading | INFO | Fold 14: train=1194, test=50, purge=12, embargo=12
2026-06-23 07:53:30 | ml_trading | INFO | Fold 15: train=1256, test=50, purge=12, embargo=12
2026-06-23 07:53:31 | ml_trading | INFO | Fold 16: train=1318, test=50, purge=12, embargo=12
2026-06-23 07:53:32 | ml_trading | INFO | Fold 17: train=1380, test=50, purge=12, embargo=12
2026-06-23 07:53:34 | ml_trading | INFO | Fold 18: train=1442, test=50, purge=12, embargo=12
2026-06-23 07:53:35 | ml_trading | INFO | Fold 19: train=1504, test=50, purge=12, embargo=12
2026-06-23 07:53:36 | ml_trading | INFO | Fold 20: train=1566, test=50, purge=12, embargo=12
2026-06-23 07:53:37 | ml_trading | INFO | Fold 21: train=1628, test=50, purge=12, embargo=12
2026-06-23 07:53:39 | ml_trading | INFO | Fold 22: train=1690, test=50, purge=12, embargo=12
2026-06-23 07:53:40 | ml_trading | INFO | Fold 23: train=1752, test=50, purge=12, embargo=12
2026-06-23 07:53:43 | ml_trading | INFO | Fold 24: train=1814, test=50, purge=12, embargo=12
2026-06-23 07:53:45 | ml_trading | INFO | Fold 25: train=1876, test=50, purge=12, embargo=12
2026-06-23 07:53:46 | ml_trading | INFO | Fold 26: train=1938, test=50, purge=12, embargo=12
2026-06-23 07:53:48 | ml_trading | INFO | Fold 27: train=2000, test=50, purge=12, embargo=12
2026-06-23 07:53:49 | ml_trading | INFO | Fold 28: train=2062, test=50, purge=12, embargo=12
2026-06-23 07:53:50 | ml_trading | INFO | Fold 29: train=2124, test=50, purge=12, embargo=12
2026-06-23 07:53:52 | ml_trading | INFO | Fold 30: train=2186, test=50, purge=12, embargo=12
2026-06-23 07:53:53 | ml_trading | INFO | Fold 31: train=2248, test=50, purge=12, embargo=12
2026-06-23 07:53:55 | ml_trading | INFO | Fold 32: train=2310, test=50, purge=12, embargo=12
2026-06-23 07:53:56 | ml_trading | INFO | Fold 33: train=2372, test=50, purge=12, embargo=12
2026-06-23 07:53:58 | ml_trading | INFO | Fold 34: train=2434, test=50, purge=12, embargo=12
2026-06-23 07:53:59 | ml_trading | INFO | Fold 35: train=2496, test=50, purge=12, embargo=12
2026-06-23 07:54:01 | ml_trading | INFO | Fold 36: train=2558, test=50, purge=12, embargo=12
2026-06-23 07:54:03 | ml_trading | INFO | Fold 37: train=2620, test=50, purge=12, embargo=12
2026-06-23 07:54:05 | ml_trading | INFO | Fold 38: train=2682, test=50, purge=12, embargo=12
2026-06-23 07:54:06 | ml_trading | INFO | Fold 39: train=2744, test=50, purge=12, embargo=12
2026-06-23 07:54:09 | ml_trading | INFO | Fold 40: train=2806, test=50, purge=12, embargo=12
2026-06-23 07:54:10 | ml_trading | INFO | Fold 41: train=2868, test=50, purge=12, embargo=12
2026-06-23 07:54:12 | ml_trading | INFO | Fold 42: train=2930, test=50, purge=12, embargo=12
2026-06-23 07:54:14 | ml_trading | INFO | Fold 43: train=2992, test=50, purge=12, embargo=12
2026-06-23 07:54:16 | ml_trading | INFO | Fold 44: train=3054, test=50, purge=12, embargo=12
2026-06-23 07:54:18 | ml_trading | INFO | Fold 45: train=3116, test=50, purge=12, embargo=12
2026-06-23 07:54:20 | ml_trading | INFO | Fold 46: train=3178, test=50, purge=12, embargo=12
2026-06-23 07:54:22 | ml_trading | INFO | Fold 47: train=3240, test=50, purge=12, embargo=12
2026-06-23 07:54:24 | ml_trading | INFO | Fold 48: train=3302, test=50, purge=12, embargo=12
2026-06-23 07:54:26 | ml_trading | INFO | Fold 49: train=3364, test=50, purge=12, embargo=12
2026-06-23 07:54:28 | ml_trading | INFO | Fold 50: train=3426, test=50, purge=12, embargo=12
2026-06-23 07:54:30 | ml_trading | INFO | Fold 51: train=3488, test=50, purge=12, embargo=12
2026-06-23 07:54:31 | ml_trading | INFO | Fold 52: train=3550, test=50, purge=12, embargo=12
2026-06-23 07:54:33 | ml_trading | INFO | Fold 53: train=3612, test=50, purge=12, embargo=12
2026-06-23 07:54:35 | ml_trading | INFO | Fold 54: train=3674, test=50, purge=12, embargo=12
2026-06-23 07:54:36 | ml_trading | INFO | Fold 55: train=3736, test=50, purge=12, embargo=12
2026-06-23 07:54:38 | ml_trading | INFO | Fold 56: train=3798, test=50, purge=12, embargo=12
2026-06-23 07:54:40 | ml_trading | INFO | Fold 57: train=3860, test=50, purge=12, embargo=12
2026-06-23 07:54:42 | ml_trading | INFO | Fold 58: train=3922, test=50, purge=12, embargo=12
2026-06-23 07:54:45 | ml_trading | INFO | Fold 59: train=3984, test=50, purge=12, embargo=12
2026-06-23 07:54:47 | ml_trading | INFO | Fold 60: train=4046, test=50, purge=12, embargo=12
2026-06-23 07:54:49 | ml_trading | INFO | Fold 61: train=4108, test=50, purge=12, embargo=12
2026-06-23 07:54:51 | ml_trading | INFO | Fold 62: train=4170, test=50, purge=12, embargo=12
2026-06-23 07:54:53 | ml_trading | INFO | Fold 63: train=4232, test=50, purge=12, embargo=12
2026-06-23 07:54:56 | ml_trading | INFO | Fold 64: train=4294, test=50, purge=12, embargo=12
2026-06-23 07:54:57 | ml_trading | INFO | Fold 65: train=4356, test=50, purge=12, embargo=12
2026-06-23 07:54:59 | ml_trading | INFO | Fold 66: train=4418, test=50, purge=12, embargo=12
2026-06-23 07:55:03 | ml_trading | INFO | Fold 67: train=4480, test=50, purge=12, embargo=12
2026-06-23 07:55:05 | ml_trading | INFO | Fold 68: train=4542, test=50, purge=12, embargo=12
2026-06-23 07:55:09 | ml_trading | INFO | Fold 69: train=4604, test=50, purge=12, embargo=12
2026-06-23 07:55:11 | ml_trading | INFO | Fold 70: train=4666, test=50, purge=12, embargo=12
2026-06-23 07:55:13 | ml_trading | INFO | Fold 71: train=4728, test=50, purge=12, embargo=12
2026-06-23 07:55:15 | ml_trading | INFO | Fold 72: train=4790, test=50, purge=12, embargo=12
2026-06-23 07:55:17 | ml_trading | INFO | Fold 73: train=4852, test=50, purge=12, embargo=12
2026-06-23 07:55:18 | ml_trading | INFO | Fold 74: train=4914, test=50, purge=12, embargo=12
2026-06-23 07:55:20 | ml_trading | INFO | Fold 75: train=4976, test=50, purge=12, embargo=12
2026-06-23 07:55:22 | ml_trading | INFO | Fold 76: train=5038, test=50, purge=12, embargo=12
2026-06-23 07:55:24 | ml_trading | INFO | Fold 77: train=5100, test=50, purge=12, embargo=12
2026-06-23 07:55:26 | ml_trading | INFO | Fold 78: train=5162, test=50, purge=12, embargo=12
2026-06-23 07:55:28 | ml_trading | INFO | Fold 79: train=5224, test=50, purge=12, embargo=12
2026-06-23 07:55:30 | ml_trading | INFO | Fold 80: train=5286, test=50, purge=12, embargo=12
2026-06-23 07:55:32 | ml_trading | INFO | Fold 81: train=5348, test=50, purge=12, embargo=12
2026-06-23 07:55:34 | ml_trading | INFO | Fold 82: train=5410, test=50, purge=12, embargo=12
2026-06-23 07:55:36 | ml_trading | INFO | Fold 83: train=5472, test=50, purge=12, embargo=12
2026-06-23 07:55:38 | ml_trading | INFO | Fold 84: train=5534, test=50, purge=12, embargo=12
2026-06-23 07:55:40 | ml_trading | INFO | Fold 85: train=5596, test=50, purge=12, embargo=12
2026-06-23 07:55:43 | ml_trading | INFO | Fold 86: train=5658, test=50, purge=12, embargo=12
2026-06-23 07:55:46 | ml_trading | INFO | Fold 87: train=5720, test=50, purge=12, embargo=12
2026-06-23 07:55:48 | ml_trading | INFO | Fold 88: train=5782, test=50, purge=12, embargo=12
2026-06-23 07:55:50 | ml_trading | INFO | Fold 89: train=5844, test=50, purge=12, embargo=12
2026-06-23 07:55:52 | ml_trading | INFO | Fold 90: train=5906, test=50, purge=12, embargo=12
2026-06-23 07:55:55 | ml_trading | INFO | Fold 91: train=5968, test=50, purge=12, embargo=12
2026-06-23 07:55:57 | ml_trading | INFO | Fold 92: train=6030, test=50, purge=12, embargo=12
2026-06-23 07:55:59 | ml_trading | INFO | Fold 93: train=6092, test=50, purge=12, embargo=12
2026-06-23 07:56:02 | ml_trading | INFO | Fold 94: train=6154, test=50, purge=12, embargo=12
2026-06-23 07:56:05 | ml_trading | INFO | Fold 95: train=6216, test=50, purge=12, embargo=12
2026-06-23 07:56:07 | ml_trading | INFO | Fold 96: train=6278, test=50, purge=12, embargo=12
2026-06-23 07:56:09 | ml_trading | INFO | Fold 97: train=6340, test=50, purge=12, embargo=12
2026-06-23 07:56:11 | ml_trading | INFO | Fold 98: train=6402, test=50, purge=12, embargo=12
2026-06-23 07:56:14 | ml_trading | INFO | Fold 99: train=6464, test=50, purge=12, embargo=12
2026-06-23 07:56:16 | ml_trading | INFO | Fold 100: train=6526, test=50, purge=12, embargo=12
2026-06-23 07:56:17 | ml_trading | INFO | Fold 101: train=6588, test=50, purge=12, embargo=12
2026-06-23 07:56:19 | ml_trading | INFO | Fold 102: train=6650, test=50, purge=12, embargo=12
2026-06-23 07:56:21 | ml_trading | INFO | Fold 103: train=6712, test=50, purge=12, embargo=12
2026-06-23 07:56:23 | ml_trading | INFO | Fold 104: train=6774, test=50, purge=12, embargo=12
2026-06-23 07:56:24 | ml_trading | INFO | Fold 105: train=6836, test=50, purge=12, embargo=12
2026-06-23 07:56:26 | ml_trading | INFO | Fold 106: train=6898, test=50, purge=12, embargo=12
2026-06-23 07:56:28 | ml_trading | INFO | Fold 107: train=6960, test=50, purge=12, embargo=12
2026-06-23 07:56:29 | ml_trading | INFO | Fold 108: train=7022, test=50, purge=12, embargo=12
2026-06-23 07:56:31 | ml_trading | INFO | Fold 109: train=7084, test=50, purge=12, embargo=12
2026-06-23 07:56:33 | ml_trading | INFO | Fold 110: train=7146, test=50, purge=12, embargo=12
2026-06-23 07:56:35 | ml_trading | INFO | Fold 111: train=7208, test=50, purge=12, embargo=12
2026-06-23 07:56:37 | ml_trading | INFO | Fold 112: train=7270, test=50, purge=12, embargo=12
2026-06-23 07:56:39 | ml_trading | INFO | Fold 113: train=7332, test=50, purge=12, embargo=12
2026-06-23 07:56:41 | ml_trading | INFO | Fold 114: train=7394, test=50, purge=12, embargo=12
2026-06-23 07:56:48 | ml_trading | INFO | Fold 115: train=7456, test=50, purge=12, embargo=12
2026-06-23 07:56:50 | ml_trading | INFO | Fold 116: train=7518, test=50, purge=12, embargo=12
2026-06-23 07:56:52 | ml_trading | INFO | Fold 117: train=7580, test=50, purge=12, embargo=12
2026-06-23 07:56:53 | ml_trading | INFO | Fold 118: train=7642, test=50, purge=12, embargo=12
2026-06-23 07:56:56 | ml_trading | INFO | Fold 119: train=7704, test=50, purge=12, embargo=12
2026-06-23 07:56:58 | ml_trading | INFO | Fold 120: train=7766, test=50, purge=12, embargo=12
2026-06-23 07:56:59 | ml_trading | INFO | Fold 121: train=7828, test=50, purge=12, embargo=12
2026-06-23 07:57:02 | ml_trading | INFO | Fold 122: train=7890, test=50, purge=12, embargo=12
2026-06-23 07:57:04 | ml_trading | INFO | Fold 123: train=7952, test=50, purge=12, embargo=12
2026-06-23 07:57:06 | ml_trading | INFO | Fold 124: train=8014, test=50, purge=12, embargo=12
2026-06-23 07:57:09 | ml_trading | INFO | Fold 125: train=8076, test=50, purge=12, embargo=12
2026-06-23 07:57:11 | ml_trading | INFO | Fold 126: train=8138, test=50, purge=12, embargo=12
2026-06-23 07:57:13 | ml_trading | INFO | Fold 127: train=8200, test=50, purge=12, embargo=12
2026-06-23 07:57:15 | ml_trading | INFO | Fold 128: train=8262, test=50, purge=12, embargo=12
2026-06-23 07:57:17 | ml_trading | INFO | Fold 129: train=8324, test=50, purge=12, embargo=12
2026-06-23 07:57:19 | ml_trading | INFO | Fold 130: train=8386, test=50, purge=12, embargo=12
2026-06-23 07:57:21 | ml_trading | INFO | Fold 131: train=8448, test=50, purge=12, embargo=12
2026-06-23 07:57:23 | ml_trading | INFO | Fold 132: train=8510, test=50, purge=12, embargo=12
2026-06-23 07:57:25 | ml_trading | INFO | Fold 133: train=8572, test=50, purge=12, embargo=12
2026-06-23 07:57:27 | ml_trading | INFO | Fold 134: train=8634, test=50, purge=12, embargo=12
2026-06-23 07:57:29 | ml_trading | INFO | Fold 135: train=8696, test=50, purge=12, embargo=12
2026-06-23 07:57:31 | ml_trading | INFO | Fold 136: train=8758, test=50, purge=12, embargo=12
2026-06-23 07:57:33 | ml_trading | INFO | Fold 137: train=8820, test=50, purge=12, embargo=12
2026-06-23 07:57:35 | ml_trading | INFO | Fold 138: train=8882, test=50, purge=12, embargo=12
2026-06-23 07:57:37 | ml_trading | INFO | Fold 139: train=8944, test=50, purge=12, embargo=12
2026-06-23 07:57:39 | ml_trading | INFO | Fold 140: train=9006, test=50, purge=12, embargo=12
2026-06-23 07:57:41 | ml_trading | INFO | Walk-forward validation complete: 140 folds
2026-06-23 07:57:41 | ml_trading | INFO | Avg F1 - Short: 0.522, Neutral: 0.345, Long: 0.111
2026-06-23 07:57:41 | ml_trading | INFO | Training final lightgbm model on 9116 samples
2026-06-23 07:57:43 | ml_trading | INFO | Model saved to /root/app/ml-project/ml-trading-dashboard/ml_service/storage/models/candidates/HYPEUSDT_1h_lightgbm_20260623_075743.pkl
2026-06-23 07:57:43 | ml_trading | INFO | Saved calibration artifact: HYPEUSDT_1h_lightgbm_20260623_075743_calibration.pkl (chosen=platt)
2026-06-23 07:57:43 | ml_trading | INFO | Calibration metrics (holdout=50): raw: ECE=0.093 LL=0.988 Brier=0.590 | platt: ECE=0.016 LL=0.919 Brier=0.560 | isotonic: ECE=0.091 LL=0.724 Brier=0.454  → chosen: platt

================================================================================
TRAINING COMPLETE
================================================================================
Model: lightgbm
Folds: 140

F1 Scores:
  Short:   0.522
  Neutral: 0.345
  Long:    0.111
  Weighted: 0.414

Model saved: /root/app/ml-project/ml-trading-dashboard/ml_service/storage/models/candidates/HYPEUSDT_1h_lightgbm_20260623_075743.pkl
================================================================================

Finished HYPEUSDT 1h

=================================================
TRAINING HYPEUSDT 4h
=================================================

Training model for HYPEUSDT 4h...
2026-06-23 07:57:47 | ml_trading | INFO | Database schema initialized
2026-06-23 07:57:47 | ml_trading | INFO | Database initialized at /root/app/ml-project/ml-trading-dashboard/ml_service/storage/database.db
Loaded 2334 candles
Loaded 4440 BTC candles for correlation
Loaded 691 ES_proxy candles for correlation
2026-06-23 07:57:47 | ml_trading | INFO | [horizon] forward_periods=12 (source: /root/app/ml-project/ml-trading-dashboard/ml_service/config.yaml)
2026-06-23 07:57:47 | ml_trading | INFO | Starting training for HYPEUSDT 4h
2026-06-23 07:57:47 | ml_trading | INFO |   Labeling method: triple_barrier
2026-06-23 07:57:47 | ml_trading | INFO |   Forward periods: 12
2026-06-23 07:57:47 | ml_trading | INFO |   TP multiplier: 3.0x ATR
2026-06-23 07:57:47 | ml_trading | INFO |   SL multiplier: 1.5x ATR
2026-06-23 07:57:47 | ml_trading | INFO | Found tuned hyperparameters for HYPEUSDT 4h
2026-06-23 07:57:47 | ml_trading | INFO | Model type: lightgbm, F1: 0.4261
[!] VWAP requires an ordered DatetimeIndex.
2026-06-23 07:58:05 | ml_trading | INFO | Fetched 200 funding rate records for HYPEUSDT
2026-06-23 07:58:07 | ml_trading | INFO | Clean dataset: 2118 rows after dropping NaN
2026-06-23 07:58:07 | ml_trading | INFO | Fold 1: train=388, test=50, purge=12, embargo=12
2026-06-23 07:58:08 | ml_trading | INFO | Fold 2: train=450, test=50, purge=12, embargo=12
2026-06-23 07:58:09 | ml_trading | INFO | Fold 3: train=512, test=50, purge=12, embargo=12
2026-06-23 07:58:11 | ml_trading | INFO | Fold 4: train=574, test=50, purge=12, embargo=12
2026-06-23 07:58:12 | ml_trading | INFO | Fold 5: train=636, test=50, purge=12, embargo=12
2026-06-23 07:58:14 | ml_trading | INFO | Fold 6: train=698, test=50, purge=12, embargo=12
2026-06-23 07:58:16 | ml_trading | INFO | Fold 7: train=760, test=50, purge=12, embargo=12
2026-06-23 07:58:17 | ml_trading | INFO | Fold 8: train=822, test=50, purge=12, embargo=12
2026-06-23 07:58:19 | ml_trading | INFO | Fold 9: train=884, test=50, purge=12, embargo=12
2026-06-23 07:58:20 | ml_trading | INFO | Fold 10: train=946, test=50, purge=12, embargo=12
2026-06-23 07:58:22 | ml_trading | INFO | Fold 11: train=1008, test=50, purge=12, embargo=12
2026-06-23 07:58:24 | ml_trading | INFO | Fold 12: train=1070, test=50, purge=12, embargo=12
2026-06-23 07:58:25 | ml_trading | INFO | Fold 13: train=1132, test=50, purge=12, embargo=12
2026-06-23 07:58:27 | ml_trading | INFO | Fold 14: train=1194, test=50, purge=12, embargo=12
2026-06-23 07:58:29 | ml_trading | INFO | Fold 15: train=1256, test=50, purge=12, embargo=12
2026-06-23 07:58:30 | ml_trading | INFO | Fold 16: train=1318, test=50, purge=12, embargo=12
2026-06-23 07:58:32 | ml_trading | INFO | Fold 17: train=1380, test=50, purge=12, embargo=12
2026-06-23 07:58:34 | ml_trading | INFO | Fold 18: train=1442, test=50, purge=12, embargo=12
2026-06-23 07:58:36 | ml_trading | INFO | Fold 19: train=1504, test=50, purge=12, embargo=12
2026-06-23 07:58:37 | ml_trading | INFO | Fold 20: train=1566, test=50, purge=12, embargo=12
2026-06-23 07:58:39 | ml_trading | INFO | Fold 21: train=1628, test=50, purge=12, embargo=12
2026-06-23 07:58:40 | ml_trading | INFO | Fold 22: train=1690, test=50, purge=12, embargo=12
2026-06-23 07:58:42 | ml_trading | INFO | Fold 23: train=1752, test=50, purge=12, embargo=12
2026-06-23 07:58:44 | ml_trading | INFO | Fold 24: train=1814, test=50, purge=12, embargo=12
2026-06-23 07:58:46 | ml_trading | INFO | Fold 25: train=1876, test=50, purge=12, embargo=12
2026-06-23 07:58:47 | ml_trading | INFO | Fold 26: train=1938, test=50, purge=12, embargo=12
2026-06-23 07:58:50 | ml_trading | INFO | Fold 27: train=2000, test=50, purge=12, embargo=12
2026-06-23 07:58:52 | ml_trading | INFO | Walk-forward validation complete: 27 folds
2026-06-23 07:58:52 | ml_trading | INFO | Avg F1 - Short: 0.499, Neutral: 0.330, Long: 0.071
2026-06-23 07:58:52 | ml_trading | INFO | Training final lightgbm model on 2118 samples
2026-06-23 07:58:52 | ml_trading | INFO | Using tuned hyperparameters for LightGBM
2026-06-23 07:58:53 | ml_trading | INFO | Model saved to /root/app/ml-project/ml-trading-dashboard/ml_service/storage/models/candidates/HYPEUSDT_4h_lightgbm_20260623_075853.pkl
2026-06-23 07:58:53 | ml_trading | INFO | Saved calibration artifact: HYPEUSDT_4h_lightgbm_20260623_075853_calibration.pkl (chosen=isotonic)
2026-06-23 07:58:53 | ml_trading | INFO | Calibration metrics (holdout=50): raw: ECE=0.146 LL=1.131 Brier=0.685 | platt: ECE=0.118 LL=0.875 Brier=0.552 | isotonic: ECE=0.032 LL=0.734 Brier=0.467  → chosen: isotonic

================================================================================
TRAINING COMPLETE
================================================================================
Model: lightgbm
Folds: 27

F1 Scores:
  Short:   0.499
  Neutral: 0.330
  Long:    0.071
  Weighted: 0.378

Model saved: /root/app/ml-project/ml-trading-dashboard/ml_service/storage/models/candidates/HYPEUSDT_4h_lightgbm_20260623_075853.pkl
================================================================================

Finished HYPEUSDT 4h

=================================================
TRAINING ADAUSDT 1h
=================================================

Training model for ADAUSDT 1h...
2026-06-23 07:58:57 | ml_trading | INFO | Database schema initialized
2026-06-23 07:58:57 | ml_trading | INFO | Database initialized at /root/app/ml-project/ml-trading-dashboard/ml_service/storage/database.db
Loaded 17758 candles
Loaded 17758 BTC candles for correlation
Loaded 2414 ES_proxy candles for correlation
2026-06-23 07:58:58 | ml_trading | INFO | [horizon] forward_periods=12 (source: /root/app/ml-project/ml-trading-dashboard/ml_service/config.yaml)
2026-06-23 07:58:58 | ml_trading | INFO | Starting training for ADAUSDT 1h
2026-06-23 07:58:58 | ml_trading | INFO |   Labeling method: triple_barrier
2026-06-23 07:58:58 | ml_trading | INFO |   Forward periods: 12
2026-06-23 07:58:58 | ml_trading | INFO |   TP multiplier: 3.0x ATR
2026-06-23 07:58:58 | ml_trading | INFO |   SL multiplier: 1.5x ATR
[!] VWAP requires an ordered DatetimeIndex.
2026-06-23 08:01:38 | ml_trading | INFO | Fetched 200 funding rate records for ADAUSDT
2026-06-23 08:01:54 | ml_trading | INFO | Clean dataset: 17542 rows after dropping NaN
2026-06-23 08:01:54 | ml_trading | INFO | Fold 1: train=388, test=50, purge=12, embargo=12
2026-06-23 08:01:56 | ml_trading | INFO | Fold 2: train=450, test=50, purge=12, embargo=12
2026-06-23 08:01:58 | ml_trading | INFO | Fold 3: train=512, test=50, purge=12, embargo=12
2026-06-23 08:02:00 | ml_trading | INFO | Fold 4: train=574, test=50, purge=12, embargo=12
2026-06-23 08:02:01 | ml_trading | INFO | Fold 5: train=636, test=50, purge=12, embargo=12
2026-06-23 08:02:04 | ml_trading | INFO | Fold 6: train=698, test=50, purge=12, embargo=12
2026-06-23 08:02:06 | ml_trading | INFO | Fold 7: train=760, test=50, purge=12, embargo=12
2026-06-23 08:02:08 | ml_trading | INFO | Fold 8: train=822, test=50, purge=12, embargo=12
2026-06-23 08:02:09 | ml_trading | INFO | Fold 9: train=884, test=50, purge=12, embargo=12
2026-06-23 08:02:12 | ml_trading | INFO | Fold 10: train=946, test=50, purge=12, embargo=12
2026-06-23 08:02:17 | ml_trading | INFO | Fold 11: train=1008, test=50, purge=12, embargo=12
2026-06-23 08:02:22 | ml_trading | INFO | Fold 12: train=1070, test=50, purge=12, embargo=12
2026-06-23 08:02:24 | ml_trading | INFO | Fold 13: train=1132, test=50, purge=12, embargo=12
2026-06-23 08:02:26 | ml_trading | INFO | Fold 14: train=1194, test=50, purge=12, embargo=12
2026-06-23 08:02:28 | ml_trading | INFO | Fold 15: train=1256, test=50, purge=12, embargo=12
2026-06-23 08:02:30 | ml_trading | INFO | Fold 16: train=1318, test=50, purge=12, embargo=12
2026-06-23 08:02:32 | ml_trading | INFO | Fold 17: train=1380, test=50, purge=12, embargo=12
2026-06-23 08:02:34 | ml_trading | INFO | Fold 18: train=1442, test=50, purge=12, embargo=12
2026-06-23 08:02:35 | ml_trading | INFO | Fold 19: train=1504, test=50, purge=12, embargo=12
2026-06-23 08:02:37 | ml_trading | INFO | Fold 20: train=1566, test=50, purge=12, embargo=12
2026-06-23 08:02:38 | ml_trading | INFO | Fold 21: train=1628, test=50, purge=12, embargo=12
2026-06-23 08:02:41 | ml_trading | INFO | Fold 22: train=1690, test=50, purge=12, embargo=12
2026-06-23 08:02:42 | ml_trading | INFO | Fold 23: train=1752, test=50, purge=12, embargo=12
2026-06-23 08:02:44 | ml_trading | INFO | Fold 24: train=1814, test=50, purge=12, embargo=12
2026-06-23 08:02:46 | ml_trading | INFO | Fold 25: train=1876, test=50, purge=12, embargo=12
2026-06-23 08:02:48 | ml_trading | INFO | Fold 26: train=1938, test=50, purge=12, embargo=12
2026-06-23 08:02:49 | ml_trading | INFO | Fold 27: train=2000, test=50, purge=12, embargo=12
2026-06-23 08:02:51 | ml_trading | INFO | Fold 28: train=2062, test=50, purge=12, embargo=12
2026-06-23 08:02:53 | ml_trading | INFO | Fold 29: train=2124, test=50, purge=12, embargo=12
2026-06-23 08:02:56 | ml_trading | INFO | Fold 30: train=2186, test=50, purge=12, embargo=12
2026-06-23 08:02:58 | ml_trading | INFO | Fold 31: train=2248, test=50, purge=12, embargo=12
2026-06-23 08:03:00 | ml_trading | INFO | Fold 32: train=2310, test=50, purge=12, embargo=12
2026-06-23 08:03:03 | ml_trading | INFO | Fold 33: train=2372, test=50, purge=12, embargo=12
2026-06-23 08:03:05 | ml_trading | INFO | Fold 34: train=2434, test=50, purge=12, embargo=12
2026-06-23 08:03:07 | ml_trading | INFO | Fold 35: train=2496, test=50, purge=12, embargo=12
2026-06-23 08:03:09 | ml_trading | INFO | Fold 36: train=2558, test=50, purge=12, embargo=12
2026-06-23 08:03:11 | ml_trading | INFO | Fold 37: train=2620, test=50, purge=12, embargo=12
2026-06-23 08:03:12 | ml_trading | INFO | Fold 38: train=2682, test=50, purge=12, embargo=12
2026-06-23 08:03:14 | ml_trading | INFO | Fold 39: train=2744, test=50, purge=12, embargo=12
2026-06-23 08:03:16 | ml_trading | INFO | Fold 40: train=2806, test=50, purge=12, embargo=12
2026-06-23 08:03:18 | ml_trading | INFO | Fold 41: train=2868, test=50, purge=12, embargo=12
2026-06-23 08:03:20 | ml_trading | INFO | Fold 42: train=2930, test=50, purge=12, embargo=12
2026-06-23 08:03:21 | ml_trading | INFO | Fold 43: train=2992, test=50, purge=12, embargo=12
2026-06-23 08:03:23 | ml_trading | INFO | Fold 44: train=3054, test=50, purge=12, embargo=12
2026-06-23 08:03:24 | ml_trading | INFO | Fold 45: train=3116, test=50, purge=12, embargo=12
2026-06-23 08:03:26 | ml_trading | INFO | Fold 46: train=3178, test=50, purge=12, embargo=12
2026-06-23 08:03:29 | ml_trading | INFO | Fold 47: train=3240, test=50, purge=12, embargo=12
2026-06-23 08:03:31 | ml_trading | INFO | Fold 48: train=3302, test=50, purge=12, embargo=12
2026-06-23 08:03:32 | ml_trading | INFO | Fold 49: train=3364, test=50, purge=12, embargo=12
2026-06-23 08:03:35 | ml_trading | INFO | Fold 50: train=3426, test=50, purge=12, embargo=12
2026-06-23 08:03:36 | ml_trading | INFO | Fold 51: train=3488, test=50, purge=12, embargo=12
2026-06-23 08:03:38 | ml_trading | INFO | Fold 52: train=3550, test=50, purge=12, embargo=12
2026-06-23 08:03:40 | ml_trading | INFO | Fold 53: train=3612, test=50, purge=12, embargo=12
2026-06-23 08:03:42 | ml_trading | INFO | Fold 54: train=3674, test=50, purge=12, embargo=12
2026-06-23 08:03:44 | ml_trading | INFO | Fold 55: train=3736, test=50, purge=12, embargo=12
2026-06-23 08:03:46 | ml_trading | INFO | Fold 56: train=3798, test=50, purge=12, embargo=12
2026-06-23 08:03:49 | ml_trading | INFO | Fold 57: train=3860, test=50, purge=12, embargo=12
2026-06-23 08:03:51 | ml_trading | INFO | Fold 58: train=3922, test=50, purge=12, embargo=12
2026-06-23 08:03:52 | ml_trading | INFO | Fold 59: train=3984, test=50, purge=12, embargo=12
2026-06-23 08:03:55 | ml_trading | INFO | Fold 60: train=4046, test=50, purge=12, embargo=12
2026-06-23 08:03:56 | ml_trading | INFO | Fold 61: train=4108, test=50, purge=12, embargo=12
2026-06-23 08:04:00 | ml_trading | INFO | Fold 62: train=4170, test=50, purge=12, embargo=12
2026-06-23 08:04:02 | ml_trading | INFO | Fold 63: train=4232, test=50, purge=12, embargo=12
2026-06-23 08:04:05 | ml_trading | INFO | Fold 64: train=4294, test=50, purge=12, embargo=12
2026-06-23 08:04:07 | ml_trading | INFO | Fold 65: train=4356, test=50, purge=12, embargo=12
2026-06-23 08:04:10 | ml_trading | INFO | Fold 66: train=4418, test=50, purge=12, embargo=12
2026-06-23 08:04:12 | ml_trading | INFO | Fold 67: train=4480, test=50, purge=12, embargo=12
2026-06-23 08:04:13 | ml_trading | INFO | Fold 68: train=4542, test=50, purge=12, embargo=12
2026-06-23 08:04:15 | ml_trading | INFO | Fold 69: train=4604, test=50, purge=12, embargo=12
2026-06-23 08:04:17 | ml_trading | INFO | Fold 70: train=4666, test=50, purge=12, embargo=12
2026-06-23 08:04:19 | ml_trading | INFO | Fold 71: train=4728, test=50, purge=12, embargo=12
2026-06-23 08:04:20 | ml_trading | INFO | Fold 72: train=4790, test=50, purge=12, embargo=12
2026-06-23 08:04:22 | ml_trading | INFO | Fold 73: train=4852, test=50, purge=12, embargo=12
2026-06-23 08:04:24 | ml_trading | INFO | Fold 74: train=4914, test=50, purge=12, embargo=12
2026-06-23 08:04:26 | ml_trading | INFO | Fold 75: train=4976, test=50, purge=12, embargo=12
2026-06-23 08:04:28 | ml_trading | INFO | Fold 76: train=5038, test=50, purge=12, embargo=12
2026-06-23 08:04:30 | ml_trading | INFO | Fold 77: train=5100, test=50, purge=12, embargo=12
2026-06-23 08:04:32 | ml_trading | INFO | Fold 78: train=5162, test=50, purge=12, embargo=12
2026-06-23 08:04:34 | ml_trading | INFO | Fold 79: train=5224, test=50, purge=12, embargo=12
2026-06-23 08:04:36 | ml_trading | INFO | Fold 80: train=5286, test=50, purge=12, embargo=12
2026-06-23 08:04:38 | ml_trading | INFO | Fold 81: train=5348, test=50, purge=12, embargo=12
2026-06-23 08:04:40 | ml_trading | INFO | Fold 82: train=5410, test=50, purge=12, embargo=12
2026-06-23 08:04:42 | ml_trading | INFO | Fold 83: train=5472, test=50, purge=12, embargo=12
2026-06-23 08:04:44 | ml_trading | INFO | Fold 84: train=5534, test=50, purge=12, embargo=12
2026-06-23 08:04:45 | ml_trading | INFO | Fold 85: train=5596, test=50, purge=12, embargo=12
2026-06-23 08:04:47 | ml_trading | INFO | Fold 86: train=5658, test=50, purge=12, embargo=12
2026-06-23 08:04:49 | ml_trading | INFO | Fold 87: train=5720, test=50, purge=12, embargo=12
2026-06-23 08:04:51 | ml_trading | INFO | Fold 88: train=5782, test=50, purge=12, embargo=12
2026-06-23 08:04:53 | ml_trading | INFO | Fold 89: train=5844, test=50, purge=12, embargo=12
2026-06-23 08:04:55 | ml_trading | INFO | Fold 90: train=5906, test=50, purge=12, embargo=12
2026-06-23 08:04:57 | ml_trading | INFO | Fold 91: train=5968, test=50, purge=12, embargo=12
2026-06-23 08:05:01 | ml_trading | INFO | Fold 92: train=6030, test=50, purge=12, embargo=12
2026-06-23 08:05:05 | ml_trading | INFO | Fold 93: train=6092, test=50, purge=12, embargo=12
2026-06-23 08:05:07 | ml_trading | INFO | Fold 94: train=6154, test=50, purge=12, embargo=12
2026-06-23 08:05:10 | ml_trading | INFO | Fold 95: train=6216, test=50, purge=12, embargo=12
2026-06-23 08:05:13 | ml_trading | INFO | Fold 96: train=6278, test=50, purge=12, embargo=12
2026-06-23 08:05:16 | ml_trading | INFO | Fold 97: train=6340, test=50, purge=12, embargo=12
2026-06-23 08:05:17 | ml_trading | INFO | Fold 98: train=6402, test=50, purge=12, embargo=12
2026-06-23 08:05:20 | ml_trading | INFO | Fold 99: train=6464, test=50, purge=12, embargo=12
2026-06-23 08:05:22 | ml_trading | INFO | Fold 100: train=6526, test=50, purge=12, embargo=12
2026-06-23 08:05:23 | ml_trading | INFO | Fold 101: train=6588, test=50, purge=12, embargo=12
2026-06-23 08:05:25 | ml_trading | INFO | Fold 102: train=6650, test=50, purge=12, embargo=12
2026-06-23 08:05:27 | ml_trading | INFO | Fold 103: train=6712, test=50, purge=12, embargo=12
2026-06-23 08:05:30 | ml_trading | INFO | Fold 104: train=6774, test=50, purge=12, embargo=12
2026-06-23 08:05:32 | ml_trading | INFO | Fold 105: train=6836, test=50, purge=12, embargo=12
2026-06-23 08:05:34 | ml_trading | INFO | Fold 106: train=6898, test=50, purge=12, embargo=12
2026-06-23 08:05:36 | ml_trading | INFO | Fold 107: train=6960, test=50, purge=12, embargo=12
2026-06-23 08:05:37 | ml_trading | INFO | Fold 108: train=7022, test=50, purge=12, embargo=12
2026-06-23 08:05:39 | ml_trading | INFO | Fold 109: train=7084, test=50, purge=12, embargo=12
2026-06-23 08:05:41 | ml_trading | INFO | Fold 110: train=7146, test=50, purge=12, embargo=12
2026-06-23 08:05:44 | ml_trading | INFO | Fold 111: train=7208, test=50, purge=12, embargo=12
2026-06-23 08:05:47 | ml_trading | INFO | Fold 112: train=7270, test=50, purge=12, embargo=12
2026-06-23 08:05:49 | ml_trading | INFO | Fold 113: train=7332, test=50, purge=12, embargo=12
2026-06-23 08:05:52 | ml_trading | INFO | Fold 114: train=7394, test=50, purge=12, embargo=12
2026-06-23 08:05:53 | ml_trading | INFO | Fold 115: train=7456, test=50, purge=12, embargo=12
2026-06-23 08:05:56 | ml_trading | INFO | Fold 116: train=7518, test=50, purge=12, embargo=12
2026-06-23 08:05:58 | ml_trading | INFO | Fold 117: train=7580, test=50, purge=12, embargo=12
2026-06-23 08:06:03 | ml_trading | INFO | Fold 118: train=7642, test=50, purge=12, embargo=12
2026-06-23 08:06:06 | ml_trading | INFO | Fold 119: train=7704, test=50, purge=12, embargo=12
2026-06-23 08:06:08 | ml_trading | INFO | Fold 120: train=7766, test=50, purge=12, embargo=12
2026-06-23 08:06:11 | ml_trading | INFO | Fold 121: train=7828, test=50, purge=12, embargo=12
2026-06-23 08:06:13 | ml_trading | INFO | Fold 122: train=7890, test=50, purge=12, embargo=12
2026-06-23 08:06:15 | ml_trading | INFO | Fold 123: train=7952, test=50, purge=12, embargo=12
2026-06-23 08:06:17 | ml_trading | INFO | Fold 124: train=8014, test=50, purge=12, embargo=12
2026-06-23 08:06:19 | ml_trading | INFO | Fold 125: train=8076, test=50, purge=12, embargo=12
2026-06-23 08:06:22 | ml_trading | INFO | Fold 126: train=8138, test=50, purge=12, embargo=12
2026-06-23 08:06:24 | ml_trading | INFO | Fold 127: train=8200, test=50, purge=12, embargo=12
2026-06-23 08:06:26 | ml_trading | INFO | Fold 128: train=8262, test=50, purge=12, embargo=12
2026-06-23 08:06:29 | ml_trading | INFO | Fold 129: train=8324, test=50, purge=12, embargo=12
2026-06-23 08:06:31 | ml_trading | INFO | Fold 130: train=8386, test=50, purge=12, embargo=12
2026-06-23 08:06:33 | ml_trading | INFO | Fold 131: train=8448, test=50, purge=12, embargo=12
2026-06-23 08:06:35 | ml_trading | INFO | Fold 132: train=8510, test=50, purge=12, embargo=12
2026-06-23 08:06:37 | ml_trading | INFO | Fold 133: train=8572, test=50, purge=12, embargo=12
2026-06-23 08:06:39 | ml_trading | INFO | Fold 134: train=8634, test=50, purge=12, embargo=12
2026-06-23 08:06:41 | ml_trading | INFO | Fold 135: train=8696, test=50, purge=12, embargo=12
2026-06-23 08:06:43 | ml_trading | INFO | Fold 136: train=8758, test=50, purge=12, embargo=12
2026-06-23 08:06:45 | ml_trading | INFO | Fold 137: train=8820, test=50, purge=12, embargo=12
2026-06-23 08:06:47 | ml_trading | INFO | Fold 138: train=8882, test=50, purge=12, embargo=12
2026-06-23 08:06:49 | ml_trading | INFO | Fold 139: train=8944, test=50, purge=12, embargo=12
2026-06-23 08:06:51 | ml_trading | INFO | Fold 140: train=9006, test=50, purge=12, embargo=12
2026-06-23 08:06:53 | ml_trading | INFO | Fold 141: train=9068, test=50, purge=12, embargo=12
2026-06-23 08:06:56 | ml_trading | INFO | Fold 142: train=9130, test=50, purge=12, embargo=12
2026-06-23 08:06:58 | ml_trading | INFO | Fold 143: train=9192, test=50, purge=12, embargo=12
2026-06-23 08:07:01 | ml_trading | INFO | Fold 144: train=9254, test=50, purge=12, embargo=12
2026-06-23 08:07:05 | ml_trading | INFO | Fold 145: train=9316, test=50, purge=12, embargo=12
2026-06-23 08:07:07 | ml_trading | INFO | Fold 146: train=9378, test=50, purge=12, embargo=12
2026-06-23 08:07:09 | ml_trading | INFO | Fold 147: train=9440, test=50, purge=12, embargo=12
2026-06-23 08:07:11 | ml_trading | INFO | Fold 148: train=9502, test=50, purge=12, embargo=12
2026-06-23 08:07:14 | ml_trading | INFO | Fold 149: train=9564, test=50, purge=12, embargo=12
2026-06-23 08:07:16 | ml_trading | INFO | Fold 150: train=9626, test=50, purge=12, embargo=12
2026-06-23 08:07:18 | ml_trading | INFO | Fold 151: train=9688, test=50, purge=12, embargo=12
2026-06-23 08:07:20 | ml_trading | INFO | Fold 152: train=9750, test=50, purge=12, embargo=12
2026-06-23 08:07:22 | ml_trading | INFO | Fold 153: train=9812, test=50, purge=12, embargo=12
2026-06-23 08:07:24 | ml_trading | INFO | Fold 154: train=9874, test=50, purge=12, embargo=12
2026-06-23 08:07:27 | ml_trading | INFO | Fold 155: train=9936, test=50, purge=12, embargo=12
2026-06-23 08:07:30 | ml_trading | INFO | Fold 156: train=9998, test=50, purge=12, embargo=12
2026-06-23 08:07:32 | ml_trading | INFO | Fold 157: train=10060, test=50, purge=12, embargo=12
2026-06-23 08:07:34 | ml_trading | INFO | Fold 158: train=10122, test=50, purge=12, embargo=12
2026-06-23 08:07:36 | ml_trading | INFO | Fold 159: train=10184, test=50, purge=12, embargo=12
2026-06-23 08:07:38 | ml_trading | INFO | Fold 160: train=10246, test=50, purge=12, embargo=12
2026-06-23 08:07:40 | ml_trading | INFO | Fold 161: train=10308, test=50, purge=12, embargo=12
2026-06-23 08:07:43 | ml_trading | INFO | Fold 162: train=10370, test=50, purge=12, embargo=12
2026-06-23 08:07:45 | ml_trading | INFO | Fold 163: train=10432, test=50, purge=12, embargo=12
2026-06-23 08:07:51 | ml_trading | INFO | Fold 164: train=10494, test=50, purge=12, embargo=12
2026-06-23 08:07:54 | ml_trading | INFO | Fold 165: train=10556, test=50, purge=12, embargo=12
2026-06-23 08:07:56 | ml_trading | INFO | Fold 166: train=10618, test=50, purge=12, embargo=12
2026-06-23 08:07:58 | ml_trading | INFO | Fold 167: train=10680, test=50, purge=12, embargo=12
2026-06-23 08:08:01 | ml_trading | INFO | Fold 168: train=10742, test=50, purge=12, embargo=12
2026-06-23 08:08:05 | ml_trading | INFO | Fold 169: train=10804, test=50, purge=12, embargo=12
2026-06-23 08:08:07 | ml_trading | INFO | Fold 170: train=10866, test=50, purge=12, embargo=12
2026-06-23 08:08:09 | ml_trading | INFO | Fold 171: train=10928, test=50, purge=12, embargo=12
2026-06-23 08:08:12 | ml_trading | INFO | Fold 172: train=10990, test=50, purge=12, embargo=12
2026-06-23 08:08:14 | ml_trading | INFO | Fold 173: train=11052, test=50, purge=12, embargo=12
2026-06-23 08:08:16 | ml_trading | INFO | Fold 174: train=11114, test=50, purge=12, embargo=12
2026-06-23 08:08:18 | ml_trading | INFO | Fold 175: train=11176, test=50, purge=12, embargo=12
2026-06-23 08:08:20 | ml_trading | INFO | Fold 176: train=11238, test=50, purge=12, embargo=12
2026-06-23 08:08:23 | ml_trading | INFO | Fold 177: train=11300, test=50, purge=12, embargo=12
2026-06-23 08:08:25 | ml_trading | INFO | Fold 178: train=11362, test=50, purge=12, embargo=12
2026-06-23 08:08:27 | ml_trading | INFO | Fold 179: train=11424, test=50, purge=12, embargo=12
2026-06-23 08:08:30 | ml_trading | INFO | Fold 180: train=11486, test=50, purge=12, embargo=12
2026-06-23 08:08:33 | ml_trading | INFO | Fold 181: train=11548, test=50, purge=12, embargo=12
2026-06-23 08:08:35 | ml_trading | INFO | Fold 182: train=11610, test=50, purge=12, embargo=12
2026-06-23 08:08:37 | ml_trading | INFO | Fold 183: train=11672, test=50, purge=12, embargo=12
2026-06-23 08:08:39 | ml_trading | INFO | Fold 184: train=11734, test=50, purge=12, embargo=12
2026-06-23 08:08:42 | ml_trading | INFO | Fold 185: train=11796, test=50, purge=12, embargo=12
2026-06-23 08:08:44 | ml_trading | INFO | Fold 186: train=11858, test=50, purge=12, embargo=12
2026-06-23 08:08:47 | ml_trading | INFO | Fold 187: train=11920, test=50, purge=12, embargo=12
2026-06-23 08:08:49 | ml_trading | INFO | Fold 188: train=11982, test=50, purge=12, embargo=12
2026-06-23 08:08:51 | ml_trading | INFO | Fold 189: train=12044, test=50, purge=12, embargo=12
2026-06-23 08:08:54 | ml_trading | INFO | Fold 190: train=12106, test=50, purge=12, embargo=12
2026-06-23 08:08:56 | ml_trading | INFO | Fold 191: train=12168, test=50, purge=12, embargo=12
2026-06-23 08:08:58 | ml_trading | INFO | Fold 192: train=12230, test=50, purge=12, embargo=12
2026-06-23 08:09:02 | ml_trading | INFO | Fold 193: train=12292, test=50, purge=12, embargo=12
2026-06-23 08:09:06 | ml_trading | INFO | Fold 194: train=12354, test=50, purge=12, embargo=12
2026-06-23 08:09:09 | ml_trading | INFO | Fold 195: train=12416, test=50, purge=12, embargo=12
2026-06-23 08:09:11 | ml_trading | INFO | Fold 196: train=12478, test=50, purge=12, embargo=12
2026-06-23 08:09:14 | ml_trading | INFO | Fold 197: train=12540, test=50, purge=12, embargo=12
2026-06-23 08:09:16 | ml_trading | INFO | Fold 198: train=12602, test=50, purge=12, embargo=12
2026-06-23 08:09:18 | ml_trading | INFO | Fold 199: train=12664, test=50, purge=12, embargo=12
2026-06-23 08:09:20 | ml_trading | INFO | Fold 200: train=12726, test=50, purge=12, embargo=12
2026-06-23 08:09:22 | ml_trading | INFO | Fold 201: train=12788, test=50, purge=12, embargo=12
2026-06-23 08:09:24 | ml_trading | INFO | Fold 202: train=12850, test=50, purge=12, embargo=12
2026-06-23 08:09:26 | ml_trading | INFO | Fold 203: train=12912, test=50, purge=12, embargo=12
2026-06-23 08:09:29 | ml_trading | INFO | Fold 204: train=12974, test=50, purge=12, embargo=12
2026-06-23 08:09:31 | ml_trading | INFO | Fold 205: train=13036, test=50, purge=12, embargo=12
2026-06-23 08:09:33 | ml_trading | INFO | Fold 206: train=13098, test=50, purge=12, embargo=12
2026-06-23 08:09:36 | ml_trading | INFO | Fold 207: train=13160, test=50, purge=12, embargo=12
2026-06-23 08:09:38 | ml_trading | INFO | Fold 208: train=13222, test=50, purge=12, embargo=12
2026-06-23 08:09:41 | ml_trading | INFO | Fold 209: train=13284, test=50, purge=12, embargo=12
2026-06-23 08:09:43 | ml_trading | INFO | Fold 210: train=13346, test=50, purge=12, embargo=12
2026-06-23 08:09:45 | ml_trading | INFO | Fold 211: train=13408, test=50, purge=12, embargo=12
2026-06-23 08:09:48 | ml_trading | INFO | Fold 212: train=13470, test=50, purge=12, embargo=12
2026-06-23 08:09:50 | ml_trading | INFO | Fold 213: train=13532, test=50, purge=12, embargo=12
2026-06-23 08:09:53 | ml_trading | INFO | Fold 214: train=13594, test=50, purge=12, embargo=12
2026-06-23 08:09:55 | ml_trading | INFO | Fold 215: train=13656, test=50, purge=12, embargo=12
2026-06-23 08:09:58 | ml_trading | INFO | Fold 216: train=13718, test=50, purge=12, embargo=12
2026-06-23 08:10:03 | ml_trading | INFO | Fold 217: train=13780, test=50, purge=12, embargo=12
2026-06-23 08:10:12 | ml_trading | INFO | Fold 218: train=13842, test=50, purge=12, embargo=12
2026-06-23 08:10:15 | ml_trading | INFO | Fold 219: train=13904, test=50, purge=12, embargo=12
2026-06-23 08:10:18 | ml_trading | INFO | Fold 220: train=13966, test=50, purge=12, embargo=12
2026-06-23 08:10:21 | ml_trading | INFO | Fold 221: train=14028, test=50, purge=12, embargo=12
2026-06-23 08:10:24 | ml_trading | INFO | Fold 222: train=14090, test=50, purge=12, embargo=12
2026-06-23 08:10:27 | ml_trading | INFO | Fold 223: train=14152, test=50, purge=12, embargo=12
2026-06-23 08:10:29 | ml_trading | INFO | Fold 224: train=14214, test=50, purge=12, embargo=12
2026-06-23 08:10:32 | ml_trading | INFO | Fold 225: train=14276, test=50, purge=12, embargo=12
2026-06-23 08:10:34 | ml_trading | INFO | Fold 226: train=14338, test=50, purge=12, embargo=12
2026-06-23 08:10:36 | ml_trading | INFO | Fold 227: train=14400, test=50, purge=12, embargo=12
2026-06-23 08:10:39 | ml_trading | INFO | Fold 228: train=14462, test=50, purge=12, embargo=12
2026-06-23 08:10:42 | ml_trading | INFO | Fold 229: train=14524, test=50, purge=12, embargo=12
2026-06-23 08:10:45 | ml_trading | INFO | Fold 230: train=14586, test=50, purge=12, embargo=12
2026-06-23 08:10:48 | ml_trading | INFO | Fold 231: train=14648, test=50, purge=12, embargo=12
2026-06-23 08:10:50 | ml_trading | INFO | Fold 232: train=14710, test=50, purge=12, embargo=12
2026-06-23 08:10:53 | ml_trading | INFO | Fold 233: train=14772, test=50, purge=12, embargo=12
2026-06-23 08:10:56 | ml_trading | INFO | Fold 234: train=14834, test=50, purge=12, embargo=12
2026-06-23 08:11:00 | ml_trading | INFO | Fold 235: train=14896, test=50, purge=12, embargo=12
2026-06-23 08:11:02 | ml_trading | INFO | Fold 236: train=14958, test=50, purge=12, embargo=12
2026-06-23 08:11:06 | ml_trading | INFO | Fold 237: train=15020, test=50, purge=12, embargo=12
2026-06-23 08:11:09 | ml_trading | INFO | Fold 238: train=15082, test=50, purge=12, embargo=12
2026-06-23 08:11:14 | ml_trading | INFO | Fold 239: train=15144, test=50, purge=12, embargo=12
2026-06-23 08:11:17 | ml_trading | INFO | Fold 240: train=15206, test=50, purge=12, embargo=12
2026-06-23 08:11:19 | ml_trading | INFO | Fold 241: train=15268, test=50, purge=12, embargo=12
2026-06-23 08:11:22 | ml_trading | INFO | Fold 242: train=15330, test=50, purge=12, embargo=12
2026-06-23 08:11:25 | ml_trading | INFO | Fold 243: train=15392, test=50, purge=12, embargo=12
2026-06-23 08:11:29 | ml_trading | INFO | Fold 244: train=15454, test=50, purge=12, embargo=12
2026-06-23 08:11:32 | ml_trading | INFO | Fold 245: train=15516, test=50, purge=12, embargo=12
2026-06-23 08:11:35 | ml_trading | INFO | Fold 246: train=15578, test=50, purge=12, embargo=12
2026-06-23 08:11:38 | ml_trading | INFO | Fold 247: train=15640, test=50, purge=12, embargo=12
2026-06-23 08:11:40 | ml_trading | INFO | Fold 248: train=15702, test=50, purge=12, embargo=12
2026-06-23 08:11:44 | ml_trading | INFO | Fold 249: train=15764, test=50, purge=12, embargo=12
2026-06-23 08:11:47 | ml_trading | INFO | Fold 250: train=15826, test=50, purge=12, embargo=12
2026-06-23 08:11:50 | ml_trading | INFO | Fold 251: train=15888, test=50, purge=12, embargo=12
2026-06-23 08:11:53 | ml_trading | INFO | Fold 252: train=15950, test=50, purge=12, embargo=12
2026-06-23 08:11:56 | ml_trading | INFO | Fold 253: train=16012, test=50, purge=12, embargo=12
2026-06-23 08:12:00 | ml_trading | INFO | Fold 254: train=16074, test=50, purge=12, embargo=12
2026-06-23 08:12:05 | ml_trading | INFO | Fold 255: train=16136, test=50, purge=12, embargo=12
2026-06-23 08:12:08 | ml_trading | INFO | Fold 256: train=16198, test=50, purge=12, embargo=12
2026-06-23 08:12:14 | ml_trading | INFO | Fold 257: train=16260, test=50, purge=12, embargo=12
2026-06-23 08:12:17 | ml_trading | INFO | Fold 258: train=16322, test=50, purge=12, embargo=12
2026-06-23 08:12:20 | ml_trading | INFO | Fold 259: train=16384, test=50, purge=12, embargo=12
2026-06-23 08:12:25 | ml_trading | INFO | Fold 260: train=16446, test=50, purge=12, embargo=12
2026-06-23 08:12:29 | ml_trading | INFO | Fold 261: train=16508, test=50, purge=12, embargo=12
2026-06-23 08:12:34 | ml_trading | INFO | Fold 262: train=16570, test=50, purge=12, embargo=12
2026-06-23 08:12:37 | ml_trading | INFO | Fold 263: train=16632, test=50, purge=12, embargo=12
2026-06-23 08:12:41 | ml_trading | INFO | Fold 264: train=16694, test=50, purge=12, embargo=12
2026-06-23 08:12:48 | ml_trading | INFO | Fold 265: train=16756, test=50, purge=12, embargo=12
2026-06-23 08:12:51 | ml_trading | INFO | Fold 266: train=16818, test=50, purge=12, embargo=12
2026-06-23 08:12:56 | ml_trading | INFO | Fold 267: train=16880, test=50, purge=12, embargo=12
2026-06-23 08:12:59 | ml_trading | INFO | Fold 268: train=16942, test=50, purge=12, embargo=12
2026-06-23 08:13:03 | ml_trading | INFO | Fold 269: train=17004, test=50, purge=12, embargo=12
2026-06-23 08:13:08 | ml_trading | INFO | Fold 270: train=17066, test=50, purge=12, embargo=12
2026-06-23 08:13:12 | ml_trading | INFO | Fold 271: train=17128, test=50, purge=12, embargo=12
2026-06-23 08:13:20 | ml_trading | INFO | Fold 272: train=17190, test=50, purge=12, embargo=12
2026-06-23 08:13:27 | ml_trading | INFO | Fold 273: train=17252, test=50, purge=12, embargo=12
2026-06-23 08:13:31 | ml_trading | INFO | Fold 274: train=17314, test=50, purge=12, embargo=12
2026-06-23 08:13:35 | ml_trading | INFO | Fold 275: train=17376, test=50, purge=12, embargo=12
2026-06-23 08:13:38 | ml_trading | INFO | Fold 276: train=17438, test=50, purge=12, embargo=12
2026-06-23 08:13:42 | ml_trading | INFO | Walk-forward validation complete: 276 folds
2026-06-23 08:13:42 | ml_trading | INFO | Avg F1 - Short: 0.555, Neutral: 0.369, Long: 0.096
2026-06-23 08:13:42 | ml_trading | INFO | Training final lightgbm model on 17542 samples
2026-06-23 08:13:43 | ml_trading | INFO | Model saved to /root/app/ml-project/ml-trading-dashboard/ml_service/storage/models/candidates/ADAUSDT_1h_lightgbm_20260623_081343.pkl
2026-06-23 08:13:44 | ml_trading | INFO | Saved calibration artifact: ADAUSDT_1h_lightgbm_20260623_081343_calibration.pkl (chosen=platt)
2026-06-23 08:13:44 | ml_trading | INFO | Calibration metrics (holdout=50): raw: ECE=0.212 LL=0.946 Brier=0.616 | platt: ECE=0.083 LL=0.767 Brier=0.492 | isotonic: ECE=0.141 LL=0.647 Brier=0.404  → chosen: platt

================================================================================
TRAINING COMPLETE
================================================================================
Model: lightgbm
Folds: 276

F1 Scores:
  Short:   0.555
  Neutral: 0.369
  Long:    0.096
  Weighted: 0.456

Model saved: /root/app/ml-project/ml-trading-dashboard/ml_service/storage/models/candidates/ADAUSDT_1h_lightgbm_20260623_081343.pkl
================================================================================

Finished ADAUSDT 1h

=================================================
TRAINING ADAUSDT 4h
=================================================

Training model for ADAUSDT 4h...
2026-06-23 08:13:49 | ml_trading | INFO | Database schema initialized
2026-06-23 08:13:49 | ml_trading | INFO | Database initialized at /root/app/ml-project/ml-trading-dashboard/ml_service/storage/database.db
Loaded 4440 candles
Loaded 4440 BTC candles for correlation
Loaded 691 ES_proxy candles for correlation
2026-06-23 08:13:49 | ml_trading | INFO | [horizon] forward_periods=12 (source: /root/app/ml-project/ml-trading-dashboard/ml_service/config.yaml)
2026-06-23 08:13:49 | ml_trading | INFO | Starting training for ADAUSDT 4h
2026-06-23 08:13:49 | ml_trading | INFO |   Labeling method: triple_barrier
2026-06-23 08:13:49 | ml_trading | INFO |   Forward periods: 12
2026-06-23 08:13:49 | ml_trading | INFO |   TP multiplier: 3.0x ATR
2026-06-23 08:13:49 | ml_trading | INFO |   SL multiplier: 1.5x ATR
2026-06-23 08:13:49 | ml_trading | INFO | Found tuned hyperparameters for ADAUSDT 4h
2026-06-23 08:13:49 | ml_trading | INFO | Model type: xgboost, F1: 0.4774
[!] VWAP requires an ordered DatetimeIndex.
2026-06-23 08:14:29 | ml_trading | INFO | Fetched 200 funding rate records for ADAUSDT
2026-06-23 08:14:32 | ml_trading | INFO | Clean dataset: 4224 rows after dropping NaN
2026-06-23 08:14:32 | ml_trading | INFO | Fold 1: train=388, test=50, purge=12, embargo=12
2026-06-23 08:14:33 | ml_trading | INFO | Fold 2: train=450, test=50, purge=12, embargo=12
2026-06-23 08:14:34 | ml_trading | INFO | Fold 3: train=512, test=50, purge=12, embargo=12
2026-06-23 08:14:35 | ml_trading | INFO | Fold 4: train=574, test=50, purge=12, embargo=12
2026-06-23 08:14:35 | ml_trading | INFO | Fold 5: train=636, test=50, purge=12, embargo=12
2026-06-23 08:14:36 | ml_trading | INFO | Fold 6: train=698, test=50, purge=12, embargo=12
2026-06-23 08:14:37 | ml_trading | INFO | Fold 7: train=760, test=50, purge=12, embargo=12
2026-06-23 08:14:38 | ml_trading | INFO | Fold 8: train=822, test=50, purge=12, embargo=12
2026-06-23 08:14:40 | ml_trading | INFO | Fold 9: train=884, test=50, purge=12, embargo=12
2026-06-23 08:14:41 | ml_trading | INFO | Fold 10: train=946, test=50, purge=12, embargo=12
2026-06-23 08:14:42 | ml_trading | INFO | Fold 11: train=1008, test=50, purge=12, embargo=12
2026-06-23 08:14:43 | ml_trading | INFO | Fold 12: train=1070, test=50, purge=12, embargo=12
2026-06-23 08:14:44 | ml_trading | INFO | Fold 13: train=1132, test=50, purge=12, embargo=12
2026-06-23 08:14:46 | ml_trading | INFO | Fold 14: train=1194, test=50, purge=12, embargo=12
2026-06-23 08:14:47 | ml_trading | INFO | Fold 15: train=1256, test=50, purge=12, embargo=12
2026-06-23 08:14:49 | ml_trading | INFO | Fold 16: train=1318, test=50, purge=12, embargo=12
2026-06-23 08:14:50 | ml_trading | INFO | Fold 17: train=1380, test=50, purge=12, embargo=12
2026-06-23 08:14:51 | ml_trading | INFO | Fold 18: train=1442, test=50, purge=12, embargo=12
2026-06-23 08:14:52 | ml_trading | INFO | Fold 19: train=1504, test=50, purge=12, embargo=12
2026-06-23 08:14:53 | ml_trading | INFO | Fold 20: train=1566, test=50, purge=12, embargo=12
2026-06-23 08:14:55 | ml_trading | INFO | Fold 21: train=1628, test=50, purge=12, embargo=12
2026-06-23 08:14:56 | ml_trading | INFO | Fold 22: train=1690, test=50, purge=12, embargo=12
2026-06-23 08:14:58 | ml_trading | INFO | Fold 23: train=1752, test=50, purge=12, embargo=12
2026-06-23 08:14:59 | ml_trading | INFO | Fold 24: train=1814, test=50, purge=12, embargo=12
2026-06-23 08:15:01 | ml_trading | INFO | Fold 25: train=1876, test=50, purge=12, embargo=12
2026-06-23 08:15:04 | ml_trading | INFO | Fold 26: train=1938, test=50, purge=12, embargo=12
2026-06-23 08:15:06 | ml_trading | INFO | Fold 27: train=2000, test=50, purge=12, embargo=12
2026-06-23 08:15:08 | ml_trading | INFO | Fold 28: train=2062, test=50, purge=12, embargo=12
2026-06-23 08:15:11 | ml_trading | INFO | Fold 29: train=2124, test=50, purge=12, embargo=12
2026-06-23 08:15:14 | ml_trading | INFO | Fold 30: train=2186, test=50, purge=12, embargo=12
2026-06-23 08:15:15 | ml_trading | INFO | Fold 31: train=2248, test=50, purge=12, embargo=12
2026-06-23 08:15:20 | ml_trading | INFO | Fold 32: train=2310, test=50, purge=12, embargo=12
2026-06-23 08:15:22 | ml_trading | INFO | Fold 33: train=2372, test=50, purge=12, embargo=12
2026-06-23 08:15:25 | ml_trading | INFO | Fold 34: train=2434, test=50, purge=12, embargo=12
2026-06-23 08:15:28 | ml_trading | INFO | Fold 35: train=2496, test=50, purge=12, embargo=12
2026-06-23 08:15:30 | ml_trading | INFO | Fold 36: train=2558, test=50, purge=12, embargo=12
2026-06-23 08:15:33 | ml_trading | INFO | Fold 37: train=2620, test=50, purge=12, embargo=12
2026-06-23 08:15:35 | ml_trading | INFO | Fold 38: train=2682, test=50, purge=12, embargo=12
2026-06-23 08:15:37 | ml_trading | INFO | Fold 39: train=2744, test=50, purge=12, embargo=12
2026-06-23 08:15:39 | ml_trading | INFO | Fold 40: train=2806, test=50, purge=12, embargo=12
2026-06-23 08:15:41 | ml_trading | INFO | Fold 41: train=2868, test=50, purge=12, embargo=12
2026-06-23 08:15:43 | ml_trading | INFO | Fold 42: train=2930, test=50, purge=12, embargo=12
2026-06-23 08:15:45 | ml_trading | INFO | Fold 43: train=2992, test=50, purge=12, embargo=12
2026-06-23 08:15:48 | ml_trading | INFO | Fold 44: train=3054, test=50, purge=12, embargo=12
2026-06-23 08:15:49 | ml_trading | INFO | Fold 45: train=3116, test=50, purge=12, embargo=12
2026-06-23 08:15:51 | ml_trading | INFO | Fold 46: train=3178, test=50, purge=12, embargo=12
2026-06-23 08:15:53 | ml_trading | INFO | Fold 47: train=3240, test=50, purge=12, embargo=12
2026-06-23 08:15:55 | ml_trading | INFO | Fold 48: train=3302, test=50, purge=12, embargo=12
2026-06-23 08:15:57 | ml_trading | INFO | Fold 49: train=3364, test=50, purge=12, embargo=12
2026-06-23 08:16:00 | ml_trading | INFO | Fold 50: train=3426, test=50, purge=12, embargo=12
2026-06-23 08:16:02 | ml_trading | INFO | Fold 51: train=3488, test=50, purge=12, embargo=12
2026-06-23 08:16:05 | ml_trading | INFO | Fold 52: train=3550, test=50, purge=12, embargo=12
2026-06-23 08:16:07 | ml_trading | INFO | Fold 53: train=3612, test=50, purge=12, embargo=12
2026-06-23 08:16:09 | ml_trading | INFO | Fold 54: train=3674, test=50, purge=12, embargo=12
2026-06-23 08:16:11 | ml_trading | INFO | Fold 55: train=3736, test=50, purge=12, embargo=12
2026-06-23 08:16:13 | ml_trading | INFO | Fold 56: train=3798, test=50, purge=12, embargo=12
2026-06-23 08:16:16 | ml_trading | INFO | Fold 57: train=3860, test=50, purge=12, embargo=12
2026-06-23 08:16:18 | ml_trading | INFO | Fold 58: train=3922, test=50, purge=12, embargo=12
2026-06-23 08:16:21 | ml_trading | INFO | Fold 59: train=3984, test=50, purge=12, embargo=12
2026-06-23 08:16:23 | ml_trading | INFO | Fold 60: train=4046, test=50, purge=12, embargo=12
2026-06-23 08:16:25 | ml_trading | INFO | Fold 61: train=4108, test=50, purge=12, embargo=12
2026-06-23 08:16:27 | ml_trading | INFO | Walk-forward validation complete: 61 folds
2026-06-23 08:16:27 | ml_trading | INFO | Avg F1 - Short: 0.521, Neutral: 0.331, Long: 0.091
2026-06-23 08:16:27 | ml_trading | INFO | Training final lightgbm model on 4224 samples
2026-06-23 08:16:28 | ml_trading | INFO | Model saved to /root/app/ml-project/ml-trading-dashboard/ml_service/storage/models/candidates/ADAUSDT_4h_lightgbm_20260623_081628.pkl
2026-06-23 08:16:28 | ml_trading | INFO | Saved calibration artifact: ADAUSDT_4h_lightgbm_20260623_081628_calibration.pkl (chosen=platt)
2026-06-23 08:16:28 | ml_trading | INFO | Calibration metrics (holdout=50): raw: ECE=0.118 LL=0.674 Brier=0.410 | platt: ECE=0.082 LL=0.666 Brier=0.400 | isotonic: ECE=0.107 LL=0.552 Brier=0.332  → chosen: platt

================================================================================
TRAINING COMPLETE
================================================================================
Model: lightgbm
Folds: 61

F1 Scores:
  Short:   0.521
  Neutral: 0.331
  Long:    0.091
  Weighted: 0.411

Model saved: /root/app/ml-project/ml-trading-dashboard/ml_service/storage/models/candidates/ADAUSDT_4h_lightgbm_20260623_081628.pkl
================================================================================

Finished ADAUSDT 4h

=================================================
TRAINING LINKUSDT 1h
=================================================

Training model for LINKUSDT 1h...
2026-06-23 08:16:33 | ml_trading | INFO | Database schema initialized
2026-06-23 08:16:33 | ml_trading | INFO | Database initialized at /root/app/ml-project/ml-trading-dashboard/ml_service/storage/database.db
Loaded 17758 candles
Loaded 17758 BTC candles for correlation
Loaded 2414 ES_proxy candles for correlation
2026-06-23 08:16:33 | ml_trading | INFO | [horizon] forward_periods=12 (source: /root/app/ml-project/ml-trading-dashboard/ml_service/config.yaml)
2026-06-23 08:16:33 | ml_trading | INFO | Starting training for LINKUSDT 1h
2026-06-23 08:16:33 | ml_trading | INFO |   Labeling method: triple_barrier
2026-06-23 08:16:33 | ml_trading | INFO |   Forward periods: 12
2026-06-23 08:16:33 | ml_trading | INFO |   TP multiplier: 3.0x ATR
2026-06-23 08:16:33 | ml_trading | INFO |   SL multiplier: 1.5x ATR
[!] VWAP requires an ordered DatetimeIndex.
2026-06-23 08:19:10 | ml_trading | INFO | Fetched 200 funding rate records for LINKUSDT
2026-06-23 08:19:23 | ml_trading | INFO | Clean dataset: 17542 rows after dropping NaN
2026-06-23 08:19:23 | ml_trading | INFO | Fold 1: train=388, test=50, purge=12, embargo=12
2026-06-23 08:19:24 | ml_trading | INFO | Fold 2: train=450, test=50, purge=12, embargo=12
2026-06-23 08:19:26 | ml_trading | INFO | Fold 3: train=512, test=50, purge=12, embargo=12
2026-06-23 08:19:28 | ml_trading | INFO | Fold 4: train=574, test=50, purge=12, embargo=12
2026-06-23 08:19:29 | ml_trading | INFO | Fold 5: train=636, test=50, purge=12, embargo=12
2026-06-23 08:19:30 | ml_trading | INFO | Fold 6: train=698, test=50, purge=12, embargo=12
2026-06-23 08:19:31 | ml_trading | INFO | Fold 7: train=760, test=50, purge=12, embargo=12
2026-06-23 08:19:33 | ml_trading | INFO | Fold 8: train=822, test=50, purge=12, embargo=12
2026-06-23 08:19:34 | ml_trading | INFO | Fold 9: train=884, test=50, purge=12, embargo=12
2026-06-23 08:19:35 | ml_trading | INFO | Fold 10: train=946, test=50, purge=12, embargo=12
2026-06-23 08:19:37 | ml_trading | INFO | Fold 11: train=1008, test=50, purge=12, embargo=12
2026-06-23 08:19:38 | ml_trading | INFO | Fold 12: train=1070, test=50, purge=12, embargo=12
2026-06-23 08:19:39 | ml_trading | INFO | Fold 13: train=1132, test=50, purge=12, embargo=12
2026-06-23 08:19:41 | ml_trading | INFO | Fold 14: train=1194, test=50, purge=12, embargo=12
2026-06-23 08:19:42 | ml_trading | INFO | Fold 15: train=1256, test=50, purge=12, embargo=12
2026-06-23 08:19:44 | ml_trading | INFO | Fold 16: train=1318, test=50, purge=12, embargo=12
2026-06-23 08:19:45 | ml_trading | INFO | Fold 17: train=1380, test=50, purge=12, embargo=12
2026-06-23 08:19:46 | ml_trading | INFO | Fold 18: train=1442, test=50, purge=12, embargo=12
2026-06-23 08:19:48 | ml_trading | INFO | Fold 19: train=1504, test=50, purge=12, embargo=12
2026-06-23 08:19:50 | ml_trading | INFO | Fold 20: train=1566, test=50, purge=12, embargo=12
2026-06-23 08:19:51 | ml_trading | INFO | Fold 21: train=1628, test=50, purge=12, embargo=12
2026-06-23 08:19:53 | ml_trading | INFO | Fold 22: train=1690, test=50, purge=12, embargo=12
2026-06-23 08:19:54 | ml_trading | INFO | Fold 23: train=1752, test=50, purge=12, embargo=12
2026-06-23 08:19:56 | ml_trading | INFO | Fold 24: train=1814, test=50, purge=12, embargo=12
2026-06-23 08:19:59 | ml_trading | INFO | Fold 25: train=1876, test=50, purge=12, embargo=12
2026-06-23 08:20:01 | ml_trading | INFO | Fold 26: train=1938, test=50, purge=12, embargo=12
2026-06-23 08:20:04 | ml_trading | INFO | Fold 27: train=2000, test=50, purge=12, embargo=12
2026-06-23 08:20:09 | ml_trading | INFO | Fold 28: train=2062, test=50, purge=12, embargo=12
2026-06-23 08:20:13 | ml_trading | INFO | Fold 29: train=2124, test=50, purge=12, embargo=12
2026-06-23 08:20:16 | ml_trading | INFO | Fold 30: train=2186, test=50, purge=12, embargo=12
2026-06-23 08:20:18 | ml_trading | INFO | Fold 31: train=2248, test=50, purge=12, embargo=12
2026-06-23 08:20:20 | ml_trading | INFO | Fold 32: train=2310, test=50, purge=12, embargo=12
2026-06-23 08:20:23 | ml_trading | INFO | Fold 33: train=2372, test=50, purge=12, embargo=12
2026-06-23 08:20:25 | ml_trading | INFO | Fold 34: train=2434, test=50, purge=12, embargo=12
2026-06-23 08:20:28 | ml_trading | INFO | Fold 35: train=2496, test=50, purge=12, embargo=12
2026-06-23 08:20:31 | ml_trading | INFO | Fold 36: train=2558, test=50, purge=12, embargo=12
2026-06-23 08:20:33 | ml_trading | INFO | Fold 37: train=2620, test=50, purge=12, embargo=12
2026-06-23 08:20:35 | ml_trading | INFO | Fold 38: train=2682, test=50, purge=12, embargo=12
2026-06-23 08:20:37 | ml_trading | INFO | Fold 39: train=2744, test=50, purge=12, embargo=12
2026-06-23 08:20:39 | ml_trading | INFO | Fold 40: train=2806, test=50, purge=12, embargo=12
2026-06-23 08:20:41 | ml_trading | INFO | Fold 41: train=2868, test=50, purge=12, embargo=12
2026-06-23 08:20:43 | ml_trading | INFO | Fold 42: train=2930, test=50, purge=12, embargo=12
2026-06-23 08:20:46 | ml_trading | INFO | Fold 43: train=2992, test=50, purge=12, embargo=12
2026-06-23 08:20:48 | ml_trading | INFO | Fold 44: train=3054, test=50, purge=12, embargo=12
2026-06-23 08:20:50 | ml_trading | INFO | Fold 45: train=3116, test=50, purge=12, embargo=12
2026-06-23 08:20:52 | ml_trading | INFO | Fold 46: train=3178, test=50, purge=12, embargo=12
2026-06-23 08:20:54 | ml_trading | INFO | Fold 47: train=3240, test=50, purge=12, embargo=12
2026-06-23 08:20:57 | ml_trading | INFO | Fold 48: train=3302, test=50, purge=12, embargo=12
2026-06-23 08:20:59 | ml_trading | INFO | Fold 49: train=3364, test=50, purge=12, embargo=12
2026-06-23 08:21:02 | ml_trading | INFO | Fold 50: train=3426, test=50, purge=12, embargo=12
2026-06-23 08:21:05 | ml_trading | INFO | Fold 51: train=3488, test=50, purge=12, embargo=12
2026-06-23 08:21:07 | ml_trading | INFO | Fold 52: train=3550, test=50, purge=12, embargo=12
2026-06-23 08:21:10 | ml_trading | INFO | Fold 53: train=3612, test=50, purge=12, embargo=12
2026-06-23 08:21:13 | ml_trading | INFO | Fold 54: train=3674, test=50, purge=12, embargo=12
2026-06-23 08:21:16 | ml_trading | INFO | Fold 55: train=3736, test=50, purge=12, embargo=12
2026-06-23 08:21:18 | ml_trading | INFO | Fold 56: train=3798, test=50, purge=12, embargo=12
2026-06-23 08:21:21 | ml_trading | INFO | Fold 57: train=3860, test=50, purge=12, embargo=12
2026-06-23 08:21:24 | ml_trading | INFO | Fold 58: train=3922, test=50, purge=12, embargo=12
2026-06-23 08:21:26 | ml_trading | INFO | Fold 59: train=3984, test=50, purge=12, embargo=12
2026-06-23 08:21:29 | ml_trading | INFO | Fold 60: train=4046, test=50, purge=12, embargo=12
2026-06-23 08:21:31 | ml_trading | INFO | Fold 61: train=4108, test=50, purge=12, embargo=12
2026-06-23 08:21:34 | ml_trading | INFO | Fold 62: train=4170, test=50, purge=12, embargo=12
2026-06-23 08:21:35 | ml_trading | INFO | Fold 63: train=4232, test=50, purge=12, embargo=12
2026-06-23 08:21:38 | ml_trading | INFO | Fold 64: train=4294, test=50, purge=12, embargo=12
2026-06-23 08:21:40 | ml_trading | INFO | Fold 65: train=4356, test=50, purge=12, embargo=12
2026-06-23 08:21:42 | ml_trading | INFO | Fold 66: train=4418, test=50, purge=12, embargo=12
2026-06-23 08:21:45 | ml_trading | INFO | Fold 67: train=4480, test=50, purge=12, embargo=12
2026-06-23 08:21:47 | ml_trading | INFO | Fold 68: train=4542, test=50, purge=12, embargo=12
2026-06-23 08:21:49 | ml_trading | INFO | Fold 69: train=4604, test=50, purge=12, embargo=12
2026-06-23 08:21:52 | ml_trading | INFO | Fold 70: train=4666, test=50, purge=12, embargo=12
2026-06-23 08:21:55 | ml_trading | INFO | Fold 71: train=4728, test=50, purge=12, embargo=12
2026-06-23 08:21:57 | ml_trading | INFO | Fold 72: train=4790, test=50, purge=12, embargo=12
2026-06-23 08:22:00 | ml_trading | INFO | Fold 73: train=4852, test=50, purge=12, embargo=12
2026-06-23 08:22:03 | ml_trading | INFO | Fold 74: train=4914, test=50, purge=12, embargo=12
2026-06-23 08:22:06 | ml_trading | INFO | Fold 75: train=4976, test=50, purge=12, embargo=12
2026-06-23 08:22:08 | ml_trading | INFO | Fold 76: train=5038, test=50, purge=12, embargo=12
2026-06-23 08:22:10 | ml_trading | INFO | Fold 77: train=5100, test=50, purge=12, embargo=12
2026-06-23 08:22:13 | ml_trading | INFO | Fold 78: train=5162, test=50, purge=12, embargo=12
2026-06-23 08:22:15 | ml_trading | INFO | Fold 79: train=5224, test=50, purge=12, embargo=12
2026-06-23 08:22:18 | ml_trading | INFO | Fold 80: train=5286, test=50, purge=12, embargo=12
2026-06-23 08:22:21 | ml_trading | INFO | Fold 81: train=5348, test=50, purge=12, embargo=12
2026-06-23 08:22:23 | ml_trading | INFO | Fold 82: train=5410, test=50, purge=12, embargo=12
2026-06-23 08:22:25 | ml_trading | INFO | Fold 83: train=5472, test=50, purge=12, embargo=12
2026-06-23 08:22:28 | ml_trading | INFO | Fold 84: train=5534, test=50, purge=12, embargo=12
2026-06-23 08:22:32 | ml_trading | INFO | Fold 85: train=5596, test=50, purge=12, embargo=12
2026-06-23 08:22:35 | ml_trading | INFO | Fold 86: train=5658, test=50, purge=12, embargo=12
2026-06-23 08:22:38 | ml_trading | INFO | Fold 87: train=5720, test=50, purge=12, embargo=12
2026-06-23 08:22:40 | ml_trading | INFO | Fold 88: train=5782, test=50, purge=12, embargo=12
2026-06-23 08:22:42 | ml_trading | INFO | Fold 89: train=5844, test=50, purge=12, embargo=12
2026-06-23 08:22:45 | ml_trading | INFO | Fold 90: train=5906, test=50, purge=12, embargo=12
2026-06-23 08:22:47 | ml_trading | INFO | Fold 91: train=5968, test=50, purge=12, embargo=12
2026-06-23 08:22:49 | ml_trading | INFO | Fold 92: train=6030, test=50, purge=12, embargo=12
2026-06-23 08:22:52 | ml_trading | INFO | Fold 93: train=6092, test=50, purge=12, embargo=12
2026-06-23 08:22:55 | ml_trading | INFO | Fold 94: train=6154, test=50, purge=12, embargo=12
2026-06-23 08:22:58 | ml_trading | INFO | Fold 95: train=6216, test=50, purge=12, embargo=12
2026-06-23 08:23:00 | ml_trading | INFO | Fold 96: train=6278, test=50, purge=12, embargo=12
2026-06-23 08:23:03 | ml_trading | INFO | Fold 97: train=6340, test=50, purge=12, embargo=12
2026-06-23 08:23:06 | ml_trading | INFO | Fold 98: train=6402, test=50, purge=12, embargo=12
2026-06-23 08:23:10 | ml_trading | INFO | Fold 99: train=6464, test=50, purge=12, embargo=12
2026-06-23 08:23:14 | ml_trading | INFO | Fold 100: train=6526, test=50, purge=12, embargo=12
2026-06-23 08:23:16 | ml_trading | INFO | Fold 101: train=6588, test=50, purge=12, embargo=12
2026-06-23 08:23:19 | ml_trading | INFO | Fold 102: train=6650, test=50, purge=12, embargo=12
2026-06-23 08:23:22 | ml_trading | INFO | Fold 103: train=6712, test=50, purge=12, embargo=12
2026-06-23 08:23:24 | ml_trading | INFO | Fold 104: train=6774, test=50, purge=12, embargo=12
2026-06-23 08:23:26 | ml_trading | INFO | Fold 105: train=6836, test=50, purge=12, embargo=12
2026-06-23 08:23:28 | ml_trading | INFO | Fold 106: train=6898, test=50, purge=12, embargo=12
2026-06-23 08:23:30 | ml_trading | INFO | Fold 107: train=6960, test=50, purge=12, embargo=12
2026-06-23 08:23:33 | ml_trading | INFO | Fold 108: train=7022, test=50, purge=12, embargo=12
2026-06-23 08:23:35 | ml_trading | INFO | Fold 109: train=7084, test=50, purge=12, embargo=12
2026-06-23 08:23:37 | ml_trading | INFO | Fold 110: train=7146, test=50, purge=12, embargo=12
2026-06-23 08:23:40 | ml_trading | INFO | Fold 111: train=7208, test=50, purge=12, embargo=12
2026-06-23 08:23:42 | ml_trading | INFO | Fold 112: train=7270, test=50, purge=12, embargo=12
2026-06-23 08:23:44 | ml_trading | INFO | Fold 113: train=7332, test=50, purge=12, embargo=12
2026-06-23 08:23:46 | ml_trading | INFO | Fold 114: train=7394, test=50, purge=12, embargo=12
2026-06-23 08:23:48 | ml_trading | INFO | Fold 115: train=7456, test=50, purge=12, embargo=12
2026-06-23 08:23:51 | ml_trading | INFO | Fold 116: train=7518, test=50, purge=12, embargo=12
2026-06-23 08:23:53 | ml_trading | INFO | Fold 117: train=7580, test=50, purge=12, embargo=12
2026-06-23 08:23:56 | ml_trading | INFO | Fold 118: train=7642, test=50, purge=12, embargo=12
2026-06-23 08:23:59 | ml_trading | INFO | Fold 119: train=7704, test=50, purge=12, embargo=12
2026-06-23 08:24:03 | ml_trading | INFO | Fold 120: train=7766, test=50, purge=12, embargo=12
2026-06-23 08:24:06 | ml_trading | INFO | Fold 121: train=7828, test=50, purge=12, embargo=12
2026-06-23 08:24:09 | ml_trading | INFO | Fold 122: train=7890, test=50, purge=12, embargo=12
2026-06-23 08:24:12 | ml_trading | INFO | Fold 123: train=7952, test=50, purge=12, embargo=12
2026-06-23 08:24:15 | ml_trading | INFO | Fold 124: train=8014, test=50, purge=12, embargo=12
2026-06-23 08:24:18 | ml_trading | INFO | Fold 125: train=8076, test=50, purge=12, embargo=12
2026-06-23 08:24:21 | ml_trading | INFO | Fold 126: train=8138, test=50, purge=12, embargo=12
2026-06-23 08:24:23 | ml_trading | INFO | Fold 127: train=8200, test=50, purge=12, embargo=12
2026-06-23 08:24:26 | ml_trading | INFO | Fold 128: train=8262, test=50, purge=12, embargo=12
2026-06-23 08:24:33 | ml_trading | INFO | Fold 129: train=8324, test=50, purge=12, embargo=12
2026-06-23 08:24:36 | ml_trading | INFO | Fold 130: train=8386, test=50, purge=12, embargo=12
2026-06-23 08:24:38 | ml_trading | INFO | Fold 131: train=8448, test=50, purge=12, embargo=12
2026-06-23 08:24:40 | ml_trading | INFO | Fold 132: train=8510, test=50, purge=12, embargo=12
2026-06-23 08:24:42 | ml_trading | INFO | Fold 133: train=8572, test=50, purge=12, embargo=12
2026-06-23 08:24:45 | ml_trading | INFO | Fold 134: train=8634, test=50, purge=12, embargo=12
2026-06-23 08:24:47 | ml_trading | INFO | Fold 135: train=8696, test=50, purge=12, embargo=12
2026-06-23 08:24:50 | ml_trading | INFO | Fold 136: train=8758, test=50, purge=12, embargo=12
2026-06-23 08:24:52 | ml_trading | INFO | Fold 137: train=8820, test=50, purge=12, embargo=12
2026-06-23 08:24:55 | ml_trading | INFO | Fold 138: train=8882, test=50, purge=12, embargo=12
2026-06-23 08:24:58 | ml_trading | INFO | Fold 139: train=8944, test=50, purge=12, embargo=12
2026-06-23 08:25:03 | ml_trading | INFO | Fold 140: train=9006, test=50, purge=12, embargo=12
2026-06-23 08:25:08 | ml_trading | INFO | Fold 141: train=9068, test=50, purge=12, embargo=12
2026-06-23 08:25:12 | ml_trading | INFO | Fold 142: train=9130, test=50, purge=12, embargo=12
2026-06-23 08:25:15 | ml_trading | INFO | Fold 143: train=9192, test=50, purge=12, embargo=12
2026-06-23 08:25:18 | ml_trading | INFO | Fold 144: train=9254, test=50, purge=12, embargo=12
2026-06-23 08:25:22 | ml_trading | INFO | Fold 145: train=9316, test=50, purge=12, embargo=12
2026-06-23 08:25:25 | ml_trading | INFO | Fold 146: train=9378, test=50, purge=12, embargo=12
2026-06-23 08:25:28 | ml_trading | INFO | Fold 147: train=9440, test=50, purge=12, embargo=12
2026-06-23 08:25:31 | ml_trading | INFO | Fold 148: train=9502, test=50, purge=12, embargo=12
2026-06-23 08:25:37 | ml_trading | INFO | Fold 149: train=9564, test=50, purge=12, embargo=12
2026-06-23 08:25:39 | ml_trading | INFO | Fold 150: train=9626, test=50, purge=12, embargo=12
2026-06-23 08:25:42 | ml_trading | INFO | Fold 151: train=9688, test=50, purge=12, embargo=12
2026-06-23 08:25:45 | ml_trading | INFO | Fold 152: train=9750, test=50, purge=12, embargo=12
2026-06-23 08:25:48 | ml_trading | INFO | Fold 153: train=9812, test=50, purge=12, embargo=12
2026-06-23 08:25:52 | ml_trading | INFO | Fold 154: train=9874, test=50, purge=12, embargo=12
2026-06-23 08:25:55 | ml_trading | INFO | Fold 155: train=9936, test=50, purge=12, embargo=12
2026-06-23 08:25:59 | ml_trading | INFO | Fold 156: train=9998, test=50, purge=12, embargo=12
2026-06-23 08:26:04 | ml_trading | INFO | Fold 157: train=10060, test=50, purge=12, embargo=12
2026-06-23 08:26:08 | ml_trading | INFO | Fold 158: train=10122, test=50, purge=12, embargo=12
2026-06-23 08:26:11 | ml_trading | INFO | Fold 159: train=10184, test=50, purge=12, embargo=12
2026-06-23 08:26:15 | ml_trading | INFO | Fold 160: train=10246, test=50, purge=12, embargo=12
2026-06-23 08:26:18 | ml_trading | INFO | Fold 161: train=10308, test=50, purge=12, embargo=12
2026-06-23 08:26:21 | ml_trading | INFO | Fold 162: train=10370, test=50, purge=12, embargo=12
2026-06-23 08:26:23 | ml_trading | INFO | Fold 163: train=10432, test=50, purge=12, embargo=12
2026-06-23 08:26:27 | ml_trading | INFO | Fold 164: train=10494, test=50, purge=12, embargo=12
2026-06-23 08:26:30 | ml_trading | INFO | Fold 165: train=10556, test=50, purge=12, embargo=12
2026-06-23 08:26:33 | ml_trading | INFO | Fold 166: train=10618, test=50, purge=12, embargo=12
2026-06-23 08:26:35 | ml_trading | INFO | Fold 167: train=10680, test=50, purge=12, embargo=12
2026-06-23 08:26:40 | ml_trading | INFO | Fold 168: train=10742, test=50, purge=12, embargo=12
2026-06-23 08:26:43 | ml_trading | INFO | Fold 169: train=10804, test=50, purge=12, embargo=12
2026-06-23 08:26:45 | ml_trading | INFO | Fold 170: train=10866, test=50, purge=12, embargo=12
2026-06-23 08:26:48 | ml_trading | INFO | Fold 171: train=10928, test=50, purge=12, embargo=12
2026-06-23 08:26:51 | ml_trading | INFO | Fold 172: train=10990, test=50, purge=12, embargo=12
2026-06-23 08:26:54 | ml_trading | INFO | Fold 173: train=11052, test=50, purge=12, embargo=12
2026-06-23 08:26:57 | ml_trading | INFO | Fold 174: train=11114, test=50, purge=12, embargo=12
2026-06-23 08:27:01 | ml_trading | INFO | Fold 175: train=11176, test=50, purge=12, embargo=12
2026-06-23 08:27:08 | ml_trading | INFO | Fold 176: train=11238, test=50, purge=12, embargo=12
2026-06-23 08:27:28 | ml_trading | INFO | Fold 177: train=11300, test=50, purge=12, embargo=12
2026-06-23 08:27:34 | ml_trading | INFO | Fold 178: train=11362, test=50, purge=12, embargo=12
2026-06-23 08:27:37 | ml_trading | INFO | Fold 179: train=11424, test=50, purge=12, embargo=12
2026-06-23 08:27:42 | ml_trading | INFO | Fold 180: train=11486, test=50, purge=12, embargo=12
2026-06-23 08:27:44 | ml_trading | INFO | Fold 181: train=11548, test=50, purge=12, embargo=12
2026-06-23 08:27:47 | ml_trading | INFO | Fold 182: train=11610, test=50, purge=12, embargo=12
2026-06-23 08:27:50 | ml_trading | INFO | Fold 183: train=11672, test=50, purge=12, embargo=12
2026-06-23 08:27:53 | ml_trading | INFO | Fold 184: train=11734, test=50, purge=12, embargo=12
2026-06-23 08:27:56 | ml_trading | INFO | Fold 185: train=11796, test=50, purge=12, embargo=12
2026-06-23 08:27:59 | ml_trading | INFO | Fold 186: train=11858, test=50, purge=12, embargo=12
2026-06-23 08:28:04 | ml_trading | INFO | Fold 187: train=11920, test=50, purge=12, embargo=12
2026-06-23 08:28:08 | ml_trading | INFO | Fold 188: train=11982, test=50, purge=12, embargo=12
2026-06-23 08:28:11 | ml_trading | INFO | Fold 189: train=12044, test=50, purge=12, embargo=12
2026-06-23 08:28:14 | ml_trading | INFO | Fold 190: train=12106, test=50, purge=12, embargo=12
2026-06-23 08:28:18 | ml_trading | INFO | Fold 191: train=12168, test=50, purge=12, embargo=12
2026-06-23 08:28:21 | ml_trading | INFO | Fold 192: train=12230, test=50, purge=12, embargo=12
2026-06-23 08:28:25 | ml_trading | INFO | Fold 193: train=12292, test=50, purge=12, embargo=12
2026-06-23 08:28:29 | ml_trading | INFO | Fold 194: train=12354, test=50, purge=12, embargo=12
2026-06-23 08:28:32 | ml_trading | INFO | Fold 195: train=12416, test=50, purge=12, embargo=12
2026-06-23 08:28:35 | ml_trading | INFO | Fold 196: train=12478, test=50, purge=12, embargo=12
2026-06-23 08:28:38 | ml_trading | INFO | Fold 197: train=12540, test=50, purge=12, embargo=12
2026-06-23 08:28:42 | ml_trading | INFO | Fold 198: train=12602, test=50, purge=12, embargo=12
2026-06-23 08:28:45 | ml_trading | INFO | Fold 199: train=12664, test=50, purge=12, embargo=12
2026-06-23 08:28:48 | ml_trading | INFO | Fold 200: train=12726, test=50, purge=12, embargo=12
2026-06-23 08:28:51 | ml_trading | INFO | Fold 201: train=12788, test=50, purge=12, embargo=12
2026-06-23 08:28:54 | ml_trading | INFO | Fold 202: train=12850, test=50, purge=12, embargo=12
2026-06-23 08:28:57 | ml_trading | INFO | Fold 203: train=12912, test=50, purge=12, embargo=12
2026-06-23 08:29:01 | ml_trading | INFO | Fold 204: train=12974, test=50, purge=12, embargo=12
2026-06-23 08:29:05 | ml_trading | INFO | Fold 205: train=13036, test=50, purge=12, embargo=12
2026-06-23 08:29:09 | ml_trading | INFO | Fold 206: train=13098, test=50, purge=12, embargo=12
2026-06-23 08:29:13 | ml_trading | INFO | Fold 207: train=13160, test=50, purge=12, embargo=12
2026-06-23 08:29:16 | ml_trading | INFO | Fold 208: train=13222, test=50, purge=12, embargo=12
2026-06-23 08:29:21 | ml_trading | INFO | Fold 209: train=13284, test=50, purge=12, embargo=12
2026-06-23 08:29:25 | ml_trading | INFO | Fold 210: train=13346, test=50, purge=12, embargo=12
2026-06-23 08:29:29 | ml_trading | INFO | Fold 211: train=13408, test=50, purge=12, embargo=12
2026-06-23 08:29:32 | ml_trading | INFO | Fold 212: train=13470, test=50, purge=12, embargo=12
2026-06-23 08:29:36 | ml_trading | INFO | Fold 213: train=13532, test=50, purge=12, embargo=12
2026-06-23 08:29:39 | ml_trading | INFO | Fold 214: train=13594, test=50, purge=12, embargo=12
2026-06-23 08:29:45 | ml_trading | INFO | Fold 215: train=13656, test=50, purge=12, embargo=12
2026-06-23 08:29:49 | ml_trading | INFO | Fold 216: train=13718, test=50, purge=12, embargo=12
2026-06-23 08:29:52 | ml_trading | INFO | Fold 217: train=13780, test=50, purge=12, embargo=12
2026-06-23 08:29:56 | ml_trading | INFO | Fold 218: train=13842, test=50, purge=12, embargo=12
2026-06-23 08:29:59 | ml_trading | INFO | Fold 219: train=13904, test=50, purge=12, embargo=12
2026-06-23 08:30:12 | ml_trading | INFO | Fold 220: train=13966, test=50, purge=12, embargo=12
2026-06-23 08:30:19 | ml_trading | INFO | Fold 221: train=14028, test=50, purge=12, embargo=12
2026-06-23 08:30:23 | ml_trading | INFO | Fold 222: train=14090, test=50, purge=12, embargo=12
2026-06-23 08:30:27 | ml_trading | INFO | Fold 223: train=14152, test=50, purge=12, embargo=12
2026-06-23 08:30:31 | ml_trading | INFO | Fold 224: train=14214, test=50, purge=12, embargo=12
2026-06-23 08:30:34 | ml_trading | INFO | Fold 225: train=14276, test=50, purge=12, embargo=12
2026-06-23 08:30:38 | ml_trading | INFO | Fold 226: train=14338, test=50, purge=12, embargo=12
2026-06-23 08:30:41 | ml_trading | INFO | Fold 227: train=14400, test=50, purge=12, embargo=12
2026-06-23 08:30:46 | ml_trading | INFO | Fold 228: train=14462, test=50, purge=12, embargo=12
2026-06-23 08:30:49 | ml_trading | INFO | Fold 229: train=14524, test=50, purge=12, embargo=12
2026-06-23 08:30:53 | ml_trading | INFO | Fold 230: train=14586, test=50, purge=12, embargo=12
2026-06-23 08:30:56 | ml_trading | INFO | Fold 231: train=14648, test=50, purge=12, embargo=12
2026-06-23 08:30:59 | ml_trading | INFO | Fold 232: train=14710, test=50, purge=12, embargo=12
2026-06-23 08:31:03 | ml_trading | INFO | Fold 233: train=14772, test=50, purge=12, embargo=12
2026-06-23 08:31:09 | ml_trading | INFO | Fold 234: train=14834, test=50, purge=12, embargo=12
2026-06-23 08:31:13 | ml_trading | INFO | Fold 235: train=14896, test=50, purge=12, embargo=12
2026-06-23 08:31:15 | ml_trading | INFO | Fold 236: train=14958, test=50, purge=12, embargo=12
2026-06-23 08:31:18 | ml_trading | INFO | Fold 237: train=15020, test=50, purge=12, embargo=12
2026-06-23 08:31:21 | ml_trading | INFO | Fold 238: train=15082, test=50, purge=12, embargo=12
2026-06-23 08:31:26 | ml_trading | INFO | Fold 239: train=15144, test=50, purge=12, embargo=12
2026-06-23 08:31:29 | ml_trading | INFO | Fold 240: train=15206, test=50, purge=12, embargo=12
2026-06-23 08:31:34 | ml_trading | INFO | Fold 241: train=15268, test=50, purge=12, embargo=12
2026-06-23 08:31:36 | ml_trading | INFO | Fold 242: train=15330, test=50, purge=12, embargo=12
2026-06-23 08:31:39 | ml_trading | INFO | Fold 243: train=15392, test=50, purge=12, embargo=12
2026-06-23 08:31:43 | ml_trading | INFO | Fold 244: train=15454, test=50, purge=12, embargo=12
2026-06-23 08:31:46 | ml_trading | INFO | Fold 245: train=15516, test=50, purge=12, embargo=12
2026-06-23 08:31:49 | ml_trading | INFO | Fold 246: train=15578, test=50, purge=12, embargo=12
2026-06-23 08:31:51 | ml_trading | INFO | Fold 247: train=15640, test=50, purge=12, embargo=12
2026-06-23 08:31:54 | ml_trading | INFO | Fold 248: train=15702, test=50, purge=12, embargo=12
2026-06-23 08:31:58 | ml_trading | INFO | Fold 249: train=15764, test=50, purge=12, embargo=12
2026-06-23 08:32:01 | ml_trading | INFO | Fold 250: train=15826, test=50, purge=12, embargo=12
2026-06-23 08:32:06 | ml_trading | INFO | Fold 251: train=15888, test=50, purge=12, embargo=12
2026-06-23 08:32:08 | ml_trading | INFO | Fold 252: train=15950, test=50, purge=12, embargo=12
2026-06-23 08:32:11 | ml_trading | INFO | Fold 253: train=16012, test=50, purge=12, embargo=12
2026-06-23 08:32:15 | ml_trading | INFO | Fold 254: train=16074, test=50, purge=12, embargo=12
2026-06-23 08:32:18 | ml_trading | INFO | Fold 255: train=16136, test=50, purge=12, embargo=12
2026-06-23 08:32:21 | ml_trading | INFO | Fold 256: train=16198, test=50, purge=12, embargo=12
2026-06-23 08:32:24 | ml_trading | INFO | Fold 257: train=16260, test=50, purge=12, embargo=12
2026-06-23 08:32:27 | ml_trading | INFO | Fold 258: train=16322, test=50, purge=12, embargo=12
2026-06-23 08:32:30 | ml_trading | INFO | Fold 259: train=16384, test=50, purge=12, embargo=12
2026-06-23 08:32:33 | ml_trading | INFO | Fold 260: train=16446, test=50, purge=12, embargo=12
2026-06-23 08:32:37 | ml_trading | INFO | Fold 261: train=16508, test=50, purge=12, embargo=12
2026-06-23 08:32:40 | ml_trading | INFO | Fold 262: train=16570, test=50, purge=12, embargo=12
2026-06-23 08:32:43 | ml_trading | INFO | Fold 263: train=16632, test=50, purge=12, embargo=12
2026-06-23 08:32:47 | ml_trading | INFO | Fold 264: train=16694, test=50, purge=12, embargo=12
2026-06-23 08:32:50 | ml_trading | INFO | Fold 265: train=16756, test=50, purge=12, embargo=12
2026-06-23 08:32:53 | ml_trading | INFO | Fold 266: train=16818, test=50, purge=12, embargo=12
2026-06-23 08:32:56 | ml_trading | INFO | Fold 267: train=16880, test=50, purge=12, embargo=12
2026-06-23 08:32:59 | ml_trading | INFO | Fold 268: train=16942, test=50, purge=12, embargo=12
2026-06-23 08:33:02 | ml_trading | INFO | Fold 269: train=17004, test=50, purge=12, embargo=12
2026-06-23 08:33:06 | ml_trading | INFO | Fold 270: train=17066, test=50, purge=12, embargo=12
2026-06-23 08:33:09 | ml_trading | INFO | Fold 271: train=17128, test=50, purge=12, embargo=12
2026-06-23 08:33:12 | ml_trading | INFO | Fold 272: train=17190, test=50, purge=12, embargo=12
2026-06-23 08:33:15 | ml_trading | INFO | Fold 273: train=17252, test=50, purge=12, embargo=12
2026-06-23 08:33:19 | ml_trading | INFO | Fold 274: train=17314, test=50, purge=12, embargo=12
2026-06-23 08:33:22 | ml_trading | INFO | Fold 275: train=17376, test=50, purge=12, embargo=12
2026-06-23 08:33:25 | ml_trading | INFO | Fold 276: train=17438, test=50, purge=12, embargo=12
2026-06-23 08:33:28 | ml_trading | INFO | Walk-forward validation complete: 276 folds
2026-06-23 08:33:28 | ml_trading | INFO | Avg F1 - Short: 0.548, Neutral: 0.342, Long: 0.104
2026-06-23 08:33:28 | ml_trading | INFO | Training final lightgbm model on 17542 samples
2026-06-23 08:33:29 | ml_trading | INFO | Model saved to /root/app/ml-project/ml-trading-dashboard/ml_service/storage/models/candidates/LINKUSDT_1h_lightgbm_20260623_083329.pkl
2026-06-23 08:33:29 | ml_trading | INFO | Saved calibration artifact: LINKUSDT_1h_lightgbm_20260623_083329_calibration.pkl (chosen=raw)
2026-06-23 08:33:29 | ml_trading | INFO | Calibration metrics (holdout=50): raw: ECE=0.114 LL=0.938 Brier=0.587 | platt: ECE=0.212 LL=0.814 Brier=0.493 | isotonic: ECE=0.248 LL=0.680 Brier=0.392  → chosen: raw

================================================================================
TRAINING COMPLETE
================================================================================
Model: lightgbm
Folds: 276

F1 Scores:
  Short:   0.548
  Neutral: 0.342
  Long:    0.104
  Weighted: 0.435

Model saved: /root/app/ml-project/ml-trading-dashboard/ml_service/storage/models/candidates/LINKUSDT_1h_lightgbm_20260623_083329.pkl
================================================================================

Finished LINKUSDT 1h

=================================================
TRAINING LINKUSDT 4h
=================================================

Training model for LINKUSDT 4h...
2026-06-23 08:33:37 | ml_trading | INFO | Database schema initialized
2026-06-23 08:33:37 | ml_trading | INFO | Database initialized at /root/app/ml-project/ml-trading-dashboard/ml_service/storage/database.db
Loaded 4440 candles
Loaded 4440 BTC candles for correlation
Loaded 691 ES_proxy candles for correlation
2026-06-23 08:33:37 | ml_trading | INFO | [horizon] forward_periods=12 (source: /root/app/ml-project/ml-trading-dashboard/ml_service/config.yaml)
2026-06-23 08:33:37 | ml_trading | INFO | Starting training for LINKUSDT 4h
2026-06-23 08:33:37 | ml_trading | INFO |   Labeling method: triple_barrier
2026-06-23 08:33:37 | ml_trading | INFO |   Forward periods: 12
2026-06-23 08:33:37 | ml_trading | INFO |   TP multiplier: 3.0x ATR
2026-06-23 08:33:37 | ml_trading | INFO |   SL multiplier: 1.5x ATR
2026-06-23 08:33:37 | ml_trading | INFO | Found tuned hyperparameters for LINKUSDT 4h
2026-06-23 08:33:37 | ml_trading | INFO | Model type: lightgbm, F1: 0.4257
[!] VWAP requires an ordered DatetimeIndex.
2026-06-23 08:34:15 | ml_trading | INFO | Fetched 200 funding rate records for LINKUSDT
2026-06-23 08:34:18 | ml_trading | INFO | Clean dataset: 4224 rows after dropping NaN
2026-06-23 08:34:18 | ml_trading | INFO | Fold 1: train=388, test=50, purge=12, embargo=12
2026-06-23 08:34:19 | ml_trading | INFO | Fold 2: train=450, test=50, purge=12, embargo=12
2026-06-23 08:34:20 | ml_trading | INFO | Fold 3: train=512, test=50, purge=12, embargo=12
2026-06-23 08:34:22 | ml_trading | INFO | Fold 4: train=574, test=50, purge=12, embargo=12
2026-06-23 08:34:24 | ml_trading | INFO | Fold 5: train=636, test=50, purge=12, embargo=12
2026-06-23 08:34:26 | ml_trading | INFO | Fold 6: train=698, test=50, purge=12, embargo=12
2026-06-23 08:34:28 | ml_trading | INFO | Fold 7: train=760, test=50, purge=12, embargo=12
2026-06-23 08:34:29 | ml_trading | INFO | Fold 8: train=822, test=50, purge=12, embargo=12
2026-06-23 08:34:30 | ml_trading | INFO | Fold 9: train=884, test=50, purge=12, embargo=12
2026-06-23 08:34:32 | ml_trading | INFO | Fold 10: train=946, test=50, purge=12, embargo=12
2026-06-23 08:34:33 | ml_trading | INFO | Fold 11: train=1008, test=50, purge=12, embargo=12
2026-06-23 08:34:35 | ml_trading | INFO | Fold 12: train=1070, test=50, purge=12, embargo=12
2026-06-23 08:34:37 | ml_trading | INFO | Fold 13: train=1132, test=50, purge=12, embargo=12
2026-06-23 08:34:39 | ml_trading | INFO | Fold 14: train=1194, test=50, purge=12, embargo=12
2026-06-23 08:34:40 | ml_trading | INFO | Fold 15: train=1256, test=50, purge=12, embargo=12
2026-06-23 08:34:42 | ml_trading | INFO | Fold 16: train=1318, test=50, purge=12, embargo=12
2026-06-23 08:34:44 | ml_trading | INFO | Fold 17: train=1380, test=50, purge=12, embargo=12
2026-06-23 08:34:46 | ml_trading | INFO | Fold 18: train=1442, test=50, purge=12, embargo=12
2026-06-23 08:34:47 | ml_trading | INFO | Fold 19: train=1504, test=50, purge=12, embargo=12
2026-06-23 08:34:50 | ml_trading | INFO | Fold 20: train=1566, test=50, purge=12, embargo=12
2026-06-23 08:34:52 | ml_trading | INFO | Fold 21: train=1628, test=50, purge=12, embargo=12
2026-06-23 08:34:53 | ml_trading | INFO | Fold 22: train=1690, test=50, purge=12, embargo=12
2026-06-23 08:34:55 | ml_trading | INFO | Fold 23: train=1752, test=50, purge=12, embargo=12
2026-06-23 08:34:57 | ml_trading | INFO | Fold 24: train=1814, test=50, purge=12, embargo=12
2026-06-23 08:34:58 | ml_trading | INFO | Fold 25: train=1876, test=50, purge=12, embargo=12
2026-06-23 08:34:59 | ml_trading | INFO | Fold 26: train=1938, test=50, purge=12, embargo=12
2026-06-23 08:35:03 | ml_trading | INFO | Fold 27: train=2000, test=50, purge=12, embargo=12
2026-06-23 08:35:08 | ml_trading | INFO | Fold 28: train=2062, test=50, purge=12, embargo=12
2026-06-23 08:35:11 | ml_trading | INFO | Fold 29: train=2124, test=50, purge=12, embargo=12
2026-06-23 08:35:14 | ml_trading | INFO | Fold 30: train=2186, test=50, purge=12, embargo=12
2026-06-23 08:35:16 | ml_trading | INFO | Fold 31: train=2248, test=50, purge=12, embargo=12
2026-06-23 08:35:18 | ml_trading | INFO | Fold 32: train=2310, test=50, purge=12, embargo=12
2026-06-23 08:35:20 | ml_trading | INFO | Fold 33: train=2372, test=50, purge=12, embargo=12
2026-06-23 08:35:22 | ml_trading | INFO | Fold 34: train=2434, test=50, purge=12, embargo=12
2026-06-23 08:35:25 | ml_trading | INFO | Fold 35: train=2496, test=50, purge=12, embargo=12
2026-06-23 08:35:27 | ml_trading | INFO | Fold 36: train=2558, test=50, purge=12, embargo=12
2026-06-23 08:35:29 | ml_trading | INFO | Fold 37: train=2620, test=50, purge=12, embargo=12
2026-06-23 08:35:31 | ml_trading | INFO | Fold 38: train=2682, test=50, purge=12, embargo=12
2026-06-23 08:35:37 | ml_trading | INFO | Fold 39: train=2744, test=50, purge=12, embargo=12
2026-06-23 08:35:39 | ml_trading | INFO | Fold 40: train=2806, test=50, purge=12, embargo=12
2026-06-23 08:35:41 | ml_trading | INFO | Fold 41: train=2868, test=50, purge=12, embargo=12
2026-06-23 08:35:44 | ml_trading | INFO | Fold 42: train=2930, test=50, purge=12, embargo=12
2026-06-23 08:35:45 | ml_trading | INFO | Fold 43: train=2992, test=50, purge=12, embargo=12
2026-06-23 08:35:48 | ml_trading | INFO | Fold 44: train=3054, test=50, purge=12, embargo=12
2026-06-23 08:35:49 | ml_trading | INFO | Fold 45: train=3116, test=50, purge=12, embargo=12
2026-06-23 08:35:53 | ml_trading | INFO | Fold 46: train=3178, test=50, purge=12, embargo=12
2026-06-23 08:35:55 | ml_trading | INFO | Fold 47: train=3240, test=50, purge=12, embargo=12
2026-06-23 08:35:57 | ml_trading | INFO | Fold 48: train=3302, test=50, purge=12, embargo=12
2026-06-23 08:35:59 | ml_trading | INFO | Fold 49: train=3364, test=50, purge=12, embargo=12
2026-06-23 08:36:00 | ml_trading | INFO | Fold 50: train=3426, test=50, purge=12, embargo=12
2026-06-23 08:36:04 | ml_trading | INFO | Fold 51: train=3488, test=50, purge=12, embargo=12
2026-06-23 08:36:07 | ml_trading | INFO | Fold 52: train=3550, test=50, purge=12, embargo=12
2026-06-23 08:36:09 | ml_trading | INFO | Fold 53: train=3612, test=50, purge=12, embargo=12
2026-06-23 08:36:11 | ml_trading | INFO | Fold 54: train=3674, test=50, purge=12, embargo=12
2026-06-23 08:36:14 | ml_trading | INFO | Fold 55: train=3736, test=50, purge=12, embargo=12
2026-06-23 08:36:16 | ml_trading | INFO | Fold 56: train=3798, test=50, purge=12, embargo=12
2026-06-23 08:36:18 | ml_trading | INFO | Fold 57: train=3860, test=50, purge=12, embargo=12
2026-06-23 08:36:19 | ml_trading | INFO | Fold 58: train=3922, test=50, purge=12, embargo=12
2026-06-23 08:36:21 | ml_trading | INFO | Fold 59: train=3984, test=50, purge=12, embargo=12
2026-06-23 08:36:23 | ml_trading | INFO | Fold 60: train=4046, test=50, purge=12, embargo=12
2026-06-23 08:36:26 | ml_trading | INFO | Fold 61: train=4108, test=50, purge=12, embargo=12
2026-06-23 08:36:28 | ml_trading | INFO | Walk-forward validation complete: 61 folds
2026-06-23 08:36:28 | ml_trading | INFO | Avg F1 - Short: 0.557, Neutral: 0.300, Long: 0.097
2026-06-23 08:36:28 | ml_trading | INFO | Training final xgboost model on 4224 samples
2026-06-23 08:36:29 | ml_trading | INFO | Model saved to /root/app/ml-project/ml-trading-dashboard/ml_service/storage/models/candidates/LINKUSDT_4h_xgboost_20260623_083629.pkl
2026-06-23 08:36:30 | ml_trading | INFO | Saved calibration artifact: LINKUSDT_4h_xgboost_20260623_083629_calibration.pkl (chosen=isotonic)
2026-06-23 08:36:30 | ml_trading | INFO | Calibration metrics (holdout=50): raw: ECE=0.381 LL=1.503 Brier=0.924 | platt: ECE=0.061 LL=0.729 Brier=0.474 | isotonic: ECE=0.052 LL=0.642 Brier=0.420  → chosen: isotonic

================================================================================
TRAINING COMPLETE
================================================================================
Model: xgboost
Folds: 61

F1 Scores:
  Short:   0.557
  Neutral: 0.300
  Long:    0.097
  Weighted: 0.423

Model saved: /root/app/ml-project/ml-trading-dashboard/ml_service/storage/models/candidates/LINKUSDT_4h_xgboost_20260623_083629.pkl
================================================================================

Finished LINKUSDT 4h

=================================================
TRAINING LTCUSDT 1h
=================================================

Training model for LTCUSDT 1h...
2026-06-23 08:36:34 | ml_trading | INFO | Database schema initialized
2026-06-23 08:36:34 | ml_trading | INFO | Database initialized at /root/app/ml-project/ml-trading-dashboard/ml_service/storage/database.db
Loaded 17758 candles
Loaded 17758 BTC candles for correlation
Loaded 2414 ES_proxy candles for correlation
2026-06-23 08:36:35 | ml_trading | INFO | [horizon] forward_periods=12 (source: /root/app/ml-project/ml-trading-dashboard/ml_service/config.yaml)
2026-06-23 08:36:35 | ml_trading | INFO | Starting training for LTCUSDT 1h
2026-06-23 08:36:35 | ml_trading | INFO |   Labeling method: triple_barrier
2026-06-23 08:36:35 | ml_trading | INFO |   Forward periods: 12
2026-06-23 08:36:35 | ml_trading | INFO |   TP multiplier: 3.0x ATR
2026-06-23 08:36:35 | ml_trading | INFO |   SL multiplier: 1.5x ATR
[!] VWAP requires an ordered DatetimeIndex.
2026-06-23 08:39:05 | ml_trading | INFO | Fetched 200 funding rate records for LTCUSDT
2026-06-23 08:39:18 | ml_trading | INFO | Clean dataset: 17542 rows after dropping NaN
2026-06-23 08:39:18 | ml_trading | INFO | Fold 1: train=388, test=50, purge=12, embargo=12
2026-06-23 08:39:19 | ml_trading | INFO | Fold 2: train=450, test=50, purge=12, embargo=12
2026-06-23 08:39:20 | ml_trading | INFO | Fold 3: train=512, test=50, purge=12, embargo=12
2026-06-23 08:39:21 | ml_trading | INFO | Fold 4: train=574, test=50, purge=12, embargo=12
2026-06-23 08:39:22 | ml_trading | INFO | Fold 5: train=636, test=50, purge=12, embargo=12
2026-06-23 08:39:24 | ml_trading | INFO | Fold 6: train=698, test=50, purge=12, embargo=12
2026-06-23 08:39:25 | ml_trading | INFO | Fold 7: train=760, test=50, purge=12, embargo=12
2026-06-23 08:39:26 | ml_trading | INFO | Fold 8: train=822, test=50, purge=12, embargo=12
2026-06-23 08:39:28 | ml_trading | INFO | Fold 9: train=884, test=50, purge=12, embargo=12
2026-06-23 08:39:30 | ml_trading | INFO | Fold 10: train=946, test=50, purge=12, embargo=12
2026-06-23 08:39:31 | ml_trading | INFO | Fold 11: train=1008, test=50, purge=12, embargo=12
2026-06-23 08:39:34 | ml_trading | INFO | Fold 12: train=1070, test=50, purge=12, embargo=12
2026-06-23 08:39:35 | ml_trading | INFO | Fold 13: train=1132, test=50, purge=12, embargo=12
2026-06-23 08:39:37 | ml_trading | INFO | Fold 14: train=1194, test=50, purge=12, embargo=12
2026-06-23 08:39:38 | ml_trading | INFO | Fold 15: train=1256, test=50, purge=12, embargo=12
2026-06-23 08:39:39 | ml_trading | INFO | Fold 16: train=1318, test=50, purge=12, embargo=12
2026-06-23 08:39:41 | ml_trading | INFO | Fold 17: train=1380, test=50, purge=12, embargo=12
2026-06-23 08:39:42 | ml_trading | INFO | Fold 18: train=1442, test=50, purge=12, embargo=12
2026-06-23 08:39:44 | ml_trading | INFO | Fold 19: train=1504, test=50, purge=12, embargo=12
2026-06-23 08:39:46 | ml_trading | INFO | Fold 20: train=1566, test=50, purge=12, embargo=12
2026-06-23 08:39:47 | ml_trading | INFO | Fold 21: train=1628, test=50, purge=12, embargo=12
2026-06-23 08:39:48 | ml_trading | INFO | Fold 22: train=1690, test=50, purge=12, embargo=12
2026-06-23 08:39:50 | ml_trading | INFO | Fold 23: train=1752, test=50, purge=12, embargo=12
2026-06-23 08:39:52 | ml_trading | INFO | Fold 24: train=1814, test=50, purge=12, embargo=12
2026-06-23 08:39:53 | ml_trading | INFO | Fold 25: train=1876, test=50, purge=12, embargo=12
2026-06-23 08:39:55 | ml_trading | INFO | Fold 26: train=1938, test=50, purge=12, embargo=12
2026-06-23 08:39:58 | ml_trading | INFO | Fold 27: train=2000, test=50, purge=12, embargo=12
2026-06-23 08:40:00 | ml_trading | INFO | Fold 28: train=2062, test=50, purge=12, embargo=12
2026-06-23 08:40:08 | ml_trading | INFO | Fold 29: train=2124, test=50, purge=12, embargo=12
2026-06-23 08:40:12 | ml_trading | INFO | Fold 30: train=2186, test=50, purge=12, embargo=12
2026-06-23 08:40:13 | ml_trading | INFO | Fold 31: train=2248, test=50, purge=12, embargo=12
2026-06-23 08:40:16 | ml_trading | INFO | Fold 32: train=2310, test=50, purge=12, embargo=12
2026-06-23 08:40:19 | ml_trading | INFO | Fold 33: train=2372, test=50, purge=12, embargo=12
2026-06-23 08:40:21 | ml_trading | INFO | Fold 34: train=2434, test=50, purge=12, embargo=12
2026-06-23 08:40:22 | ml_trading | INFO | Fold 35: train=2496, test=50, purge=12, embargo=12
2026-06-23 08:40:24 | ml_trading | INFO | Fold 36: train=2558, test=50, purge=12, embargo=12
2026-06-23 08:40:26 | ml_trading | INFO | Fold 37: train=2620, test=50, purge=12, embargo=12
2026-06-23 08:40:29 | ml_trading | INFO | Fold 38: train=2682, test=50, purge=12, embargo=12
2026-06-23 08:40:32 | ml_trading | INFO | Fold 39: train=2744, test=50, purge=12, embargo=12
2026-06-23 08:40:35 | ml_trading | INFO | Fold 40: train=2806, test=50, purge=12, embargo=12
2026-06-23 08:40:37 | ml_trading | INFO | Fold 41: train=2868, test=50, purge=12, embargo=12
2026-06-23 08:40:39 | ml_trading | INFO | Fold 42: train=2930, test=50, purge=12, embargo=12
2026-06-23 08:40:41 | ml_trading | INFO | Fold 43: train=2992, test=50, purge=12, embargo=12
2026-06-23 08:40:44 | ml_trading | INFO | Fold 44: train=3054, test=50, purge=12, embargo=12
2026-06-23 08:40:47 | ml_trading | INFO | Fold 45: train=3116, test=50, purge=12, embargo=12
2026-06-23 08:40:49 | ml_trading | INFO | Fold 46: train=3178, test=50, purge=12, embargo=12
2026-06-23 08:40:52 | ml_trading | INFO | Fold 47: train=3240, test=50, purge=12, embargo=12
2026-06-23 08:40:54 | ml_trading | INFO | Fold 48: train=3302, test=50, purge=12, embargo=12
2026-06-23 08:40:57 | ml_trading | INFO | Fold 49: train=3364, test=50, purge=12, embargo=12
2026-06-23 08:41:01 | ml_trading | INFO | Fold 50: train=3426, test=50, purge=12, embargo=12
2026-06-23 08:41:12 | ml_trading | INFO | Fold 51: train=3488, test=50, purge=12, embargo=12
2026-06-23 08:41:14 | ml_trading | INFO | Fold 52: train=3550, test=50, purge=12, embargo=12
2026-06-23 08:41:17 | ml_trading | INFO | Fold 53: train=3612, test=50, purge=12, embargo=12
2026-06-23 08:41:19 | ml_trading | INFO | Fold 54: train=3674, test=50, purge=12, embargo=12
2026-06-23 08:41:21 | ml_trading | INFO | Fold 55: train=3736, test=50, purge=12, embargo=12
2026-06-23 08:41:24 | ml_trading | INFO | Fold 56: train=3798, test=50, purge=12, embargo=12
2026-06-23 08:41:26 | ml_trading | INFO | Fold 57: train=3860, test=50, purge=12, embargo=12
2026-06-23 08:41:27 | ml_trading | INFO | Fold 58: train=3922, test=50, purge=12, embargo=12
2026-06-23 08:41:30 | ml_trading | INFO | Fold 59: train=3984, test=50, purge=12, embargo=12
2026-06-23 08:41:32 | ml_trading | INFO | Fold 60: train=4046, test=50, purge=12, embargo=12
2026-06-23 08:41:34 | ml_trading | INFO | Fold 61: train=4108, test=50, purge=12, embargo=12
2026-06-23 08:41:36 | ml_trading | INFO | Fold 62: train=4170, test=50, purge=12, embargo=12
2026-06-23 08:41:39 | ml_trading | INFO | Fold 63: train=4232, test=50, purge=12, embargo=12
2026-06-23 08:41:41 | ml_trading | INFO | Fold 64: train=4294, test=50, purge=12, embargo=12
2026-06-23 08:41:43 | ml_trading | INFO | Fold 65: train=4356, test=50, purge=12, embargo=12
2026-06-23 08:41:45 | ml_trading | INFO | Fold 66: train=4418, test=50, purge=12, embargo=12
2026-06-23 08:41:47 | ml_trading | INFO | Fold 67: train=4480, test=50, purge=12, embargo=12
2026-06-23 08:41:49 | ml_trading | INFO | Fold 68: train=4542, test=50, purge=12, embargo=12
2026-06-23 08:41:51 | ml_trading | INFO | Fold 69: train=4604, test=50, purge=12, embargo=12
2026-06-23 08:41:53 | ml_trading | INFO | Fold 70: train=4666, test=50, purge=12, embargo=12
2026-06-23 08:41:55 | ml_trading | INFO | Fold 71: train=4728, test=50, purge=12, embargo=12
2026-06-23 08:41:57 | ml_trading | INFO | Fold 72: train=4790, test=50, purge=12, embargo=12
2026-06-23 08:42:00 | ml_trading | INFO | Fold 73: train=4852, test=50, purge=12, embargo=12
2026-06-23 08:42:03 | ml_trading | INFO | Fold 74: train=4914, test=50, purge=12, embargo=12
2026-06-23 08:42:05 | ml_trading | INFO | Fold 75: train=4976, test=50, purge=12, embargo=12
2026-06-23 08:42:07 | ml_trading | INFO | Fold 76: train=5038, test=50, purge=12, embargo=12
2026-06-23 08:42:09 | ml_trading | INFO | Fold 77: train=5100, test=50, purge=12, embargo=12
2026-06-23 08:42:11 | ml_trading | INFO | Fold 78: train=5162, test=50, purge=12, embargo=12
2026-06-23 08:42:13 | ml_trading | INFO | Fold 79: train=5224, test=50, purge=12, embargo=12
2026-06-23 08:42:15 | ml_trading | INFO | Fold 80: train=5286, test=50, purge=12, embargo=12
2026-06-23 08:42:17 | ml_trading | INFO | Fold 81: train=5348, test=50, purge=12, embargo=12
2026-06-23 08:42:19 | ml_trading | INFO | Fold 82: train=5410, test=50, purge=12, embargo=12
2026-06-23 08:42:21 | ml_trading | INFO | Fold 83: train=5472, test=50, purge=12, embargo=12
2026-06-23 08:42:23 | ml_trading | INFO | Fold 84: train=5534, test=50, purge=12, embargo=12
2026-06-23 08:42:24 | ml_trading | INFO | Fold 85: train=5596, test=50, purge=12, embargo=12
2026-06-23 08:42:26 | ml_trading | INFO | Fold 86: train=5658, test=50, purge=12, embargo=12
2026-06-23 08:42:28 | ml_trading | INFO | Fold 87: train=5720, test=50, purge=12, embargo=12
2026-06-23 08:42:30 | ml_trading | INFO | Fold 88: train=5782, test=50, purge=12, embargo=12
2026-06-23 08:42:32 | ml_trading | INFO | Fold 89: train=5844, test=50, purge=12, embargo=12
2026-06-23 08:42:35 | ml_trading | INFO | Fold 90: train=5906, test=50, purge=12, embargo=12
2026-06-23 08:42:36 | ml_trading | INFO | Fold 91: train=5968, test=50, purge=12, embargo=12
2026-06-23 08:42:38 | ml_trading | INFO | Fold 92: train=6030, test=50, purge=12, embargo=12
2026-06-23 08:42:40 | ml_trading | INFO | Fold 93: train=6092, test=50, purge=12, embargo=12
2026-06-23 08:42:42 | ml_trading | INFO | Fold 94: train=6154, test=50, purge=12, embargo=12
2026-06-23 08:42:45 | ml_trading | INFO | Fold 95: train=6216, test=50, purge=12, embargo=12
2026-06-23 08:42:47 | ml_trading | INFO | Fold 96: train=6278, test=50, purge=12, embargo=12
2026-06-23 08:42:49 | ml_trading | INFO | Fold 97: train=6340, test=50, purge=12, embargo=12
2026-06-23 08:42:51 | ml_trading | INFO | Fold 98: train=6402, test=50, purge=12, embargo=12
2026-06-23 08:42:52 | ml_trading | INFO | Fold 99: train=6464, test=50, purge=12, embargo=12
2026-06-23 08:42:54 | ml_trading | INFO | Fold 100: train=6526, test=50, purge=12, embargo=12
2026-06-23 08:42:56 | ml_trading | INFO | Fold 101: train=6588, test=50, purge=12, embargo=12
2026-06-23 08:42:58 | ml_trading | INFO | Fold 102: train=6650, test=50, purge=12, embargo=12
2026-06-23 08:43:00 | ml_trading | INFO | Fold 103: train=6712, test=50, purge=12, embargo=12
2026-06-23 08:43:03 | ml_trading | INFO | Fold 104: train=6774, test=50, purge=12, embargo=12
2026-06-23 08:43:05 | ml_trading | INFO | Fold 105: train=6836, test=50, purge=12, embargo=12
2026-06-23 08:43:08 | ml_trading | INFO | Fold 106: train=6898, test=50, purge=12, embargo=12
2026-06-23 08:43:10 | ml_trading | INFO | Fold 107: train=6960, test=50, purge=12, embargo=12
2026-06-23 08:43:11 | ml_trading | INFO | Fold 108: train=7022, test=50, purge=12, embargo=12
2026-06-23 08:43:13 | ml_trading | INFO | Fold 109: train=7084, test=50, purge=12, embargo=12
2026-06-23 08:43:15 | ml_trading | INFO | Fold 110: train=7146, test=50, purge=12, embargo=12
2026-06-23 08:43:18 | ml_trading | INFO | Fold 111: train=7208, test=50, purge=12, embargo=12
2026-06-23 08:43:21 | ml_trading | INFO | Fold 112: train=7270, test=50, purge=12, embargo=12
2026-06-23 08:43:22 | ml_trading | INFO | Fold 113: train=7332, test=50, purge=12, embargo=12
2026-06-23 08:43:24 | ml_trading | INFO | Fold 114: train=7394, test=50, purge=12, embargo=12
2026-06-23 08:43:26 | ml_trading | INFO | Fold 115: train=7456, test=50, purge=12, embargo=12
2026-06-23 08:43:28 | ml_trading | INFO | Fold 116: train=7518, test=50, purge=12, embargo=12
2026-06-23 08:43:30 | ml_trading | INFO | Fold 117: train=7580, test=50, purge=12, embargo=12
2026-06-23 08:43:32 | ml_trading | INFO | Fold 118: train=7642, test=50, purge=12, embargo=12
2026-06-23 08:43:35 | ml_trading | INFO | Fold 119: train=7704, test=50, purge=12, embargo=12
2026-06-23 08:43:37 | ml_trading | INFO | Fold 120: train=7766, test=50, purge=12, embargo=12
2026-06-23 08:43:38 | ml_trading | INFO | Fold 121: train=7828, test=50, purge=12, embargo=12
2026-06-23 08:43:40 | ml_trading | INFO | Fold 122: train=7890, test=50, purge=12, embargo=12
2026-06-23 08:43:42 | ml_trading | INFO | Fold 123: train=7952, test=50, purge=12, embargo=12
2026-06-23 08:43:44 | ml_trading | INFO | Fold 124: train=8014, test=50, purge=12, embargo=12
2026-06-23 08:43:46 | ml_trading | INFO | Fold 125: train=8076, test=50, purge=12, embargo=12
2026-06-23 08:43:48 | ml_trading | INFO | Fold 126: train=8138, test=50, purge=12, embargo=12
2026-06-23 08:43:50 | ml_trading | INFO | Fold 127: train=8200, test=50, purge=12, embargo=12
2026-06-23 08:43:52 | ml_trading | INFO | Fold 128: train=8262, test=50, purge=12, embargo=12
2026-06-23 08:43:54 | ml_trading | INFO | Fold 129: train=8324, test=50, purge=12, embargo=12
2026-06-23 08:43:57 | ml_trading | INFO | Fold 130: train=8386, test=50, purge=12, embargo=12
2026-06-23 08:43:58 | ml_trading | INFO | Fold 131: train=8448, test=50, purge=12, embargo=12
2026-06-23 08:44:01 | ml_trading | INFO | Fold 132: train=8510, test=50, purge=12, embargo=12
2026-06-23 08:44:04 | ml_trading | INFO | Fold 133: train=8572, test=50, purge=12, embargo=12
2026-06-23 08:44:06 | ml_trading | INFO | Fold 134: train=8634, test=50, purge=12, embargo=12
2026-06-23 08:44:08 | ml_trading | INFO | Fold 135: train=8696, test=50, purge=12, embargo=12
2026-06-23 08:44:10 | ml_trading | INFO | Fold 136: train=8758, test=50, purge=12, embargo=12
2026-06-23 08:44:12 | ml_trading | INFO | Fold 137: train=8820, test=50, purge=12, embargo=12
2026-06-23 08:44:15 | ml_trading | INFO | Fold 138: train=8882, test=50, purge=12, embargo=12
2026-06-23 08:44:16 | ml_trading | INFO | Fold 139: train=8944, test=50, purge=12, embargo=12
2026-06-23 08:44:18 | ml_trading | INFO | Fold 140: train=9006, test=50, purge=12, embargo=12
2026-06-23 08:44:20 | ml_trading | INFO | Fold 141: train=9068, test=50, purge=12, embargo=12
2026-06-23 08:44:22 | ml_trading | INFO | Fold 142: train=9130, test=50, purge=12, embargo=12
2026-06-23 08:44:24 | ml_trading | INFO | Fold 143: train=9192, test=50, purge=12, embargo=12
2026-06-23 08:44:26 | ml_trading | INFO | Fold 144: train=9254, test=50, purge=12, embargo=12
2026-06-23 08:44:29 | ml_trading | INFO | Fold 145: train=9316, test=50, purge=12, embargo=12
2026-06-23 08:44:30 | ml_trading | INFO | Fold 146: train=9378, test=50, purge=12, embargo=12
2026-06-23 08:44:33 | ml_trading | INFO | Fold 147: train=9440, test=50, purge=12, embargo=12
2026-06-23 08:44:35 | ml_trading | INFO | Fold 148: train=9502, test=50, purge=12, embargo=12
2026-06-23 08:44:37 | ml_trading | INFO | Fold 149: train=9564, test=50, purge=12, embargo=12
2026-06-23 08:44:39 | ml_trading | INFO | Fold 150: train=9626, test=50, purge=12, embargo=12
2026-06-23 08:44:41 | ml_trading | INFO | Fold 151: train=9688, test=50, purge=12, embargo=12
2026-06-23 08:44:43 | ml_trading | INFO | Fold 152: train=9750, test=50, purge=12, embargo=12
2026-06-23 08:44:45 | ml_trading | INFO | Fold 153: train=9812, test=50, purge=12, embargo=12
2026-06-23 08:44:48 | ml_trading | INFO | Fold 154: train=9874, test=50, purge=12, embargo=12
2026-06-23 08:44:50 | ml_trading | INFO | Fold 155: train=9936, test=50, purge=12, embargo=12
2026-06-23 08:44:52 | ml_trading | INFO | Fold 156: train=9998, test=50, purge=12, embargo=12
2026-06-23 08:44:54 | ml_trading | INFO | Fold 157: train=10060, test=50, purge=12, embargo=12
2026-06-23 08:44:56 | ml_trading | INFO | Fold 158: train=10122, test=50, purge=12, embargo=12
2026-06-23 08:44:58 | ml_trading | INFO | Fold 159: train=10184, test=50, purge=12, embargo=12
2026-06-23 08:45:01 | ml_trading | INFO | Fold 160: train=10246, test=50, purge=12, embargo=12
2026-06-23 08:45:08 | ml_trading | INFO | Fold 161: train=10308, test=50, purge=12, embargo=12
2026-06-23 08:45:10 | ml_trading | INFO | Fold 162: train=10370, test=50, purge=12, embargo=12
2026-06-23 08:45:12 | ml_trading | INFO | Fold 163: train=10432, test=50, purge=12, embargo=12
2026-06-23 08:45:15 | ml_trading | INFO | Fold 164: train=10494, test=50, purge=12, embargo=12
2026-06-23 08:45:17 | ml_trading | INFO | Fold 165: train=10556, test=50, purge=12, embargo=12
2026-06-23 08:45:20 | ml_trading | INFO | Fold 166: train=10618, test=50, purge=12, embargo=12
2026-06-23 08:45:22 | ml_trading | INFO | Fold 167: train=10680, test=50, purge=12, embargo=12
2026-06-23 08:45:24 | ml_trading | INFO | Fold 168: train=10742, test=50, purge=12, embargo=12
2026-06-23 08:45:26 | ml_trading | INFO | Fold 169: train=10804, test=50, purge=12, embargo=12
2026-06-23 08:45:29 | ml_trading | INFO | Fold 170: train=10866, test=50, purge=12, embargo=12
2026-06-23 08:45:31 | ml_trading | INFO | Fold 171: train=10928, test=50, purge=12, embargo=12
2026-06-23 08:45:33 | ml_trading | INFO | Fold 172: train=10990, test=50, purge=12, embargo=12
2026-06-23 08:45:36 | ml_trading | INFO | Fold 173: train=11052, test=50, purge=12, embargo=12
2026-06-23 08:45:38 | ml_trading | INFO | Fold 174: train=11114, test=50, purge=12, embargo=12
2026-06-23 08:45:40 | ml_trading | INFO | Fold 175: train=11176, test=50, purge=12, embargo=12
2026-06-23 08:45:43 | ml_trading | INFO | Fold 176: train=11238, test=50, purge=12, embargo=12
2026-06-23 08:45:45 | ml_trading | INFO | Fold 177: train=11300, test=50, purge=12, embargo=12
2026-06-23 08:45:48 | ml_trading | INFO | Fold 178: train=11362, test=50, purge=12, embargo=12
2026-06-23 08:45:50 | ml_trading | INFO | Fold 179: train=11424, test=50, purge=12, embargo=12
2026-06-23 08:45:53 | ml_trading | INFO | Fold 180: train=11486, test=50, purge=12, embargo=12
2026-06-23 08:45:55 | ml_trading | INFO | Fold 181: train=11548, test=50, purge=12, embargo=12
2026-06-23 08:45:58 | ml_trading | INFO | Fold 182: train=11610, test=50, purge=12, embargo=12
2026-06-23 08:46:00 | ml_trading | INFO | Fold 183: train=11672, test=50, purge=12, embargo=12
2026-06-23 08:46:04 | ml_trading | INFO | Fold 184: train=11734, test=50, purge=12, embargo=12
2026-06-23 08:46:09 | ml_trading | INFO | Fold 185: train=11796, test=50, purge=12, embargo=12
2026-06-23 08:46:12 | ml_trading | INFO | Fold 186: train=11858, test=50, purge=12, embargo=12
2026-06-23 08:46:14 | ml_trading | INFO | Fold 187: train=11920, test=50, purge=12, embargo=12
2026-06-23 08:46:16 | ml_trading | INFO | Fold 188: train=11982, test=50, purge=12, embargo=12
2026-06-23 08:46:19 | ml_trading | INFO | Fold 189: train=12044, test=50, purge=12, embargo=12
2026-06-23 08:46:21 | ml_trading | INFO | Fold 190: train=12106, test=50, purge=12, embargo=12
2026-06-23 08:46:23 | ml_trading | INFO | Fold 191: train=12168, test=50, purge=12, embargo=12
2026-06-23 08:46:26 | ml_trading | INFO | Fold 192: train=12230, test=50, purge=12, embargo=12
2026-06-23 08:46:28 | ml_trading | INFO | Fold 193: train=12292, test=50, purge=12, embargo=12
2026-06-23 08:46:30 | ml_trading | INFO | Fold 194: train=12354, test=50, purge=12, embargo=12
2026-06-23 08:46:32 | ml_trading | INFO | Fold 195: train=12416, test=50, purge=12, embargo=12
2026-06-23 08:46:35 | ml_trading | INFO | Fold 196: train=12478, test=50, purge=12, embargo=12
2026-06-23 08:46:39 | ml_trading | INFO | Fold 197: train=12540, test=50, purge=12, embargo=12
2026-06-23 08:46:44 | ml_trading | INFO | Fold 198: train=12602, test=50, purge=12, embargo=12
2026-06-23 08:46:46 | ml_trading | INFO | Fold 199: train=12664, test=50, purge=12, embargo=12
2026-06-23 08:46:48 | ml_trading | INFO | Fold 200: train=12726, test=50, purge=12, embargo=12
2026-06-23 08:46:51 | ml_trading | INFO | Fold 201: train=12788, test=50, purge=12, embargo=12
2026-06-23 08:46:53 | ml_trading | INFO | Fold 202: train=12850, test=50, purge=12, embargo=12
2026-06-23 08:46:56 | ml_trading | INFO | Fold 203: train=12912, test=50, purge=12, embargo=12
2026-06-23 08:46:58 | ml_trading | INFO | Fold 204: train=12974, test=50, purge=12, embargo=12
2026-06-23 08:47:00 | ml_trading | INFO | Fold 205: train=13036, test=50, purge=12, embargo=12
2026-06-23 08:47:02 | ml_trading | INFO | Fold 206: train=13098, test=50, purge=12, embargo=12
2026-06-23 08:47:05 | ml_trading | INFO | Fold 207: train=13160, test=50, purge=12, embargo=12
2026-06-23 08:47:08 | ml_trading | INFO | Fold 208: train=13222, test=50, purge=12, embargo=12
2026-06-23 08:47:12 | ml_trading | INFO | Fold 209: train=13284, test=50, purge=12, embargo=12
2026-06-23 08:47:14 | ml_trading | INFO | Fold 210: train=13346, test=50, purge=12, embargo=12
2026-06-23 08:47:16 | ml_trading | INFO | Fold 211: train=13408, test=50, purge=12, embargo=12
2026-06-23 08:47:19 | ml_trading | INFO | Fold 212: train=13470, test=50, purge=12, embargo=12
2026-06-23 08:47:21 | ml_trading | INFO | Fold 213: train=13532, test=50, purge=12, embargo=12
2026-06-23 08:47:24 | ml_trading | INFO | Fold 214: train=13594, test=50, purge=12, embargo=12
2026-06-23 08:47:26 | ml_trading | INFO | Fold 215: train=13656, test=50, purge=12, embargo=12
2026-06-23 08:47:28 | ml_trading | INFO | Fold 216: train=13718, test=50, purge=12, embargo=12
2026-06-23 08:47:31 | ml_trading | INFO | Fold 217: train=13780, test=50, purge=12, embargo=12
2026-06-23 08:47:33 | ml_trading | INFO | Fold 218: train=13842, test=50, purge=12, embargo=12
2026-06-23 08:47:36 | ml_trading | INFO | Fold 219: train=13904, test=50, purge=12, embargo=12
2026-06-23 08:47:39 | ml_trading | INFO | Fold 220: train=13966, test=50, purge=12, embargo=12
2026-06-23 08:47:41 | ml_trading | INFO | Fold 221: train=14028, test=50, purge=12, embargo=12
2026-06-23 08:47:43 | ml_trading | INFO | Fold 222: train=14090, test=50, purge=12, embargo=12
2026-06-23 08:47:45 | ml_trading | INFO | Fold 223: train=14152, test=50, purge=12, embargo=12
2026-06-23 08:47:48 | ml_trading | INFO | Fold 224: train=14214, test=50, purge=12, embargo=12
2026-06-23 08:47:51 | ml_trading | INFO | Fold 225: train=14276, test=50, purge=12, embargo=12
2026-06-23 08:47:53 | ml_trading | INFO | Fold 226: train=14338, test=50, purge=12, embargo=12
2026-06-23 08:47:56 | ml_trading | INFO | Fold 227: train=14400, test=50, purge=12, embargo=12
2026-06-23 08:47:58 | ml_trading | INFO | Fold 228: train=14462, test=50, purge=12, embargo=12
2026-06-23 08:48:00 | ml_trading | INFO | Fold 229: train=14524, test=50, purge=12, embargo=12
2026-06-23 08:48:05 | ml_trading | INFO | Fold 230: train=14586, test=50, purge=12, embargo=12
2026-06-23 08:48:07 | ml_trading | INFO | Fold 231: train=14648, test=50, purge=12, embargo=12
2026-06-23 08:48:10 | ml_trading | INFO | Fold 232: train=14710, test=50, purge=12, embargo=12
2026-06-23 08:48:13 | ml_trading | INFO | Fold 233: train=14772, test=50, purge=12, embargo=12
2026-06-23 08:48:16 | ml_trading | INFO | Fold 234: train=14834, test=50, purge=12, embargo=12
2026-06-23 08:48:18 | ml_trading | INFO | Fold 235: train=14896, test=50, purge=12, embargo=12
2026-06-23 08:48:20 | ml_trading | INFO | Fold 236: train=14958, test=50, purge=12, embargo=12
2026-06-23 08:48:23 | ml_trading | INFO | Fold 237: train=15020, test=50, purge=12, embargo=12
2026-06-23 08:48:26 | ml_trading | INFO | Fold 238: train=15082, test=50, purge=12, embargo=12
2026-06-23 08:48:29 | ml_trading | INFO | Fold 239: train=15144, test=50, purge=12, embargo=12
2026-06-23 08:48:31 | ml_trading | INFO | Fold 240: train=15206, test=50, purge=12, embargo=12
2026-06-23 08:48:34 | ml_trading | INFO | Fold 241: train=15268, test=50, purge=12, embargo=12
2026-06-23 08:48:36 | ml_trading | INFO | Fold 242: train=15330, test=50, purge=12, embargo=12
2026-06-23 08:48:39 | ml_trading | INFO | Fold 243: train=15392, test=50, purge=12, embargo=12
2026-06-23 08:48:41 | ml_trading | INFO | Fold 244: train=15454, test=50, purge=12, embargo=12
2026-06-23 08:48:44 | ml_trading | INFO | Fold 245: train=15516, test=50, purge=12, embargo=12
2026-06-23 08:48:46 | ml_trading | INFO | Fold 246: train=15578, test=50, purge=12, embargo=12
2026-06-23 08:48:48 | ml_trading | INFO | Fold 247: train=15640, test=50, purge=12, embargo=12
2026-06-23 08:48:50 | ml_trading | INFO | Fold 248: train=15702, test=50, purge=12, embargo=12
2026-06-23 08:48:53 | ml_trading | INFO | Fold 249: train=15764, test=50, purge=12, embargo=12
2026-06-23 08:48:55 | ml_trading | INFO | Fold 250: train=15826, test=50, purge=12, embargo=12
2026-06-23 08:48:58 | ml_trading | INFO | Fold 251: train=15888, test=50, purge=12, embargo=12
2026-06-23 08:49:00 | ml_trading | INFO | Fold 252: train=15950, test=50, purge=12, embargo=12
2026-06-23 08:49:03 | ml_trading | INFO | Fold 253: train=16012, test=50, purge=12, embargo=12
2026-06-23 08:49:05 | ml_trading | INFO | Fold 254: train=16074, test=50, purge=12, embargo=12
2026-06-23 08:49:08 | ml_trading | INFO | Fold 255: train=16136, test=50, purge=12, embargo=12
2026-06-23 08:49:10 | ml_trading | INFO | Fold 256: train=16198, test=50, purge=12, embargo=12
2026-06-23 08:49:14 | ml_trading | INFO | Fold 257: train=16260, test=50, purge=12, embargo=12
2026-06-23 08:49:16 | ml_trading | INFO | Fold 258: train=16322, test=50, purge=12, embargo=12
2026-06-23 08:49:19 | ml_trading | INFO | Fold 259: train=16384, test=50, purge=12, embargo=12
2026-06-23 08:49:22 | ml_trading | INFO | Fold 260: train=16446, test=50, purge=12, embargo=12
2026-06-23 08:49:24 | ml_trading | INFO | Fold 261: train=16508, test=50, purge=12, embargo=12
2026-06-23 08:49:26 | ml_trading | INFO | Fold 262: train=16570, test=50, purge=12, embargo=12
2026-06-23 08:49:29 | ml_trading | INFO | Fold 263: train=16632, test=50, purge=12, embargo=12
2026-06-23 08:49:31 | ml_trading | INFO | Fold 264: train=16694, test=50, purge=12, embargo=12
2026-06-23 08:49:33 | ml_trading | INFO | Fold 265: train=16756, test=50, purge=12, embargo=12
2026-06-23 08:49:36 | ml_trading | INFO | Fold 266: train=16818, test=50, purge=12, embargo=12
2026-06-23 08:49:39 | ml_trading | INFO | Fold 267: train=16880, test=50, purge=12, embargo=12
2026-06-23 08:49:41 | ml_trading | INFO | Fold 268: train=16942, test=50, purge=12, embargo=12
2026-06-23 08:49:44 | ml_trading | INFO | Fold 269: train=17004, test=50, purge=12, embargo=12
2026-06-23 08:49:46 | ml_trading | INFO | Fold 270: train=17066, test=50, purge=12, embargo=12
2026-06-23 08:49:49 | ml_trading | INFO | Fold 271: train=17128, test=50, purge=12, embargo=12
2026-06-23 08:49:51 | ml_trading | INFO | Fold 272: train=17190, test=50, purge=12, embargo=12
2026-06-23 08:49:55 | ml_trading | INFO | Fold 273: train=17252, test=50, purge=12, embargo=12
2026-06-23 08:49:58 | ml_trading | INFO | Fold 274: train=17314, test=50, purge=12, embargo=12
2026-06-23 08:50:01 | ml_trading | INFO | Fold 275: train=17376, test=50, purge=12, embargo=12
2026-06-23 08:50:07 | ml_trading | INFO | Fold 276: train=17438, test=50, purge=12, embargo=12
2026-06-23 08:50:10 | ml_trading | INFO | Walk-forward validation complete: 276 folds
2026-06-23 08:50:10 | ml_trading | INFO | Avg F1 - Short: 0.556, Neutral: 0.366, Long: 0.075
2026-06-23 08:50:10 | ml_trading | INFO | Training final xgboost model on 17542 samples
2026-06-23 08:50:13 | ml_trading | INFO | Model saved to /root/app/ml-project/ml-trading-dashboard/ml_service/storage/models/candidates/LTCUSDT_1h_xgboost_20260623_085013.pkl
2026-06-23 08:50:14 | ml_trading | INFO | Saved calibration artifact: LTCUSDT_1h_xgboost_20260623_085013_calibration.pkl (chosen=isotonic)
2026-06-23 08:50:14 | ml_trading | INFO | Calibration metrics (holdout=50): raw: ECE=0.302 LL=1.248 Brier=0.755 | platt: ECE=0.155 LL=0.993 Brier=0.593 | isotonic: ECE=0.052 LL=0.787 Brier=0.483  → chosen: isotonic

================================================================================
TRAINING COMPLETE
================================================================================
Model: xgboost
Folds: 276

F1 Scores:
  Short:   0.556
  Neutral: 0.366
  Long:    0.075
  Weighted: 0.453

Model saved: /root/app/ml-project/ml-trading-dashboard/ml_service/storage/models/candidates/LTCUSDT_1h_xgboost_20260623_085013.pkl
================================================================================

Finished LTCUSDT 1h

=================================================
TRAINING LTCUSDT 4h
=================================================

Training model for LTCUSDT 4h...
2026-06-23 08:50:19 | ml_trading | INFO | Database schema initialized
2026-06-23 08:50:19 | ml_trading | INFO | Database initialized at /root/app/ml-project/ml-trading-dashboard/ml_service/storage/database.db
Loaded 4440 candles
Loaded 4440 BTC candles for correlation
Loaded 691 ES_proxy candles for correlation
2026-06-23 08:50:19 | ml_trading | INFO | [horizon] forward_periods=12 (source: /root/app/ml-project/ml-trading-dashboard/ml_service/config.yaml)
2026-06-23 08:50:19 | ml_trading | INFO | Starting training for LTCUSDT 4h
2026-06-23 08:50:19 | ml_trading | INFO |   Labeling method: triple_barrier
2026-06-23 08:50:19 | ml_trading | INFO |   Forward periods: 12
2026-06-23 08:50:19 | ml_trading | INFO |   TP multiplier: 3.0x ATR
2026-06-23 08:50:19 | ml_trading | INFO |   SL multiplier: 1.5x ATR
2026-06-23 08:50:19 | ml_trading | INFO | Found tuned hyperparameters for LTCUSDT 4h
2026-06-23 08:50:19 | ml_trading | INFO | Model type: lightgbm, F1: 0.4545
[!] VWAP requires an ordered DatetimeIndex.
2026-06-23 08:50:53 | ml_trading | INFO | Fetched 200 funding rate records for LTCUSDT
2026-06-23 08:50:56 | ml_trading | INFO | Clean dataset: 4224 rows after dropping NaN
2026-06-23 08:50:56 | ml_trading | INFO | Fold 1: train=388, test=50, purge=12, embargo=12
2026-06-23 08:50:58 | ml_trading | INFO | Fold 2: train=450, test=50, purge=12, embargo=12
2026-06-23 08:50:59 | ml_trading | INFO | Fold 3: train=512, test=50, purge=12, embargo=12
2026-06-23 08:50:59 | ml_trading | INFO | Fold 4: train=574, test=50, purge=12, embargo=12
2026-06-23 08:51:01 | ml_trading | INFO | Fold 5: train=636, test=50, purge=12, embargo=12
2026-06-23 08:51:02 | ml_trading | INFO | Fold 6: train=698, test=50, purge=12, embargo=12
2026-06-23 08:51:03 | ml_trading | INFO | Fold 7: train=760, test=50, purge=12, embargo=12
2026-06-23 08:51:05 | ml_trading | INFO | Fold 8: train=822, test=50, purge=12, embargo=12
2026-06-23 08:51:06 | ml_trading | INFO | Fold 9: train=884, test=50, purge=12, embargo=12
2026-06-23 08:51:08 | ml_trading | INFO | Fold 10: train=946, test=50, purge=12, embargo=12
2026-06-23 08:51:09 | ml_trading | INFO | Fold 11: train=1008, test=50, purge=12, embargo=12
2026-06-23 08:51:11 | ml_trading | INFO | Fold 12: train=1070, test=50, purge=12, embargo=12
2026-06-23 08:51:12 | ml_trading | INFO | Fold 13: train=1132, test=50, purge=12, embargo=12
2026-06-23 08:51:15 | ml_trading | INFO | Fold 14: train=1194, test=50, purge=12, embargo=12
2026-06-23 08:51:18 | ml_trading | INFO | Fold 15: train=1256, test=50, purge=12, embargo=12
2026-06-23 08:51:19 | ml_trading | INFO | Fold 16: train=1318, test=50, purge=12, embargo=12
2026-06-23 08:51:21 | ml_trading | INFO | Fold 17: train=1380, test=50, purge=12, embargo=12
2026-06-23 08:51:22 | ml_trading | INFO | Fold 18: train=1442, test=50, purge=12, embargo=12
2026-06-23 08:51:23 | ml_trading | INFO | Fold 19: train=1504, test=50, purge=12, embargo=12
2026-06-23 08:51:25 | ml_trading | INFO | Fold 20: train=1566, test=50, purge=12, embargo=12
2026-06-23 08:51:26 | ml_trading | INFO | Fold 21: train=1628, test=50, purge=12, embargo=12
2026-06-23 08:51:27 | ml_trading | INFO | Fold 22: train=1690, test=50, purge=12, embargo=12
2026-06-23 08:51:29 | ml_trading | INFO | Fold 23: train=1752, test=50, purge=12, embargo=12
2026-06-23 08:51:30 | ml_trading | INFO | Fold 24: train=1814, test=50, purge=12, embargo=12
2026-06-23 08:51:32 | ml_trading | INFO | Fold 25: train=1876, test=50, purge=12, embargo=12
2026-06-23 08:51:34 | ml_trading | INFO | Fold 26: train=1938, test=50, purge=12, embargo=12
2026-06-23 08:51:35 | ml_trading | INFO | Fold 27: train=2000, test=50, purge=12, embargo=12
2026-06-23 08:51:37 | ml_trading | INFO | Fold 28: train=2062, test=50, purge=12, embargo=12
2026-06-23 08:51:39 | ml_trading | INFO | Fold 29: train=2124, test=50, purge=12, embargo=12
2026-06-23 08:51:40 | ml_trading | INFO | Fold 30: train=2186, test=50, purge=12, embargo=12
2026-06-23 08:51:42 | ml_trading | INFO | Fold 31: train=2248, test=50, purge=12, embargo=12
2026-06-23 08:51:44 | ml_trading | INFO | Fold 32: train=2310, test=50, purge=12, embargo=12
2026-06-23 08:51:46 | ml_trading | INFO | Fold 33: train=2372, test=50, purge=12, embargo=12
2026-06-23 08:51:47 | ml_trading | INFO | Fold 34: train=2434, test=50, purge=12, embargo=12
2026-06-23 08:51:49 | ml_trading | INFO | Fold 35: train=2496, test=50, purge=12, embargo=12
2026-06-23 08:51:50 | ml_trading | INFO | Fold 36: train=2558, test=50, purge=12, embargo=12
2026-06-23 08:51:52 | ml_trading | INFO | Fold 37: train=2620, test=50, purge=12, embargo=12
2026-06-23 08:51:54 | ml_trading | INFO | Fold 38: train=2682, test=50, purge=12, embargo=12
2026-06-23 08:51:56 | ml_trading | INFO | Fold 39: train=2744, test=50, purge=12, embargo=12
2026-06-23 08:51:57 | ml_trading | INFO | Fold 40: train=2806, test=50, purge=12, embargo=12
2026-06-23 08:51:59 | ml_trading | INFO | Fold 41: train=2868, test=50, purge=12, embargo=12
2026-06-23 08:52:01 | ml_trading | INFO | Fold 42: train=2930, test=50, purge=12, embargo=12
2026-06-23 08:52:04 | ml_trading | INFO | Fold 43: train=2992, test=50, purge=12, embargo=12
2026-06-23 08:52:07 | ml_trading | INFO | Fold 44: train=3054, test=50, purge=12, embargo=12
2026-06-23 08:52:09 | ml_trading | INFO | Fold 45: train=3116, test=50, purge=12, embargo=12
2026-06-23 08:52:13 | ml_trading | INFO | Fold 46: train=3178, test=50, purge=12, embargo=12
2026-06-23 08:52:18 | ml_trading | INFO | Fold 47: train=3240, test=50, purge=12, embargo=12
2026-06-23 08:52:21 | ml_trading | INFO | Fold 48: train=3302, test=50, purge=12, embargo=12
2026-06-23 08:52:23 | ml_trading | INFO | Fold 49: train=3364, test=50, purge=12, embargo=12
2026-06-23 08:52:25 | ml_trading | INFO | Fold 50: train=3426, test=50, purge=12, embargo=12
2026-06-23 08:52:27 | ml_trading | INFO | Fold 51: train=3488, test=50, purge=12, embargo=12
2026-06-23 08:52:29 | ml_trading | INFO | Fold 52: train=3550, test=50, purge=12, embargo=12
2026-06-23 08:52:31 | ml_trading | INFO | Fold 53: train=3612, test=50, purge=12, embargo=12
2026-06-23 08:52:32 | ml_trading | INFO | Fold 54: train=3674, test=50, purge=12, embargo=12
2026-06-23 08:52:34 | ml_trading | INFO | Fold 55: train=3736, test=50, purge=12, embargo=12
2026-06-23 08:52:36 | ml_trading | INFO | Fold 56: train=3798, test=50, purge=12, embargo=12
2026-06-23 08:52:38 | ml_trading | INFO | Fold 57: train=3860, test=50, purge=12, embargo=12
2026-06-23 08:52:40 | ml_trading | INFO | Fold 58: train=3922, test=50, purge=12, embargo=12
2026-06-23 08:52:42 | ml_trading | INFO | Fold 59: train=3984, test=50, purge=12, embargo=12
2026-06-23 08:52:44 | ml_trading | INFO | Fold 60: train=4046, test=50, purge=12, embargo=12
2026-06-23 08:52:46 | ml_trading | INFO | Fold 61: train=4108, test=50, purge=12, embargo=12
2026-06-23 08:52:47 | ml_trading | INFO | Walk-forward validation complete: 61 folds
2026-06-23 08:52:47 | ml_trading | INFO | Avg F1 - Short: 0.528, Neutral: 0.378, Long: 0.066
2026-06-23 08:52:47 | ml_trading | INFO | Training final lightgbm model on 4224 samples
2026-06-23 08:52:47 | ml_trading | INFO | Using tuned hyperparameters for LightGBM
2026-06-23 08:52:48 | ml_trading | INFO | Model saved to /root/app/ml-project/ml-trading-dashboard/ml_service/storage/models/candidates/LTCUSDT_4h_lightgbm_20260623_085248.pkl
2026-06-23 08:52:48 | ml_trading | INFO | Saved calibration artifact: LTCUSDT_4h_lightgbm_20260623_085248_calibration.pkl (chosen=platt)
2026-06-23 08:52:48 | ml_trading | INFO | Calibration metrics (holdout=50): raw: ECE=0.353 LL=1.007 Brier=0.728 | platt: ECE=0.025 LL=0.693 Brier=0.464 | isotonic: ECE=0.107 LL=0.676 Brier=0.454  → chosen: platt

================================================================================
TRAINING COMPLETE
================================================================================
Model: lightgbm
Folds: 61

F1 Scores:
  Short:   0.528
  Neutral: 0.378
  Long:    0.066
  Weighted: 0.408

Model saved: /root/app/ml-project/ml-trading-dashboard/ml_service/storage/models/candidates/LTCUSDT_4h_lightgbm_20260623_085248.pkl
================================================================================

Finished LTCUSDT 4h

=================================================
TRAINING ZECUSDT 1h
=================================================

Training model for ZECUSDT 1h...
2026-06-23 08:52:53 | ml_trading | INFO | Database schema initialized
2026-06-23 08:52:53 | ml_trading | INFO | Database initialized at /root/app/ml-project/ml-trading-dashboard/ml_service/storage/database.db
Loaded 17758 candles
Loaded 17758 BTC candles for correlation
Loaded 2414 ES_proxy candles for correlation
2026-06-23 08:52:53 | ml_trading | INFO | [horizon] forward_periods=12 (source: /root/app/ml-project/ml-trading-dashboard/ml_service/config.yaml)
2026-06-23 08:52:53 | ml_trading | INFO | Starting training for ZECUSDT 1h
2026-06-23 08:52:53 | ml_trading | INFO |   Labeling method: triple_barrier
2026-06-23 08:52:53 | ml_trading | INFO |   Forward periods: 12
2026-06-23 08:52:53 | ml_trading | INFO |   TP multiplier: 3.0x ATR
2026-06-23 08:52:53 | ml_trading | INFO |   SL multiplier: 1.5x ATR
[!] VWAP requires an ordered DatetimeIndex.
2026-06-23 08:55:28 | ml_trading | INFO | Fetched 200 funding rate records for ZECUSDT
2026-06-23 08:55:40 | ml_trading | INFO | Clean dataset: 17542 rows after dropping NaN
2026-06-23 08:55:40 | ml_trading | INFO | Fold 1: train=388, test=50, purge=12, embargo=12
2026-06-23 08:55:42 | ml_trading | INFO | Fold 2: train=450, test=50, purge=12, embargo=12
2026-06-23 08:55:43 | ml_trading | INFO | Fold 3: train=512, test=50, purge=12, embargo=12
2026-06-23 08:55:44 | ml_trading | INFO | Fold 4: train=574, test=50, purge=12, embargo=12
2026-06-23 08:55:45 | ml_trading | INFO | Fold 5: train=636, test=50, purge=12, embargo=12
2026-06-23 08:55:46 | ml_trading | INFO | Fold 6: train=698, test=50, purge=12, embargo=12
2026-06-23 08:55:47 | ml_trading | INFO | Fold 7: train=760, test=50, purge=12, embargo=12
2026-06-23 08:55:48 | ml_trading | INFO | Fold 8: train=822, test=50, purge=12, embargo=12
2026-06-23 08:55:49 | ml_trading | INFO | Fold 9: train=884, test=50, purge=12, embargo=12
2026-06-23 08:55:50 | ml_trading | INFO | Fold 10: train=946, test=50, purge=12, embargo=12
2026-06-23 08:55:51 | ml_trading | INFO | Fold 11: train=1008, test=50, purge=12, embargo=12
2026-06-23 08:55:53 | ml_trading | INFO | Fold 12: train=1070, test=50, purge=12, embargo=12
2026-06-23 08:55:54 | ml_trading | INFO | Fold 13: train=1132, test=50, purge=12, embargo=12
2026-06-23 08:55:55 | ml_trading | INFO | Fold 14: train=1194, test=50, purge=12, embargo=12
2026-06-23 08:55:57 | ml_trading | INFO | Fold 15: train=1256, test=50, purge=12, embargo=12
2026-06-23 08:55:59 | ml_trading | INFO | Fold 16: train=1318, test=50, purge=12, embargo=12
2026-06-23 08:56:01 | ml_trading | INFO | Fold 17: train=1380, test=50, purge=12, embargo=12
2026-06-23 08:56:02 | ml_trading | INFO | Fold 18: train=1442, test=50, purge=12, embargo=12
2026-06-23 08:56:04 | ml_trading | INFO | Fold 19: train=1504, test=50, purge=12, embargo=12
2026-06-23 08:56:06 | ml_trading | INFO | Fold 20: train=1566, test=50, purge=12, embargo=12
2026-06-23 08:56:08 | ml_trading | INFO | Fold 21: train=1628, test=50, purge=12, embargo=12
2026-06-23 08:56:10 | ml_trading | INFO | Fold 22: train=1690, test=50, purge=12, embargo=12
2026-06-23 08:56:11 | ml_trading | INFO | Fold 23: train=1752, test=50, purge=12, embargo=12
2026-06-23 08:56:12 | ml_trading | INFO | Fold 24: train=1814, test=50, purge=12, embargo=12
2026-06-23 08:56:14 | ml_trading | INFO | Fold 25: train=1876, test=50, purge=12, embargo=12
2026-06-23 08:56:16 | ml_trading | INFO | Fold 26: train=1938, test=50, purge=12, embargo=12
2026-06-23 08:56:17 | ml_trading | INFO | Fold 27: train=2000, test=50, purge=12, embargo=12
2026-06-23 08:56:19 | ml_trading | INFO | Fold 28: train=2062, test=50, purge=12, embargo=12
2026-06-23 08:56:21 | ml_trading | INFO | Fold 29: train=2124, test=50, purge=12, embargo=12
2026-06-23 08:56:24 | ml_trading | INFO | Fold 30: train=2186, test=50, purge=12, embargo=12
2026-06-23 08:56:25 | ml_trading | INFO | Fold 31: train=2248, test=50, purge=12, embargo=12
2026-06-23 08:56:27 | ml_trading | INFO | Fold 32: train=2310, test=50, purge=12, embargo=12
2026-06-23 08:56:28 | ml_trading | INFO | Fold 33: train=2372, test=50, purge=12, embargo=12
2026-06-23 08:56:30 | ml_trading | INFO | Fold 34: train=2434, test=50, purge=12, embargo=12
2026-06-23 08:56:31 | ml_trading | INFO | Fold 35: train=2496, test=50, purge=12, embargo=12
2026-06-23 08:56:33 | ml_trading | INFO | Fold 36: train=2558, test=50, purge=12, embargo=12
2026-06-23 08:56:34 | ml_trading | INFO | Fold 37: train=2620, test=50, purge=12, embargo=12
2026-06-23 08:56:36 | ml_trading | INFO | Fold 38: train=2682, test=50, purge=12, embargo=12
2026-06-23 08:56:37 | ml_trading | INFO | Fold 39: train=2744, test=50, purge=12, embargo=12
2026-06-23 08:56:38 | ml_trading | INFO | Fold 40: train=2806, test=50, purge=12, embargo=12
2026-06-23 08:56:41 | ml_trading | INFO | Fold 41: train=2868, test=50, purge=12, embargo=12
2026-06-23 08:56:43 | ml_trading | INFO | Fold 42: train=2930, test=50, purge=12, embargo=12
2026-06-23 08:56:45 | ml_trading | INFO | Fold 43: train=2992, test=50, purge=12, embargo=12
2026-06-23 08:56:46 | ml_trading | INFO | Fold 44: train=3054, test=50, purge=12, embargo=12
2026-06-23 08:56:48 | ml_trading | INFO | Fold 45: train=3116, test=50, purge=12, embargo=12
2026-06-23 08:56:49 | ml_trading | INFO | Fold 46: train=3178, test=50, purge=12, embargo=12
2026-06-23 08:56:51 | ml_trading | INFO | Fold 47: train=3240, test=50, purge=12, embargo=12
2026-06-23 08:56:53 | ml_trading | INFO | Fold 48: train=3302, test=50, purge=12, embargo=12
2026-06-23 08:56:54 | ml_trading | INFO | Fold 49: train=3364, test=50, purge=12, embargo=12
2026-06-23 08:56:56 | ml_trading | INFO | Fold 50: train=3426, test=50, purge=12, embargo=12
2026-06-23 08:56:58 | ml_trading | INFO | Fold 51: train=3488, test=50, purge=12, embargo=12
2026-06-23 08:56:59 | ml_trading | INFO | Fold 52: train=3550, test=50, purge=12, embargo=12
2026-06-23 08:57:02 | ml_trading | INFO | Fold 53: train=3612, test=50, purge=12, embargo=12
2026-06-23 08:57:03 | ml_trading | INFO | Fold 54: train=3674, test=50, purge=12, embargo=12
2026-06-23 08:57:05 | ml_trading | INFO | Fold 55: train=3736, test=50, purge=12, embargo=12
2026-06-23 08:57:07 | ml_trading | INFO | Fold 56: train=3798, test=50, purge=12, embargo=12
2026-06-23 08:57:08 | ml_trading | INFO | Fold 57: train=3860, test=50, purge=12, embargo=12
2026-06-23 08:57:10 | ml_trading | INFO | Fold 58: train=3922, test=50, purge=12, embargo=12
2026-06-23 08:57:12 | ml_trading | INFO | Fold 59: train=3984, test=50, purge=12, embargo=12
2026-06-23 08:57:14 | ml_trading | INFO | Fold 60: train=4046, test=50, purge=12, embargo=12
2026-06-23 08:57:16 | ml_trading | INFO | Fold 61: train=4108, test=50, purge=12, embargo=12
2026-06-23 08:57:17 | ml_trading | INFO | Fold 62: train=4170, test=50, purge=12, embargo=12
2026-06-23 08:57:19 | ml_trading | INFO | Fold 63: train=4232, test=50, purge=12, embargo=12
2026-06-23 08:57:21 | ml_trading | INFO | Fold 64: train=4294, test=50, purge=12, embargo=12
2026-06-23 08:57:22 | ml_trading | INFO | Fold 65: train=4356, test=50, purge=12, embargo=12
2026-06-23 08:57:25 | ml_trading | INFO | Fold 66: train=4418, test=50, purge=12, embargo=12
2026-06-23 08:57:28 | ml_trading | INFO | Fold 67: train=4480, test=50, purge=12, embargo=12
2026-06-23 08:57:29 | ml_trading | INFO | Fold 68: train=4542, test=50, purge=12, embargo=12
2026-06-23 08:57:31 | ml_trading | INFO | Fold 69: train=4604, test=50, purge=12, embargo=12
2026-06-23 08:57:33 | ml_trading | INFO | Fold 70: train=4666, test=50, purge=12, embargo=12
2026-06-23 08:57:35 | ml_trading | INFO | Fold 71: train=4728, test=50, purge=12, embargo=12
2026-06-23 08:57:36 | ml_trading | INFO | Fold 72: train=4790, test=50, purge=12, embargo=12
2026-06-23 08:57:38 | ml_trading | INFO | Fold 73: train=4852, test=50, purge=12, embargo=12
2026-06-23 08:57:40 | ml_trading | INFO | Fold 74: train=4914, test=50, purge=12, embargo=12
2026-06-23 08:57:42 | ml_trading | INFO | Fold 75: train=4976, test=50, purge=12, embargo=12
2026-06-23 08:57:48 | ml_trading | INFO | Fold 76: train=5038, test=50, purge=12, embargo=12
2026-06-23 08:57:50 | ml_trading | INFO | Fold 77: train=5100, test=50, purge=12, embargo=12
2026-06-23 08:57:52 | ml_trading | INFO | Fold 78: train=5162, test=50, purge=12, embargo=12
2026-06-23 08:57:54 | ml_trading | INFO | Fold 79: train=5224, test=50, purge=12, embargo=12
2026-06-23 08:57:56 | ml_trading | INFO | Fold 80: train=5286, test=50, purge=12, embargo=12
2026-06-23 08:57:57 | ml_trading | INFO | Fold 81: train=5348, test=50, purge=12, embargo=12
2026-06-23 08:58:00 | ml_trading | INFO | Fold 82: train=5410, test=50, purge=12, embargo=12
2026-06-23 08:58:02 | ml_trading | INFO | Fold 83: train=5472, test=50, purge=12, embargo=12
2026-06-23 08:58:05 | ml_trading | INFO | Fold 84: train=5534, test=50, purge=12, embargo=12
2026-06-23 08:58:07 | ml_trading | INFO | Fold 85: train=5596, test=50, purge=12, embargo=12
2026-06-23 08:58:09 | ml_trading | INFO | Fold 86: train=5658, test=50, purge=12, embargo=12
2026-06-23 08:58:11 | ml_trading | INFO | Fold 87: train=5720, test=50, purge=12, embargo=12
2026-06-23 08:58:13 | ml_trading | INFO | Fold 88: train=5782, test=50, purge=12, embargo=12
2026-06-23 08:58:15 | ml_trading | INFO | Fold 89: train=5844, test=50, purge=12, embargo=12
2026-06-23 08:58:16 | ml_trading | INFO | Fold 90: train=5906, test=50, purge=12, embargo=12
2026-06-23 08:58:18 | ml_trading | INFO | Fold 91: train=5968, test=50, purge=12, embargo=12
2026-06-23 08:58:20 | ml_trading | INFO | Fold 92: train=6030, test=50, purge=12, embargo=12
2026-06-23 08:58:22 | ml_trading | INFO | Fold 93: train=6092, test=50, purge=12, embargo=12
2026-06-23 08:58:24 | ml_trading | INFO | Fold 94: train=6154, test=50, purge=12, embargo=12
2026-06-23 08:58:27 | ml_trading | INFO | Fold 95: train=6216, test=50, purge=12, embargo=12
2026-06-23 08:58:28 | ml_trading | INFO | Fold 96: train=6278, test=50, purge=12, embargo=12
2026-06-23 08:58:30 | ml_trading | INFO | Fold 97: train=6340, test=50, purge=12, embargo=12
2026-06-23 08:58:32 | ml_trading | INFO | Fold 98: train=6402, test=50, purge=12, embargo=12
2026-06-23 08:58:34 | ml_trading | INFO | Fold 99: train=6464, test=50, purge=12, embargo=12
2026-06-23 08:58:35 | ml_trading | INFO | Fold 100: train=6526, test=50, purge=12, embargo=12
2026-06-23 08:58:37 | ml_trading | INFO | Fold 101: train=6588, test=50, purge=12, embargo=12
2026-06-23 08:58:38 | ml_trading | INFO | Fold 102: train=6650, test=50, purge=12, embargo=12
2026-06-23 08:58:40 | ml_trading | INFO | Fold 103: train=6712, test=50, purge=12, embargo=12
2026-06-23 08:58:42 | ml_trading | INFO | Fold 104: train=6774, test=50, purge=12, embargo=12
2026-06-23 08:58:45 | ml_trading | INFO | Fold 105: train=6836, test=50, purge=12, embargo=12
2026-06-23 08:58:46 | ml_trading | INFO | Fold 106: train=6898, test=50, purge=12, embargo=12
2026-06-23 08:58:48 | ml_trading | INFO | Fold 107: train=6960, test=50, purge=12, embargo=12
2026-06-23 08:58:50 | ml_trading | INFO | Fold 108: train=7022, test=50, purge=12, embargo=12
2026-06-23 08:58:52 | ml_trading | INFO | Fold 109: train=7084, test=50, purge=12, embargo=12
2026-06-23 08:58:54 | ml_trading | INFO | Fold 110: train=7146, test=50, purge=12, embargo=12
2026-06-23 08:58:56 | ml_trading | INFO | Fold 111: train=7208, test=50, purge=12, embargo=12
2026-06-23 08:58:58 | ml_trading | INFO | Fold 112: train=7270, test=50, purge=12, embargo=12
2026-06-23 08:59:00 | ml_trading | INFO | Fold 113: train=7332, test=50, purge=12, embargo=12
2026-06-23 08:59:02 | ml_trading | INFO | Fold 114: train=7394, test=50, purge=12, embargo=12
2026-06-23 08:59:04 | ml_trading | INFO | Fold 115: train=7456, test=50, purge=12, embargo=12
2026-06-23 08:59:07 | ml_trading | INFO | Fold 116: train=7518, test=50, purge=12, embargo=12
2026-06-23 08:59:09 | ml_trading | INFO | Fold 117: train=7580, test=50, purge=12, embargo=12
2026-06-23 08:59:11 | ml_trading | INFO | Fold 118: train=7642, test=50, purge=12, embargo=12
2026-06-23 08:59:12 | ml_trading | INFO | Fold 119: train=7704, test=50, purge=12, embargo=12
2026-06-23 08:59:15 | ml_trading | INFO | Fold 120: train=7766, test=50, purge=12, embargo=12
2026-06-23 08:59:16 | ml_trading | INFO | Fold 121: train=7828, test=50, purge=12, embargo=12
2026-06-23 08:59:18 | ml_trading | INFO | Fold 122: train=7890, test=50, purge=12, embargo=12
2026-06-23 08:59:20 | ml_trading | INFO | Fold 123: train=7952, test=50, purge=12, embargo=12
2026-06-23 08:59:22 | ml_trading | INFO | Fold 124: train=8014, test=50, purge=12, embargo=12
2026-06-23 08:59:24 | ml_trading | INFO | Fold 125: train=8076, test=50, purge=12, embargo=12
2026-06-23 08:59:25 | ml_trading | INFO | Fold 126: train=8138, test=50, purge=12, embargo=12
2026-06-23 08:59:29 | ml_trading | INFO | Fold 127: train=8200, test=50, purge=12, embargo=12
2026-06-23 08:59:30 | ml_trading | INFO | Fold 128: train=8262, test=50, purge=12, embargo=12
2026-06-23 08:59:32 | ml_trading | INFO | Fold 129: train=8324, test=50, purge=12, embargo=12
2026-06-23 08:59:34 | ml_trading | INFO | Fold 130: train=8386, test=50, purge=12, embargo=12
2026-06-23 08:59:36 | ml_trading | INFO | Fold 131: train=8448, test=50, purge=12, embargo=12
2026-06-23 08:59:38 | ml_trading | INFO | Fold 132: train=8510, test=50, purge=12, embargo=12
2026-06-23 08:59:40 | ml_trading | INFO | Fold 133: train=8572, test=50, purge=12, embargo=12
2026-06-23 08:59:42 | ml_trading | INFO | Fold 134: train=8634, test=50, purge=12, embargo=12
2026-06-23 08:59:45 | ml_trading | INFO | Fold 135: train=8696, test=50, purge=12, embargo=12
2026-06-23 08:59:46 | ml_trading | INFO | Fold 136: train=8758, test=50, purge=12, embargo=12
2026-06-23 08:59:48 | ml_trading | INFO | Fold 137: train=8820, test=50, purge=12, embargo=12
2026-06-23 08:59:50 | ml_trading | INFO | Fold 138: train=8882, test=50, purge=12, embargo=12
2026-06-23 08:59:53 | ml_trading | INFO | Fold 139: train=8944, test=50, purge=12, embargo=12
2026-06-23 08:59:55 | ml_trading | INFO | Fold 140: train=9006, test=50, purge=12, embargo=12
2026-06-23 08:59:57 | ml_trading | INFO | Fold 141: train=9068, test=50, purge=12, embargo=12
2026-06-23 08:59:59 | ml_trading | INFO | Fold 142: train=9130, test=50, purge=12, embargo=12
2026-06-23 09:00:06 | ml_trading | INFO | Fold 143: train=9192, test=50, purge=12, embargo=12
2026-06-23 09:00:08 | ml_trading | INFO | Fold 144: train=9254, test=50, purge=12, embargo=12
2026-06-23 09:00:12 | ml_trading | INFO | Fold 145: train=9316, test=50, purge=12, embargo=12
2026-06-23 09:00:16 | ml_trading | INFO | Fold 146: train=9378, test=50, purge=12, embargo=12
2026-06-23 09:00:20 | ml_trading | INFO | Fold 147: train=9440, test=50, purge=12, embargo=12
2026-06-23 09:00:24 | ml_trading | INFO | Fold 148: train=9502, test=50, purge=12, embargo=12
2026-06-23 09:00:27 | ml_trading | INFO | Fold 149: train=9564, test=50, purge=12, embargo=12
2026-06-23 09:00:32 | ml_trading | INFO | Fold 150: train=9626, test=50, purge=12, embargo=12
2026-06-23 09:00:34 | ml_trading | INFO | Fold 151: train=9688, test=50, purge=12, embargo=12
2026-06-23 09:00:38 | ml_trading | INFO | Fold 152: train=9750, test=50, purge=12, embargo=12
2026-06-23 09:00:41 | ml_trading | INFO | Fold 153: train=9812, test=50, purge=12, embargo=12
2026-06-23 09:00:45 | ml_trading | INFO | Fold 154: train=9874, test=50, purge=12, embargo=12
2026-06-23 09:00:49 | ml_trading | INFO | Fold 155: train=9936, test=50, purge=12, embargo=12
2026-06-23 09:00:52 | ml_trading | INFO | Fold 156: train=9998, test=50, purge=12, embargo=12
2026-06-23 09:00:55 | ml_trading | INFO | Fold 157: train=10060, test=50, purge=12, embargo=12
2026-06-23 09:01:00 | ml_trading | INFO | Fold 158: train=10122, test=50, purge=12, embargo=12
2026-06-23 09:01:06 | ml_trading | INFO | Fold 159: train=10184, test=50, purge=12, embargo=12
2026-06-23 09:01:11 | ml_trading | INFO | Fold 160: train=10246, test=50, purge=12, embargo=12
2026-06-23 09:01:15 | ml_trading | INFO | Fold 161: train=10308, test=50, purge=12, embargo=12
2026-06-23 09:01:24 | ml_trading | INFO | Fold 162: train=10370, test=50, purge=12, embargo=12
2026-06-23 09:01:29 | ml_trading | INFO | Fold 163: train=10432, test=50, purge=12, embargo=12
2026-06-23 09:01:34 | ml_trading | INFO | Fold 164: train=10494, test=50, purge=12, embargo=12
2026-06-23 09:01:38 | ml_trading | INFO | Fold 165: train=10556, test=50, purge=12, embargo=12
2026-06-23 09:01:40 | ml_trading | INFO | Fold 166: train=10618, test=50, purge=12, embargo=12
2026-06-23 09:01:42 | ml_trading | INFO | Fold 167: train=10680, test=50, purge=12, embargo=12
2026-06-23 09:01:45 | ml_trading | INFO | Fold 168: train=10742, test=50, purge=12, embargo=12
2026-06-23 09:01:48 | ml_trading | INFO | Fold 169: train=10804, test=50, purge=12, embargo=12
2026-06-23 09:01:52 | ml_trading | INFO | Fold 170: train=10866, test=50, purge=12, embargo=12
2026-06-23 09:01:55 | ml_trading | INFO | Fold 171: train=10928, test=50, purge=12, embargo=12
2026-06-23 09:01:58 | ml_trading | INFO | Fold 172: train=10990, test=50, purge=12, embargo=12
2026-06-23 09:02:06 | ml_trading | INFO | Fold 173: train=11052, test=50, purge=12, embargo=12
2026-06-23 09:02:08 | ml_trading | INFO | Fold 174: train=11114, test=50, purge=12, embargo=12
2026-06-23 09:02:10 | ml_trading | INFO | Fold 175: train=11176, test=50, purge=12, embargo=12
2026-06-23 09:02:13 | ml_trading | INFO | Fold 176: train=11238, test=50, purge=12, embargo=12
2026-06-23 09:02:15 | ml_trading | INFO | Fold 177: train=11300, test=50, purge=12, embargo=12
2026-06-23 09:02:17 | ml_trading | INFO | Fold 178: train=11362, test=50, purge=12, embargo=12
2026-06-23 09:02:19 | ml_trading | INFO | Fold 179: train=11424, test=50, purge=12, embargo=12
2026-06-23 09:02:21 | ml_trading | INFO | Fold 180: train=11486, test=50, purge=12, embargo=12
2026-06-23 09:02:24 | ml_trading | INFO | Fold 181: train=11548, test=50, purge=12, embargo=12
2026-06-23 09:02:27 | ml_trading | INFO | Fold 182: train=11610, test=50, purge=12, embargo=12
2026-06-23 09:02:29 | ml_trading | INFO | Fold 183: train=11672, test=50, purge=12, embargo=12
2026-06-23 09:02:32 | ml_trading | INFO | Fold 184: train=11734, test=50, purge=12, embargo=12
2026-06-23 09:02:35 | ml_trading | INFO | Fold 185: train=11796, test=50, purge=12, embargo=12
2026-06-23 09:02:37 | ml_trading | INFO | Fold 186: train=11858, test=50, purge=12, embargo=12
2026-06-23 09:02:40 | ml_trading | INFO | Fold 187: train=11920, test=50, purge=12, embargo=12
2026-06-23 09:02:42 | ml_trading | INFO | Fold 188: train=11982, test=50, purge=12, embargo=12
2026-06-23 09:02:44 | ml_trading | INFO | Fold 189: train=12044, test=50, purge=12, embargo=12
2026-06-23 09:02:47 | ml_trading | INFO | Fold 190: train=12106, test=50, purge=12, embargo=12
2026-06-23 09:02:49 | ml_trading | INFO | Fold 191: train=12168, test=50, purge=12, embargo=12
2026-06-23 09:02:52 | ml_trading | INFO | Fold 192: train=12230, test=50, purge=12, embargo=12
2026-06-23 09:02:54 | ml_trading | INFO | Fold 193: train=12292, test=50, purge=12, embargo=12
2026-06-23 09:02:56 | ml_trading | INFO | Fold 194: train=12354, test=50, purge=12, embargo=12
2026-06-23 09:02:58 | ml_trading | INFO | Fold 195: train=12416, test=50, purge=12, embargo=12
2026-06-23 09:03:00 | ml_trading | INFO | Fold 196: train=12478, test=50, purge=12, embargo=12
2026-06-23 09:03:03 | ml_trading | INFO | Fold 197: train=12540, test=50, purge=12, embargo=12
2026-06-23 09:03:05 | ml_trading | INFO | Fold 198: train=12602, test=50, purge=12, embargo=12
2026-06-23 09:03:08 | ml_trading | INFO | Fold 199: train=12664, test=50, purge=12, embargo=12
2026-06-23 09:03:12 | ml_trading | INFO | Fold 200: train=12726, test=50, purge=12, embargo=12
2026-06-23 09:03:14 | ml_trading | INFO | Fold 201: train=12788, test=50, purge=12, embargo=12
2026-06-23 09:03:21 | ml_trading | INFO | Fold 202: train=12850, test=50, purge=12, embargo=12
2026-06-23 09:03:24 | ml_trading | INFO | Fold 203: train=12912, test=50, purge=12, embargo=12
2026-06-23 09:03:26 | ml_trading | INFO | Fold 204: train=12974, test=50, purge=12, embargo=12
2026-06-23 09:03:28 | ml_trading | INFO | Fold 205: train=13036, test=50, purge=12, embargo=12
2026-06-23 09:03:31 | ml_trading | INFO | Fold 206: train=13098, test=50, purge=12, embargo=12
2026-06-23 09:03:33 | ml_trading | INFO | Fold 207: train=13160, test=50, purge=12, embargo=12
2026-06-23 09:03:36 | ml_trading | INFO | Fold 208: train=13222, test=50, purge=12, embargo=12
2026-06-23 09:03:38 | ml_trading | INFO | Fold 209: train=13284, test=50, purge=12, embargo=12
2026-06-23 09:03:40 | ml_trading | INFO | Fold 210: train=13346, test=50, purge=12, embargo=12
2026-06-23 09:03:43 | ml_trading | INFO | Fold 211: train=13408, test=50, purge=12, embargo=12
2026-06-23 09:03:45 | ml_trading | INFO | Fold 212: train=13470, test=50, purge=12, embargo=12
2026-06-23 09:03:48 | ml_trading | INFO | Fold 213: train=13532, test=50, purge=12, embargo=12
2026-06-23 09:03:51 | ml_trading | INFO | Fold 214: train=13594, test=50, purge=12, embargo=12
2026-06-23 09:03:53 | ml_trading | INFO | Fold 215: train=13656, test=50, purge=12, embargo=12
2026-06-23 09:03:55 | ml_trading | INFO | Fold 216: train=13718, test=50, purge=12, embargo=12
2026-06-23 09:03:57 | ml_trading | INFO | Fold 217: train=13780, test=50, purge=12, embargo=12
2026-06-23 09:03:59 | ml_trading | INFO | Fold 218: train=13842, test=50, purge=12, embargo=12
2026-06-23 09:04:02 | ml_trading | INFO | Fold 219: train=13904, test=50, purge=12, embargo=12
2026-06-23 09:04:05 | ml_trading | INFO | Fold 220: train=13966, test=50, purge=12, embargo=12
2026-06-23 09:04:07 | ml_trading | INFO | Fold 221: train=14028, test=50, purge=12, embargo=12
2026-06-23 09:04:10 | ml_trading | INFO | Fold 222: train=14090, test=50, purge=12, embargo=12
2026-06-23 09:04:12 | ml_trading | INFO | Fold 223: train=14152, test=50, purge=12, embargo=12
2026-06-23 09:04:15 | ml_trading | INFO | Fold 224: train=14214, test=50, purge=12, embargo=12
2026-06-23 09:04:17 | ml_trading | INFO | Fold 225: train=14276, test=50, purge=12, embargo=12
2026-06-23 09:04:19 | ml_trading | INFO | Fold 226: train=14338, test=50, purge=12, embargo=12
2026-06-23 09:04:22 | ml_trading | INFO | Fold 227: train=14400, test=50, purge=12, embargo=12
2026-06-23 09:04:24 | ml_trading | INFO | Fold 228: train=14462, test=50, purge=12, embargo=12
2026-06-23 09:04:26 | ml_trading | INFO | Fold 229: train=14524, test=50, purge=12, embargo=12
2026-06-23 09:04:29 | ml_trading | INFO | Fold 230: train=14586, test=50, purge=12, embargo=12
2026-06-23 09:04:31 | ml_trading | INFO | Fold 231: train=14648, test=50, purge=12, embargo=12
2026-06-23 09:04:33 | ml_trading | INFO | Fold 232: train=14710, test=50, purge=12, embargo=12
2026-06-23 09:04:36 | ml_trading | INFO | Fold 233: train=14772, test=50, purge=12, embargo=12
2026-06-23 09:04:39 | ml_trading | INFO | Fold 234: train=14834, test=50, purge=12, embargo=12
2026-06-23 09:04:41 | ml_trading | INFO | Fold 235: train=14896, test=50, purge=12, embargo=12
2026-06-23 09:04:43 | ml_trading | INFO | Fold 236: train=14958, test=50, purge=12, embargo=12
2026-06-23 09:04:45 | ml_trading | INFO | Fold 237: train=15020, test=50, purge=12, embargo=12
2026-06-23 09:04:48 | ml_trading | INFO | Fold 238: train=15082, test=50, purge=12, embargo=12
2026-06-23 09:04:50 | ml_trading | INFO | Fold 239: train=15144, test=50, purge=12, embargo=12
2026-06-23 09:04:53 | ml_trading | INFO | Fold 240: train=15206, test=50, purge=12, embargo=12
2026-06-23 09:04:56 | ml_trading | INFO | Fold 241: train=15268, test=50, purge=12, embargo=12
2026-06-23 09:04:58 | ml_trading | INFO | Fold 242: train=15330, test=50, purge=12, embargo=12
2026-06-23 09:05:01 | ml_trading | INFO | Fold 243: train=15392, test=50, purge=12, embargo=12
2026-06-23 09:05:05 | ml_trading | INFO | Fold 244: train=15454, test=50, purge=12, embargo=12
2026-06-23 09:05:08 | ml_trading | INFO | Fold 245: train=15516, test=50, purge=12, embargo=12
2026-06-23 09:05:11 | ml_trading | INFO | Fold 246: train=15578, test=50, purge=12, embargo=12
2026-06-23 09:05:14 | ml_trading | INFO | Fold 247: train=15640, test=50, purge=12, embargo=12
2026-06-23 09:05:17 | ml_trading | INFO | Fold 248: train=15702, test=50, purge=12, embargo=12
2026-06-23 09:05:19 | ml_trading | INFO | Fold 249: train=15764, test=50, purge=12, embargo=12
2026-06-23 09:05:22 | ml_trading | INFO | Fold 250: train=15826, test=50, purge=12, embargo=12
2026-06-23 09:05:24 | ml_trading | INFO | Fold 251: train=15888, test=50, purge=12, embargo=12
2026-06-23 09:05:26 | ml_trading | INFO | Fold 252: train=15950, test=50, purge=12, embargo=12
2026-06-23 09:05:29 | ml_trading | INFO | Fold 253: train=16012, test=50, purge=12, embargo=12
2026-06-23 09:05:31 | ml_trading | INFO | Fold 254: train=16074, test=50, purge=12, embargo=12
2026-06-23 09:05:33 | ml_trading | INFO | Fold 255: train=16136, test=50, purge=12, embargo=12
2026-06-23 09:05:36 | ml_trading | INFO | Fold 256: train=16198, test=50, purge=12, embargo=12
2026-06-23 09:05:39 | ml_trading | INFO | Fold 257: train=16260, test=50, purge=12, embargo=12
2026-06-23 09:05:42 | ml_trading | INFO | Fold 258: train=16322, test=50, purge=12, embargo=12
2026-06-23 09:05:44 | ml_trading | INFO | Fold 259: train=16384, test=50, purge=12, embargo=12
2026-06-23 09:05:47 | ml_trading | INFO | Fold 260: train=16446, test=50, purge=12, embargo=12
2026-06-23 09:05:49 | ml_trading | INFO | Fold 261: train=16508, test=50, purge=12, embargo=12
2026-06-23 09:05:52 | ml_trading | INFO | Fold 262: train=16570, test=50, purge=12, embargo=12
2026-06-23 09:05:54 | ml_trading | INFO | Fold 263: train=16632, test=50, purge=12, embargo=12
2026-06-23 09:05:57 | ml_trading | INFO | Fold 264: train=16694, test=50, purge=12, embargo=12
2026-06-23 09:05:59 | ml_trading | INFO | Fold 265: train=16756, test=50, purge=12, embargo=12
2026-06-23 09:06:02 | ml_trading | INFO | Fold 266: train=16818, test=50, purge=12, embargo=12
2026-06-23 09:06:05 | ml_trading | INFO | Fold 267: train=16880, test=50, purge=12, embargo=12
2026-06-23 09:06:08 | ml_trading | INFO | Fold 268: train=16942, test=50, purge=12, embargo=12
2026-06-23 09:06:10 | ml_trading | INFO | Fold 269: train=17004, test=50, purge=12, embargo=12
2026-06-23 09:06:13 | ml_trading | INFO | Fold 270: train=17066, test=50, purge=12, embargo=12
2026-06-23 09:06:16 | ml_trading | INFO | Fold 271: train=17128, test=50, purge=12, embargo=12
2026-06-23 09:06:19 | ml_trading | INFO | Fold 272: train=17190, test=50, purge=12, embargo=12
2026-06-23 09:06:22 | ml_trading | INFO | Fold 273: train=17252, test=50, purge=12, embargo=12
2026-06-23 09:06:25 | ml_trading | INFO | Fold 274: train=17314, test=50, purge=12, embargo=12
2026-06-23 09:06:27 | ml_trading | INFO | Fold 275: train=17376, test=50, purge=12, embargo=12
2026-06-23 09:06:30 | ml_trading | INFO | Fold 276: train=17438, test=50, purge=12, embargo=12
2026-06-23 09:06:33 | ml_trading | INFO | Walk-forward validation complete: 276 folds
2026-06-23 09:06:33 | ml_trading | INFO | Avg F1 - Short: 0.556, Neutral: 0.335, Long: 0.082
2026-06-23 09:06:33 | ml_trading | INFO | Training final lightgbm model on 17542 samples
2026-06-23 09:06:33 | ml_trading | INFO | Model saved to /root/app/ml-project/ml-trading-dashboard/ml_service/storage/models/candidates/ZECUSDT_1h_lightgbm_20260623_090633.pkl
2026-06-23 09:06:34 | ml_trading | INFO | Saved calibration artifact: ZECUSDT_1h_lightgbm_20260623_090633_calibration.pkl (chosen=platt)
2026-06-23 09:06:34 | ml_trading | INFO | Calibration metrics (holdout=50): raw: ECE=0.383 LL=1.422 Brier=0.878 | platt: ECE=0.022 LL=0.934 Brier=0.554 | isotonic: ECE=0.085 LL=0.896 Brier=0.530  → chosen: platt

================================================================================
TRAINING COMPLETE
================================================================================
Model: lightgbm
Folds: 276

F1 Scores:
  Short:   0.556
  Neutral: 0.335
  Long:    0.082
  Weighted: 0.424

Model saved: /root/app/ml-project/ml-trading-dashboard/ml_service/storage/models/candidates/ZECUSDT_1h_lightgbm_20260623_090633.pkl
================================================================================

Finished ZECUSDT 1h

=================================================
TRAINING ZECUSDT 4h
=================================================

Training model for ZECUSDT 4h...
2026-06-23 09:06:38 | ml_trading | INFO | Database schema initialized
2026-06-23 09:06:38 | ml_trading | INFO | Database initialized at /root/app/ml-project/ml-trading-dashboard/ml_service/storage/database.db
Loaded 4440 candles
Loaded 4440 BTC candles for correlation
Loaded 691 ES_proxy candles for correlation
2026-06-23 09:06:38 | ml_trading | INFO | [horizon] forward_periods=12 (source: /root/app/ml-project/ml-trading-dashboard/ml_service/config.yaml)
2026-06-23 09:06:38 | ml_trading | INFO | Starting training for ZECUSDT 4h
2026-06-23 09:06:38 | ml_trading | INFO |   Labeling method: triple_barrier
2026-06-23 09:06:38 | ml_trading | INFO |   Forward periods: 12
2026-06-23 09:06:38 | ml_trading | INFO |   TP multiplier: 3.0x ATR
2026-06-23 09:06:38 | ml_trading | INFO |   SL multiplier: 1.5x ATR
2026-06-23 09:06:38 | ml_trading | INFO | Found tuned hyperparameters for ZECUSDT 4h
2026-06-23 09:06:38 | ml_trading | INFO | Model type: lightgbm, F1: 0.4643
[!] VWAP requires an ordered DatetimeIndex.
2026-06-23 09:07:12 | ml_trading | INFO | Fetched 200 funding rate records for ZECUSDT
2026-06-23 09:07:15 | ml_trading | INFO | Clean dataset: 4224 rows after dropping NaN
2026-06-23 09:07:15 | ml_trading | INFO | Fold 1: train=388, test=50, purge=12, embargo=12
2026-06-23 09:07:16 | ml_trading | INFO | Fold 2: train=450, test=50, purge=12, embargo=12
2026-06-23 09:07:17 | ml_trading | INFO | Fold 3: train=512, test=50, purge=12, embargo=12
2026-06-23 09:07:18 | ml_trading | INFO | Fold 4: train=574, test=50, purge=12, embargo=12
2026-06-23 09:07:19 | ml_trading | INFO | Fold 5: train=636, test=50, purge=12, embargo=12
2026-06-23 09:07:20 | ml_trading | INFO | Fold 6: train=698, test=50, purge=12, embargo=12
2026-06-23 09:07:22 | ml_trading | INFO | Fold 7: train=760, test=50, purge=12, embargo=12
2026-06-23 09:07:23 | ml_trading | INFO | Fold 8: train=822, test=50, purge=12, embargo=12
2026-06-23 09:07:24 | ml_trading | INFO | Fold 9: train=884, test=50, purge=12, embargo=12
2026-06-23 09:07:25 | ml_trading | INFO | Fold 10: train=946, test=50, purge=12, embargo=12
2026-06-23 09:07:27 | ml_trading | INFO | Fold 11: train=1008, test=50, purge=12, embargo=12
2026-06-23 09:07:28 | ml_trading | INFO | Fold 12: train=1070, test=50, purge=12, embargo=12
2026-06-23 09:07:30 | ml_trading | INFO | Fold 13: train=1132, test=50, purge=12, embargo=12
2026-06-23 09:07:31 | ml_trading | INFO | Fold 14: train=1194, test=50, purge=12, embargo=12
2026-06-23 09:07:32 | ml_trading | INFO | Fold 15: train=1256, test=50, purge=12, embargo=12
2026-06-23 09:07:34 | ml_trading | INFO | Fold 16: train=1318, test=50, purge=12, embargo=12
2026-06-23 09:07:35 | ml_trading | INFO | Fold 17: train=1380, test=50, purge=12, embargo=12
2026-06-23 09:07:36 | ml_trading | INFO | Fold 18: train=1442, test=50, purge=12, embargo=12
2026-06-23 09:07:38 | ml_trading | INFO | Fold 19: train=1504, test=50, purge=12, embargo=12
2026-06-23 09:07:41 | ml_trading | INFO | Fold 20: train=1566, test=50, purge=12, embargo=12
2026-06-23 09:07:42 | ml_trading | INFO | Fold 21: train=1628, test=50, purge=12, embargo=12
2026-06-23 09:07:44 | ml_trading | INFO | Fold 22: train=1690, test=50, purge=12, embargo=12
2026-06-23 09:07:45 | ml_trading | INFO | Fold 23: train=1752, test=50, purge=12, embargo=12
2026-06-23 09:07:47 | ml_trading | INFO | Fold 24: train=1814, test=50, purge=12, embargo=12
2026-06-23 09:07:49 | ml_trading | INFO | Fold 25: train=1876, test=50, purge=12, embargo=12
2026-06-23 09:07:50 | ml_trading | INFO | Fold 26: train=1938, test=50, purge=12, embargo=12
2026-06-23 09:07:52 | ml_trading | INFO | Fold 27: train=2000, test=50, purge=12, embargo=12
2026-06-23 09:07:54 | ml_trading | INFO | Fold 28: train=2062, test=50, purge=12, embargo=12
2026-06-23 09:07:56 | ml_trading | INFO | Fold 29: train=2124, test=50, purge=12, embargo=12
2026-06-23 09:07:57 | ml_trading | INFO | Fold 30: train=2186, test=50, purge=12, embargo=12
2026-06-23 09:07:59 | ml_trading | INFO | Fold 31: train=2248, test=50, purge=12, embargo=12
2026-06-23 09:08:01 | ml_trading | INFO | Fold 32: train=2310, test=50, purge=12, embargo=12
2026-06-23 09:08:02 | ml_trading | INFO | Fold 33: train=2372, test=50, purge=12, embargo=12
2026-06-23 09:08:04 | ml_trading | INFO | Fold 34: train=2434, test=50, purge=12, embargo=12
2026-06-23 09:08:06 | ml_trading | INFO | Fold 35: train=2496, test=50, purge=12, embargo=12
2026-06-23 09:08:08 | ml_trading | INFO | Fold 36: train=2558, test=50, purge=12, embargo=12
2026-06-23 09:08:09 | ml_trading | INFO | Fold 37: train=2620, test=50, purge=12, embargo=12
2026-06-23 09:08:11 | ml_trading | INFO | Fold 38: train=2682, test=50, purge=12, embargo=12
2026-06-23 09:08:13 | ml_trading | INFO | Fold 39: train=2744, test=50, purge=12, embargo=12
2026-06-23 09:08:15 | ml_trading | INFO | Fold 40: train=2806, test=50, purge=12, embargo=12
2026-06-23 09:08:17 | ml_trading | INFO | Fold 41: train=2868, test=50, purge=12, embargo=12
2026-06-23 09:08:18 | ml_trading | INFO | Fold 42: train=2930, test=50, purge=12, embargo=12
2026-06-23 09:08:20 | ml_trading | INFO | Fold 43: train=2992, test=50, purge=12, embargo=12
2026-06-23 09:08:22 | ml_trading | INFO | Fold 44: train=3054, test=50, purge=12, embargo=12
2026-06-23 09:08:23 | ml_trading | INFO | Fold 45: train=3116, test=50, purge=12, embargo=12
2026-06-23 09:08:26 | ml_trading | INFO | Fold 46: train=3178, test=50, purge=12, embargo=12
2026-06-23 09:08:28 | ml_trading | INFO | Fold 47: train=3240, test=50, purge=12, embargo=12
2026-06-23 09:08:30 | ml_trading | INFO | Fold 48: train=3302, test=50, purge=12, embargo=12
2026-06-23 09:08:32 | ml_trading | INFO | Fold 49: train=3364, test=50, purge=12, embargo=12
2026-06-23 09:08:33 | ml_trading | INFO | Fold 50: train=3426, test=50, purge=12, embargo=12
2026-06-23 09:08:36 | ml_trading | INFO | Fold 51: train=3488, test=50, purge=12, embargo=12
2026-06-23 09:08:37 | ml_trading | INFO | Fold 52: train=3550, test=50, purge=12, embargo=12
2026-06-23 09:08:39 | ml_trading | INFO | Fold 53: train=3612, test=50, purge=12, embargo=12
2026-06-23 09:08:42 | ml_trading | INFO | Fold 54: train=3674, test=50, purge=12, embargo=12
2026-06-23 09:08:44 | ml_trading | INFO | Fold 55: train=3736, test=50, purge=12, embargo=12
2026-06-23 09:08:46 | ml_trading | INFO | Fold 56: train=3798, test=50, purge=12, embargo=12
2026-06-23 09:08:48 | ml_trading | INFO | Fold 57: train=3860, test=50, purge=12, embargo=12
2026-06-23 09:08:55 | ml_trading | INFO | Fold 58: train=3922, test=50, purge=12, embargo=12
2026-06-23 09:08:57 | ml_trading | INFO | Fold 59: train=3984, test=50, purge=12, embargo=12
2026-06-23 09:08:59 | ml_trading | INFO | Fold 60: train=4046, test=50, purge=12, embargo=12
2026-06-23 09:09:03 | ml_trading | INFO | Fold 61: train=4108, test=50, purge=12, embargo=12
2026-06-23 09:09:06 | ml_trading | INFO | Walk-forward validation complete: 61 folds
2026-06-23 09:09:06 | ml_trading | INFO | Avg F1 - Short: 0.515, Neutral: 0.312, Long: 0.135
2026-06-23 09:09:06 | ml_trading | INFO | Training final xgboost model on 4224 samples
2026-06-23 09:09:08 | ml_trading | INFO | Model saved to /root/app/ml-project/ml-trading-dashboard/ml_service/storage/models/candidates/ZECUSDT_4h_xgboost_20260623_090908.pkl
2026-06-23 09:09:08 | ml_trading | INFO | Saved calibration artifact: ZECUSDT_4h_xgboost_20260623_090908_calibration.pkl (chosen=isotonic)
2026-06-23 09:09:08 | ml_trading | INFO | Calibration metrics (holdout=50): raw: ECE=0.237 LL=1.178 Brier=0.702 | platt: ECE=0.154 LL=0.663 Brier=0.385 | isotonic: ECE=0.145 LL=0.574 Brier=0.317  → chosen: isotonic

================================================================================
TRAINING COMPLETE
================================================================================
Model: xgboost
Folds: 61

F1 Scores:
  Short:   0.515
  Neutral: 0.312
  Long:    0.135
  Weighted: 0.400

Model saved: /root/app/ml-project/ml-trading-dashboard/ml_service/storage/models/candidates/ZECUSDT_4h_xgboost_20260623_090908.pkl
================================================================================

Finished ZECUSDT 4h

=================================================
TRAINING SUIUSDT 1h
=================================================

Training model for SUIUSDT 1h...
2026-06-23 09:09:12 | ml_trading | INFO | Database schema initialized
2026-06-23 09:09:12 | ml_trading | INFO | Database initialized at /root/app/ml-project/ml-trading-dashboard/ml_service/storage/database.db
Loaded 17758 candles
Loaded 17758 BTC candles for correlation
Loaded 2414 ES_proxy candles for correlation
2026-06-23 09:09:13 | ml_trading | INFO | [horizon] forward_periods=12 (source: /root/app/ml-project/ml-trading-dashboard/ml_service/config.yaml)
2026-06-23 09:09:13 | ml_trading | INFO | Starting training for SUIUSDT 1h
2026-06-23 09:09:13 | ml_trading | INFO |   Labeling method: triple_barrier
2026-06-23 09:09:13 | ml_trading | INFO |   Forward periods: 12
2026-06-23 09:09:13 | ml_trading | INFO |   TP multiplier: 3.0x ATR
2026-06-23 09:09:13 | ml_trading | INFO |   SL multiplier: 1.5x ATR
[!] VWAP requires an ordered DatetimeIndex.
2026-06-23 09:11:40 | ml_trading | INFO | Fetched 200 funding rate records for SUIUSDT
2026-06-23 09:11:54 | ml_trading | INFO | Clean dataset: 17542 rows after dropping NaN
2026-06-23 09:11:54 | ml_trading | INFO | Fold 1: train=388, test=50, purge=12, embargo=12
2026-06-23 09:11:55 | ml_trading | INFO | Fold 2: train=450, test=50, purge=12, embargo=12
2026-06-23 09:11:56 | ml_trading | INFO | Fold 3: train=512, test=50, purge=12, embargo=12
2026-06-23 09:11:57 | ml_trading | INFO | Fold 4: train=574, test=50, purge=12, embargo=12
2026-06-23 09:11:58 | ml_trading | INFO | Fold 5: train=636, test=50, purge=12, embargo=12
2026-06-23 09:11:59 | ml_trading | INFO | Fold 6: train=698, test=50, purge=12, embargo=12
2026-06-23 09:12:01 | ml_trading | INFO | Fold 7: train=760, test=50, purge=12, embargo=12
2026-06-23 09:12:03 | ml_trading | INFO | Fold 8: train=822, test=50, purge=12, embargo=12
2026-06-23 09:12:04 | ml_trading | INFO | Fold 9: train=884, test=50, purge=12, embargo=12
2026-06-23 09:12:06 | ml_trading | INFO | Fold 10: train=946, test=50, purge=12, embargo=12
2026-06-23 09:12:07 | ml_trading | INFO | Fold 11: train=1008, test=50, purge=12, embargo=12
2026-06-23 09:12:08 | ml_trading | INFO | Fold 12: train=1070, test=50, purge=12, embargo=12
2026-06-23 09:12:10 | ml_trading | INFO | Fold 13: train=1132, test=50, purge=12, embargo=12
2026-06-23 09:12:11 | ml_trading | INFO | Fold 14: train=1194, test=50, purge=12, embargo=12
2026-06-23 09:12:12 | ml_trading | INFO | Fold 15: train=1256, test=50, purge=12, embargo=12
2026-06-23 09:12:13 | ml_trading | INFO | Fold 16: train=1318, test=50, purge=12, embargo=12
2026-06-23 09:12:15 | ml_trading | INFO | Fold 17: train=1380, test=50, purge=12, embargo=12
2026-06-23 09:12:16 | ml_trading | INFO | Fold 18: train=1442, test=50, purge=12, embargo=12
2026-06-23 09:12:17 | ml_trading | INFO | Fold 19: train=1504, test=50, purge=12, embargo=12
2026-06-23 09:12:18 | ml_trading | INFO | Fold 20: train=1566, test=50, purge=12, embargo=12
2026-06-23 09:12:20 | ml_trading | INFO | Fold 21: train=1628, test=50, purge=12, embargo=12
2026-06-23 09:12:21 | ml_trading | INFO | Fold 22: train=1690, test=50, purge=12, embargo=12
2026-06-23 09:12:22 | ml_trading | INFO | Fold 23: train=1752, test=50, purge=12, embargo=12
2026-06-23 09:12:24 | ml_trading | INFO | Fold 24: train=1814, test=50, purge=12, embargo=12
2026-06-23 09:12:25 | ml_trading | INFO | Fold 25: train=1876, test=50, purge=12, embargo=12
2026-06-23 09:12:27 | ml_trading | INFO | Fold 26: train=1938, test=50, purge=12, embargo=12
2026-06-23 09:12:28 | ml_trading | INFO | Fold 27: train=2000, test=50, purge=12, embargo=12
2026-06-23 09:12:29 | ml_trading | INFO | Fold 28: train=2062, test=50, purge=12, embargo=12
2026-06-23 09:12:31 | ml_trading | INFO | Fold 29: train=2124, test=50, purge=12, embargo=12
2026-06-23 09:12:32 | ml_trading | INFO | Fold 30: train=2186, test=50, purge=12, embargo=12
2026-06-23 09:12:34 | ml_trading | INFO | Fold 31: train=2248, test=50, purge=12, embargo=12
2026-06-23 09:12:35 | ml_trading | INFO | Fold 32: train=2310, test=50, purge=12, embargo=12
2026-06-23 09:12:37 | ml_trading | INFO | Fold 33: train=2372, test=50, purge=12, embargo=12
2026-06-23 09:12:39 | ml_trading | INFO | Fold 34: train=2434, test=50, purge=12, embargo=12
2026-06-23 09:12:40 | ml_trading | INFO | Fold 35: train=2496, test=50, purge=12, embargo=12
2026-06-23 09:12:42 | ml_trading | INFO | Fold 36: train=2558, test=50, purge=12, embargo=12
2026-06-23 09:12:43 | ml_trading | INFO | Fold 37: train=2620, test=50, purge=12, embargo=12
2026-06-23 09:12:45 | ml_trading | INFO | Fold 38: train=2682, test=50, purge=12, embargo=12
2026-06-23 09:12:48 | ml_trading | INFO | Fold 39: train=2744, test=50, purge=12, embargo=12
2026-06-23 09:12:51 | ml_trading | INFO | Fold 40: train=2806, test=50, purge=12, embargo=12
2026-06-23 09:12:53 | ml_trading | INFO | Fold 41: train=2868, test=50, purge=12, embargo=12
2026-06-23 09:12:55 | ml_trading | INFO | Fold 42: train=2930, test=50, purge=12, embargo=12
2026-06-23 09:12:57 | ml_trading | INFO | Fold 43: train=2992, test=50, purge=12, embargo=12
2026-06-23 09:12:59 | ml_trading | INFO | Fold 44: train=3054, test=50, purge=12, embargo=12
2026-06-23 09:13:00 | ml_trading | INFO | Fold 45: train=3116, test=50, purge=12, embargo=12
2026-06-23 09:13:03 | ml_trading | INFO | Fold 46: train=3178, test=50, purge=12, embargo=12
2026-06-23 09:13:05 | ml_trading | INFO | Fold 47: train=3240, test=50, purge=12, embargo=12
2026-06-23 09:13:07 | ml_trading | INFO | Fold 48: train=3302, test=50, purge=12, embargo=12
2026-06-23 09:13:08 | ml_trading | INFO | Fold 49: train=3364, test=50, purge=12, embargo=12
2026-06-23 09:13:10 | ml_trading | INFO | Fold 50: train=3426, test=50, purge=12, embargo=12
2026-06-23 09:13:11 | ml_trading | INFO | Fold 51: train=3488, test=50, purge=12, embargo=12
2026-06-23 09:13:13 | ml_trading | INFO | Fold 52: train=3550, test=50, purge=12, embargo=12
2026-06-23 09:13:15 | ml_trading | INFO | Fold 53: train=3612, test=50, purge=12, embargo=12
2026-06-23 09:13:16 | ml_trading | INFO | Fold 54: train=3674, test=50, purge=12, embargo=12
2026-06-23 09:13:18 | ml_trading | INFO | Fold 55: train=3736, test=50, purge=12, embargo=12
2026-06-23 09:13:20 | ml_trading | INFO | Fold 56: train=3798, test=50, purge=12, embargo=12
2026-06-23 09:13:21 | ml_trading | INFO | Fold 57: train=3860, test=50, purge=12, embargo=12
2026-06-23 09:13:23 | ml_trading | INFO | Fold 58: train=3922, test=50, purge=12, embargo=12
2026-06-23 09:13:25 | ml_trading | INFO | Fold 59: train=3984, test=50, purge=12, embargo=12
2026-06-23 09:13:26 | ml_trading | INFO | Fold 60: train=4046, test=50, purge=12, embargo=12
2026-06-23 09:13:28 | ml_trading | INFO | Fold 61: train=4108, test=50, purge=12, embargo=12
2026-06-23 09:13:30 | ml_trading | INFO | Fold 62: train=4170, test=50, purge=12, embargo=12
2026-06-23 09:13:32 | ml_trading | INFO | Fold 63: train=4232, test=50, purge=12, embargo=12
2026-06-23 09:13:34 | ml_trading | INFO | Fold 64: train=4294, test=50, purge=12, embargo=12
2026-06-23 09:13:36 | ml_trading | INFO | Fold 65: train=4356, test=50, purge=12, embargo=12
2026-06-23 09:13:38 | ml_trading | INFO | Fold 66: train=4418, test=50, purge=12, embargo=12
2026-06-23 09:13:40 | ml_trading | INFO | Fold 67: train=4480, test=50, purge=12, embargo=12
2026-06-23 09:13:41 | ml_trading | INFO | Fold 68: train=4542, test=50, purge=12, embargo=12
2026-06-23 09:13:43 | ml_trading | INFO | Fold 69: train=4604, test=50, purge=12, embargo=12
2026-06-23 09:13:45 | ml_trading | INFO | Fold 70: train=4666, test=50, purge=12, embargo=12
2026-06-23 09:13:49 | ml_trading | INFO | Fold 71: train=4728, test=50, purge=12, embargo=12
2026-06-23 09:13:51 | ml_trading | INFO | Fold 72: train=4790, test=50, purge=12, embargo=12
2026-06-23 09:13:53 | ml_trading | INFO | Fold 73: train=4852, test=50, purge=12, embargo=12
2026-06-23 09:13:55 | ml_trading | INFO | Fold 74: train=4914, test=50, purge=12, embargo=12
2026-06-23 09:13:57 | ml_trading | INFO | Fold 75: train=4976, test=50, purge=12, embargo=12
2026-06-23 09:13:58 | ml_trading | INFO | Fold 76: train=5038, test=50, purge=12, embargo=12
2026-06-23 09:14:00 | ml_trading | INFO | Fold 77: train=5100, test=50, purge=12, embargo=12
2026-06-23 09:14:02 | ml_trading | INFO | Fold 78: train=5162, test=50, purge=12, embargo=12
2026-06-23 09:14:04 | ml_trading | INFO | Fold 79: train=5224, test=50, purge=12, embargo=12
2026-06-23 09:14:06 | ml_trading | INFO | Fold 80: train=5286, test=50, purge=12, embargo=12
2026-06-23 09:14:08 | ml_trading | INFO | Fold 81: train=5348, test=50, purge=12, embargo=12
2026-06-23 09:14:10 | ml_trading | INFO | Fold 82: train=5410, test=50, purge=12, embargo=12
2026-06-23 09:14:11 | ml_trading | INFO | Fold 83: train=5472, test=50, purge=12, embargo=12
2026-06-23 09:14:13 | ml_trading | INFO | Fold 84: train=5534, test=50, purge=12, embargo=12
2026-06-23 09:14:15 | ml_trading | INFO | Fold 85: train=5596, test=50, purge=12, embargo=12
2026-06-23 09:14:16 | ml_trading | INFO | Fold 86: train=5658, test=50, purge=12, embargo=12
2026-06-23 09:14:18 | ml_trading | INFO | Fold 87: train=5720, test=50, purge=12, embargo=12
2026-06-23 09:14:24 | ml_trading | INFO | Fold 88: train=5782, test=50, purge=12, embargo=12
2026-06-23 09:14:26 | ml_trading | INFO | Fold 89: train=5844, test=50, purge=12, embargo=12
2026-06-23 09:14:28 | ml_trading | INFO | Fold 90: train=5906, test=50, purge=12, embargo=12
2026-06-23 09:14:30 | ml_trading | INFO | Fold 91: train=5968, test=50, purge=12, embargo=12
2026-06-23 09:14:32 | ml_trading | INFO | Fold 92: train=6030, test=50, purge=12, embargo=12
2026-06-23 09:14:34 | ml_trading | INFO | Fold 93: train=6092, test=50, purge=12, embargo=12
2026-06-23 09:14:36 | ml_trading | INFO | Fold 94: train=6154, test=50, purge=12, embargo=12
2026-06-23 09:14:38 | ml_trading | INFO | Fold 95: train=6216, test=50, purge=12, embargo=12
2026-06-23 09:14:40 | ml_trading | INFO | Fold 96: train=6278, test=50, purge=12, embargo=12
2026-06-23 09:14:42 | ml_trading | INFO | Fold 97: train=6340, test=50, purge=12, embargo=12
2026-06-23 09:14:45 | ml_trading | INFO | Fold 98: train=6402, test=50, purge=12, embargo=12
2026-06-23 09:14:47 | ml_trading | INFO | Fold 99: train=6464, test=50, purge=12, embargo=12
2026-06-23 09:14:51 | ml_trading | INFO | Fold 100: train=6526, test=50, purge=12, embargo=12
2026-06-23 09:14:53 | ml_trading | INFO | Fold 101: train=6588, test=50, purge=12, embargo=12
2026-06-23 09:14:56 | ml_trading | INFO | Fold 102: train=6650, test=50, purge=12, embargo=12
2026-06-23 09:14:58 | ml_trading | INFO | Fold 103: train=6712, test=50, purge=12, embargo=12
2026-06-23 09:15:00 | ml_trading | INFO | Fold 104: train=6774, test=50, purge=12, embargo=12
2026-06-23 09:15:04 | ml_trading | INFO | Fold 105: train=6836, test=50, purge=12, embargo=12
2026-06-23 09:15:06 | ml_trading | INFO | Fold 106: train=6898, test=50, purge=12, embargo=12
2026-06-23 09:15:08 | ml_trading | INFO | Fold 107: train=6960, test=50, purge=12, embargo=12
2026-06-23 09:15:10 | ml_trading | INFO | Fold 108: train=7022, test=50, purge=12, embargo=12
2026-06-23 09:15:12 | ml_trading | INFO | Fold 109: train=7084, test=50, purge=12, embargo=12
2026-06-23 09:15:15 | ml_trading | INFO | Fold 110: train=7146, test=50, purge=12, embargo=12
2026-06-23 09:15:17 | ml_trading | INFO | Fold 111: train=7208, test=50, purge=12, embargo=12
2026-06-23 09:15:20 | ml_trading | INFO | Fold 112: train=7270, test=50, purge=12, embargo=12
2026-06-23 09:15:22 | ml_trading | INFO | Fold 113: train=7332, test=50, purge=12, embargo=12
2026-06-23 09:15:23 | ml_trading | INFO | Fold 114: train=7394, test=50, purge=12, embargo=12
2026-06-23 09:15:25 | ml_trading | INFO | Fold 115: train=7456, test=50, purge=12, embargo=12
2026-06-23 09:15:27 | ml_trading | INFO | Fold 116: train=7518, test=50, purge=12, embargo=12
2026-06-23 09:15:29 | ml_trading | INFO | Fold 117: train=7580, test=50, purge=12, embargo=12
2026-06-23 09:15:31 | ml_trading | INFO | Fold 118: train=7642, test=50, purge=12, embargo=12
2026-06-23 09:15:34 | ml_trading | INFO | Fold 119: train=7704, test=50, purge=12, embargo=12
2026-06-23 09:15:36 | ml_trading | INFO | Fold 120: train=7766, test=50, purge=12, embargo=12
2026-06-23 09:15:37 | ml_trading | INFO | Fold 121: train=7828, test=50, purge=12, embargo=12
2026-06-23 09:15:39 | ml_trading | INFO | Fold 122: train=7890, test=50, purge=12, embargo=12
2026-06-23 09:15:41 | ml_trading | INFO | Fold 123: train=7952, test=50, purge=12, embargo=12
2026-06-23 09:15:43 | ml_trading | INFO | Fold 124: train=8014, test=50, purge=12, embargo=12
2026-06-23 09:15:45 | ml_trading | INFO | Fold 125: train=8076, test=50, purge=12, embargo=12
2026-06-23 09:15:48 | ml_trading | INFO | Fold 126: train=8138, test=50, purge=12, embargo=12
2026-06-23 09:15:50 | ml_trading | INFO | Fold 127: train=8200, test=50, purge=12, embargo=12
2026-06-23 09:15:54 | ml_trading | INFO | Fold 128: train=8262, test=50, purge=12, embargo=12
2026-06-23 09:15:56 | ml_trading | INFO | Fold 129: train=8324, test=50, purge=12, embargo=12
2026-06-23 09:15:59 | ml_trading | INFO | Fold 130: train=8386, test=50, purge=12, embargo=12
2026-06-23 09:16:02 | ml_trading | INFO | Fold 131: train=8448, test=50, purge=12, embargo=12
2026-06-23 09:16:04 | ml_trading | INFO | Fold 132: train=8510, test=50, purge=12, embargo=12
2026-06-23 09:16:06 | ml_trading | INFO | Fold 133: train=8572, test=50, purge=12, embargo=12
2026-06-23 09:16:09 | ml_trading | INFO | Fold 134: train=8634, test=50, purge=12, embargo=12
2026-06-23 09:16:12 | ml_trading | INFO | Fold 135: train=8696, test=50, purge=12, embargo=12
2026-06-23 09:16:14 | ml_trading | INFO | Fold 136: train=8758, test=50, purge=12, embargo=12
2026-06-23 09:16:16 | ml_trading | INFO | Fold 137: train=8820, test=50, purge=12, embargo=12
2026-06-23 09:16:18 | ml_trading | INFO | Fold 138: train=8882, test=50, purge=12, embargo=12
2026-06-23 09:16:21 | ml_trading | INFO | Fold 139: train=8944, test=50, purge=12, embargo=12
2026-06-23 09:16:23 | ml_trading | INFO | Fold 140: train=9006, test=50, purge=12, embargo=12
2026-06-23 09:16:25 | ml_trading | INFO | Fold 141: train=9068, test=50, purge=12, embargo=12
2026-06-23 09:16:27 | ml_trading | INFO | Fold 142: train=9130, test=50, purge=12, embargo=12
2026-06-23 09:16:30 | ml_trading | INFO | Fold 143: train=9192, test=50, purge=12, embargo=12
2026-06-23 09:16:32 | ml_trading | INFO | Fold 144: train=9254, test=50, purge=12, embargo=12
2026-06-23 09:16:34 | ml_trading | INFO | Fold 145: train=9316, test=50, purge=12, embargo=12
2026-06-23 09:16:35 | ml_trading | INFO | Fold 146: train=9378, test=50, purge=12, embargo=12
2026-06-23 09:16:37 | ml_trading | INFO | Fold 147: train=9440, test=50, purge=12, embargo=12
2026-06-23 09:16:39 | ml_trading | INFO | Fold 148: train=9502, test=50, purge=12, embargo=12
2026-06-23 09:16:41 | ml_trading | INFO | Fold 149: train=9564, test=50, purge=12, embargo=12
2026-06-23 09:16:43 | ml_trading | INFO | Fold 150: train=9626, test=50, purge=12, embargo=12
2026-06-23 09:16:46 | ml_trading | INFO | Fold 151: train=9688, test=50, purge=12, embargo=12
2026-06-23 09:16:47 | ml_trading | INFO | Fold 152: train=9750, test=50, purge=12, embargo=12
2026-06-23 09:16:49 | ml_trading | INFO | Fold 153: train=9812, test=50, purge=12, embargo=12
2026-06-23 09:16:51 | ml_trading | INFO | Fold 154: train=9874, test=50, purge=12, embargo=12
2026-06-23 09:16:55 | ml_trading | INFO | Fold 155: train=9936, test=50, purge=12, embargo=12
2026-06-23 09:16:58 | ml_trading | INFO | Fold 156: train=9998, test=50, purge=12, embargo=12
2026-06-23 09:17:00 | ml_trading | INFO | Fold 157: train=10060, test=50, purge=12, embargo=12
2026-06-23 09:17:08 | ml_trading | INFO | Fold 158: train=10122, test=50, purge=12, embargo=12
2026-06-23 09:17:13 | ml_trading | INFO | Fold 159: train=10184, test=50, purge=12, embargo=12
2026-06-23 09:17:17 | ml_trading | INFO | Fold 160: train=10246, test=50, purge=12, embargo=12
2026-06-23 09:17:19 | ml_trading | INFO | Fold 161: train=10308, test=50, purge=12, embargo=12
2026-06-23 09:17:22 | ml_trading | INFO | Fold 162: train=10370, test=50, purge=12, embargo=12
2026-06-23 09:17:25 | ml_trading | INFO | Fold 163: train=10432, test=50, purge=12, embargo=12
2026-06-23 09:17:27 | ml_trading | INFO | Fold 164: train=10494, test=50, purge=12, embargo=12
2026-06-23 09:17:30 | ml_trading | INFO | Fold 165: train=10556, test=50, purge=12, embargo=12
2026-06-23 09:17:32 | ml_trading | INFO | Fold 166: train=10618, test=50, purge=12, embargo=12
2026-06-23 09:17:35 | ml_trading | INFO | Fold 167: train=10680, test=50, purge=12, embargo=12
2026-06-23 09:17:37 | ml_trading | INFO | Fold 168: train=10742, test=50, purge=12, embargo=12
2026-06-23 09:17:39 | ml_trading | INFO | Fold 169: train=10804, test=50, purge=12, embargo=12
2026-06-23 09:17:41 | ml_trading | INFO | Fold 170: train=10866, test=50, purge=12, embargo=12
2026-06-23 09:17:43 | ml_trading | INFO | Fold 171: train=10928, test=50, purge=12, embargo=12
2026-06-23 09:17:45 | ml_trading | INFO | Fold 172: train=10990, test=50, purge=12, embargo=12
2026-06-23 09:17:48 | ml_trading | INFO | Fold 173: train=11052, test=50, purge=12, embargo=12
2026-06-23 09:17:50 | ml_trading | INFO | Fold 174: train=11114, test=50, purge=12, embargo=12
2026-06-23 09:17:53 | ml_trading | INFO | Fold 175: train=11176, test=50, purge=12, embargo=12
2026-06-23 09:17:57 | ml_trading | INFO | Fold 176: train=11238, test=50, purge=12, embargo=12
2026-06-23 09:18:00 | ml_trading | INFO | Fold 177: train=11300, test=50, purge=12, embargo=12
2026-06-23 09:18:03 | ml_trading | INFO | Fold 178: train=11362, test=50, purge=12, embargo=12
2026-06-23 09:18:07 | ml_trading | INFO | Fold 179: train=11424, test=50, purge=12, embargo=12
2026-06-23 09:18:09 | ml_trading | INFO | Fold 180: train=11486, test=50, purge=12, embargo=12
2026-06-23 09:18:11 | ml_trading | INFO | Fold 181: train=11548, test=50, purge=12, embargo=12
2026-06-23 09:18:13 | ml_trading | INFO | Fold 182: train=11610, test=50, purge=12, embargo=12
2026-06-23 09:18:15 | ml_trading | INFO | Fold 183: train=11672, test=50, purge=12, embargo=12
2026-06-23 09:18:17 | ml_trading | INFO | Fold 184: train=11734, test=50, purge=12, embargo=12
2026-06-23 09:18:19 | ml_trading | INFO | Fold 185: train=11796, test=50, purge=12, embargo=12
2026-06-23 09:18:21 | ml_trading | INFO | Fold 186: train=11858, test=50, purge=12, embargo=12
2026-06-23 09:18:24 | ml_trading | INFO | Fold 187: train=11920, test=50, purge=12, embargo=12
2026-06-23 09:18:26 | ml_trading | INFO | Fold 188: train=11982, test=50, purge=12, embargo=12
2026-06-23 09:18:29 | ml_trading | INFO | Fold 189: train=12044, test=50, purge=12, embargo=12
2026-06-23 09:18:31 | ml_trading | INFO | Fold 190: train=12106, test=50, purge=12, embargo=12
2026-06-23 09:18:33 | ml_trading | INFO | Fold 191: train=12168, test=50, purge=12, embargo=12
2026-06-23 09:18:36 | ml_trading | INFO | Fold 192: train=12230, test=50, purge=12, embargo=12
2026-06-23 09:18:39 | ml_trading | INFO | Fold 193: train=12292, test=50, purge=12, embargo=12
2026-06-23 09:18:41 | ml_trading | INFO | Fold 194: train=12354, test=50, purge=12, embargo=12
2026-06-23 09:18:43 | ml_trading | INFO | Fold 195: train=12416, test=50, purge=12, embargo=12
2026-06-23 09:18:45 | ml_trading | INFO | Fold 196: train=12478, test=50, purge=12, embargo=12
2026-06-23 09:18:47 | ml_trading | INFO | Fold 197: train=12540, test=50, purge=12, embargo=12
2026-06-23 09:18:50 | ml_trading | INFO | Fold 198: train=12602, test=50, purge=12, embargo=12
2026-06-23 09:18:52 | ml_trading | INFO | Fold 199: train=12664, test=50, purge=12, embargo=12
2026-06-23 09:18:55 | ml_trading | INFO | Fold 200: train=12726, test=50, purge=12, embargo=12
2026-06-23 09:18:59 | ml_trading | INFO | Fold 201: train=12788, test=50, purge=12, embargo=12
2026-06-23 09:19:02 | ml_trading | INFO | Fold 202: train=12850, test=50, purge=12, embargo=12
2026-06-23 09:19:05 | ml_trading | INFO | Fold 203: train=12912, test=50, purge=12, embargo=12
2026-06-23 09:19:07 | ml_trading | INFO | Fold 204: train=12974, test=50, purge=12, embargo=12
2026-06-23 09:19:10 | ml_trading | INFO | Fold 205: train=13036, test=50, purge=12, embargo=12
2026-06-23 09:19:13 | ml_trading | INFO | Fold 206: train=13098, test=50, purge=12, embargo=12
2026-06-23 09:19:16 | ml_trading | INFO | Fold 207: train=13160, test=50, purge=12, embargo=12
2026-06-23 09:19:18 | ml_trading | INFO | Fold 208: train=13222, test=50, purge=12, embargo=12
2026-06-23 09:19:21 | ml_trading | INFO | Fold 209: train=13284, test=50, purge=12, embargo=12
2026-06-23 09:19:23 | ml_trading | INFO | Fold 210: train=13346, test=50, purge=12, embargo=12
2026-06-23 09:19:26 | ml_trading | INFO | Fold 211: train=13408, test=50, purge=12, embargo=12
2026-06-23 09:19:28 | ml_trading | INFO | Fold 212: train=13470, test=50, purge=12, embargo=12
2026-06-23 09:19:31 | ml_trading | INFO | Fold 213: train=13532, test=50, purge=12, embargo=12
2026-06-23 09:19:33 | ml_trading | INFO | Fold 214: train=13594, test=50, purge=12, embargo=12
2026-06-23 09:19:36 | ml_trading | INFO | Fold 215: train=13656, test=50, purge=12, embargo=12
2026-06-23 09:19:38 | ml_trading | INFO | Fold 216: train=13718, test=50, purge=12, embargo=12
2026-06-23 09:19:40 | ml_trading | INFO | Fold 217: train=13780, test=50, purge=12, embargo=12
2026-06-23 09:19:42 | ml_trading | INFO | Fold 218: train=13842, test=50, purge=12, embargo=12
2026-06-23 09:19:45 | ml_trading | INFO | Fold 219: train=13904, test=50, purge=12, embargo=12
2026-06-23 09:19:48 | ml_trading | INFO | Fold 220: train=13966, test=50, purge=12, embargo=12
2026-06-23 09:19:50 | ml_trading | INFO | Fold 221: train=14028, test=50, purge=12, embargo=12
2026-06-23 09:19:59 | ml_trading | INFO | Fold 222: train=14090, test=50, purge=12, embargo=12
2026-06-23 09:20:04 | ml_trading | INFO | Fold 223: train=14152, test=50, purge=12, embargo=12
2026-06-23 09:20:09 | ml_trading | INFO | Fold 224: train=14214, test=50, purge=12, embargo=12
2026-06-23 09:20:13 | ml_trading | INFO | Fold 225: train=14276, test=50, purge=12, embargo=12
2026-06-23 09:20:17 | ml_trading | INFO | Fold 226: train=14338, test=50, purge=12, embargo=12
2026-06-23 09:20:19 | ml_trading | INFO | Fold 227: train=14400, test=50, purge=12, embargo=12
2026-06-23 09:20:22 | ml_trading | INFO | Fold 228: train=14462, test=50, purge=12, embargo=12
2026-06-23 09:20:25 | ml_trading | INFO | Fold 229: train=14524, test=50, purge=12, embargo=12
2026-06-23 09:20:28 | ml_trading | INFO | Fold 230: train=14586, test=50, purge=12, embargo=12
2026-06-23 09:20:31 | ml_trading | INFO | Fold 231: train=14648, test=50, purge=12, embargo=12
2026-06-23 09:20:34 | ml_trading | INFO | Fold 232: train=14710, test=50, purge=12, embargo=12
2026-06-23 09:20:36 | ml_trading | INFO | Fold 233: train=14772, test=50, purge=12, embargo=12
2026-06-23 09:20:39 | ml_trading | INFO | Fold 234: train=14834, test=50, purge=12, embargo=12
2026-06-23 09:20:41 | ml_trading | INFO | Fold 235: train=14896, test=50, purge=12, embargo=12
2026-06-23 09:20:44 | ml_trading | INFO | Fold 236: train=14958, test=50, purge=12, embargo=12
2026-06-23 09:20:46 | ml_trading | INFO | Fold 237: train=15020, test=50, purge=12, embargo=12
2026-06-23 09:20:49 | ml_trading | INFO | Fold 238: train=15082, test=50, purge=12, embargo=12
2026-06-23 09:20:51 | ml_trading | INFO | Fold 239: train=15144, test=50, purge=12, embargo=12
2026-06-23 09:20:54 | ml_trading | INFO | Fold 240: train=15206, test=50, purge=12, embargo=12
2026-06-23 09:20:57 | ml_trading | INFO | Fold 241: train=15268, test=50, purge=12, embargo=12
2026-06-23 09:21:01 | ml_trading | INFO | Fold 242: train=15330, test=50, purge=12, embargo=12
2026-06-23 09:21:04 | ml_trading | INFO | Fold 243: train=15392, test=50, purge=12, embargo=12
2026-06-23 09:21:07 | ml_trading | INFO | Fold 244: train=15454, test=50, purge=12, embargo=12
2026-06-23 09:21:11 | ml_trading | INFO | Fold 245: train=15516, test=50, purge=12, embargo=12
2026-06-23 09:21:15 | ml_trading | INFO | Fold 246: train=15578, test=50, purge=12, embargo=12
2026-06-23 09:21:18 | ml_trading | INFO | Fold 247: train=15640, test=50, purge=12, embargo=12
2026-06-23 09:21:20 | ml_trading | INFO | Fold 248: train=15702, test=50, purge=12, embargo=12
2026-06-23 09:21:24 | ml_trading | INFO | Fold 249: train=15764, test=50, purge=12, embargo=12
2026-06-23 09:21:27 | ml_trading | INFO | Fold 250: train=15826, test=50, purge=12, embargo=12
2026-06-23 09:21:31 | ml_trading | INFO | Fold 251: train=15888, test=50, purge=12, embargo=12
2026-06-23 09:21:34 | ml_trading | INFO | Fold 252: train=15950, test=50, purge=12, embargo=12
2026-06-23 09:21:38 | ml_trading | INFO | Fold 253: train=16012, test=50, purge=12, embargo=12
2026-06-23 09:21:41 | ml_trading | INFO | Fold 254: train=16074, test=50, purge=12, embargo=12
2026-06-23 09:21:44 | ml_trading | INFO | Fold 255: train=16136, test=50, purge=12, embargo=12
2026-06-23 09:21:49 | ml_trading | INFO | Fold 256: train=16198, test=50, purge=12, embargo=12
2026-06-23 09:21:52 | ml_trading | INFO | Fold 257: train=16260, test=50, purge=12, embargo=12
2026-06-23 09:21:54 | ml_trading | INFO | Fold 258: train=16322, test=50, purge=12, embargo=12
2026-06-23 09:21:57 | ml_trading | INFO | Fold 259: train=16384, test=50, purge=12, embargo=12
2026-06-23 09:22:03 | ml_trading | INFO | Fold 260: train=16446, test=50, purge=12, embargo=12
2026-06-23 09:22:07 | ml_trading | INFO | Fold 261: train=16508, test=50, purge=12, embargo=12
2026-06-23 09:22:11 | ml_trading | INFO | Fold 262: train=16570, test=50, purge=12, embargo=12
2026-06-23 09:22:15 | ml_trading | INFO | Fold 263: train=16632, test=50, purge=12, embargo=12
2026-06-23 09:22:19 | ml_trading | INFO | Fold 264: train=16694, test=50, purge=12, embargo=12
2026-06-23 09:22:23 | ml_trading | INFO | Fold 265: train=16756, test=50, purge=12, embargo=12
2026-06-23 09:22:27 | ml_trading | INFO | Fold 266: train=16818, test=50, purge=12, embargo=12
2026-06-23 09:22:30 | ml_trading | INFO | Fold 267: train=16880, test=50, purge=12, embargo=12
2026-06-23 09:22:33 | ml_trading | INFO | Fold 268: train=16942, test=50, purge=12, embargo=12
2026-06-23 09:22:37 | ml_trading | INFO | Fold 269: train=17004, test=50, purge=12, embargo=12
2026-06-23 09:22:40 | ml_trading | INFO | Fold 270: train=17066, test=50, purge=12, embargo=12
2026-06-23 09:22:43 | ml_trading | INFO | Fold 271: train=17128, test=50, purge=12, embargo=12
2026-06-23 09:22:47 | ml_trading | INFO | Fold 272: train=17190, test=50, purge=12, embargo=12
2026-06-23 09:22:51 | ml_trading | INFO | Fold 273: train=17252, test=50, purge=12, embargo=12
2026-06-23 09:22:55 | ml_trading | INFO | Fold 274: train=17314, test=50, purge=12, embargo=12
2026-06-23 09:22:59 | ml_trading | INFO | Fold 275: train=17376, test=50, purge=12, embargo=12
2026-06-23 09:23:06 | ml_trading | INFO | Fold 276: train=17438, test=50, purge=12, embargo=12
2026-06-23 09:23:10 | ml_trading | INFO | Walk-forward validation complete: 276 folds
2026-06-23 09:23:10 | ml_trading | INFO | Avg F1 - Short: 0.569, Neutral: 0.340, Long: 0.082
2026-06-23 09:23:10 | ml_trading | INFO | Training final lightgbm model on 17542 samples
2026-06-23 09:23:12 | ml_trading | INFO | Model saved to /root/app/ml-project/ml-trading-dashboard/ml_service/storage/models/candidates/SUIUSDT_1h_lightgbm_20260623_092312.pkl
2026-06-23 09:23:12 | ml_trading | INFO | Saved calibration artifact: SUIUSDT_1h_lightgbm_20260623_092312_calibration.pkl (chosen=isotonic)
2026-06-23 09:23:12 | ml_trading | INFO | Calibration metrics (holdout=50): raw: ECE=0.298 LL=1.239 Brier=0.763 | platt: ECE=0.074 LL=0.789 Brier=0.516 | isotonic: ECE=0.054 LL=0.758 Brier=0.491  → chosen: isotonic

================================================================================
TRAINING COMPLETE
================================================================================
Model: lightgbm
Folds: 276

F1 Scores:
  Short:   0.569
  Neutral: 0.340
  Long:    0.082
  Weighted: 0.446

Model saved: /root/app/ml-project/ml-trading-dashboard/ml_service/storage/models/candidates/SUIUSDT_1h_lightgbm_20260623_092312.pkl
================================================================================

Finished SUIUSDT 1h

=================================================
TRAINING SUIUSDT 4h
=================================================

Training model for SUIUSDT 4h...
2026-06-23 09:23:20 | ml_trading | INFO | Database schema initialized
2026-06-23 09:23:20 | ml_trading | INFO | Database initialized at /root/app/ml-project/ml-trading-dashboard/ml_service/storage/database.db
Loaded 4440 candles
Loaded 4440 BTC candles for correlation
Loaded 691 ES_proxy candles for correlation
2026-06-23 09:23:21 | ml_trading | INFO | [horizon] forward_periods=12 (source: /root/app/ml-project/ml-trading-dashboard/ml_service/config.yaml)
2026-06-23 09:23:21 | ml_trading | INFO | Starting training for SUIUSDT 4h
2026-06-23 09:23:21 | ml_trading | INFO |   Labeling method: triple_barrier
2026-06-23 09:23:21 | ml_trading | INFO |   Forward periods: 12
2026-06-23 09:23:21 | ml_trading | INFO |   TP multiplier: 3.0x ATR
2026-06-23 09:23:21 | ml_trading | INFO |   SL multiplier: 1.5x ATR
2026-06-23 09:23:21 | ml_trading | INFO | Found tuned hyperparameters for SUIUSDT 4h
2026-06-23 09:23:21 | ml_trading | INFO | Model type: lightgbm, F1: 0.4887
[!] VWAP requires an ordered DatetimeIndex.
2026-06-23 09:23:56 | ml_trading | INFO | Fetched 200 funding rate records for SUIUSDT
2026-06-23 09:23:59 | ml_trading | INFO | Clean dataset: 4224 rows after dropping NaN
2026-06-23 09:23:59 | ml_trading | INFO | Fold 1: train=388, test=50, purge=12, embargo=12
2026-06-23 09:24:00 | ml_trading | INFO | Fold 2: train=450, test=50, purge=12, embargo=12
2026-06-23 09:24:02 | ml_trading | INFO | Fold 3: train=512, test=50, purge=12, embargo=12
2026-06-23 09:24:06 | ml_trading | INFO | Fold 4: train=574, test=50, purge=12, embargo=12
2026-06-23 09:24:07 | ml_trading | INFO | Fold 5: train=636, test=50, purge=12, embargo=12
2026-06-23 09:24:09 | ml_trading | INFO | Fold 6: train=698, test=50, purge=12, embargo=12
2026-06-23 09:24:11 | ml_trading | INFO | Fold 7: train=760, test=50, purge=12, embargo=12
2026-06-23 09:24:14 | ml_trading | INFO | Fold 8: train=822, test=50, purge=12, embargo=12
2026-06-23 09:24:16 | ml_trading | INFO | Fold 9: train=884, test=50, purge=12, embargo=12
2026-06-23 09:24:18 | ml_trading | INFO | Fold 10: train=946, test=50, purge=12, embargo=12
2026-06-23 09:24:21 | ml_trading | INFO | Fold 11: train=1008, test=50, purge=12, embargo=12
2026-06-23 09:24:22 | ml_trading | INFO | Fold 12: train=1070, test=50, purge=12, embargo=12
2026-06-23 09:24:24 | ml_trading | INFO | Fold 13: train=1132, test=50, purge=12, embargo=12
2026-06-23 09:24:26 | ml_trading | INFO | Fold 14: train=1194, test=50, purge=12, embargo=12
2026-06-23 09:24:28 | ml_trading | INFO | Fold 15: train=1256, test=50, purge=12, embargo=12
2026-06-23 09:24:30 | ml_trading | INFO | Fold 16: train=1318, test=50, purge=12, embargo=12
2026-06-23 09:24:33 | ml_trading | INFO | Fold 17: train=1380, test=50, purge=12, embargo=12
2026-06-23 09:24:35 | ml_trading | INFO | Fold 18: train=1442, test=50, purge=12, embargo=12
2026-06-23 09:24:37 | ml_trading | INFO | Fold 19: train=1504, test=50, purge=12, embargo=12
2026-06-23 09:24:39 | ml_trading | INFO | Fold 20: train=1566, test=50, purge=12, embargo=12
2026-06-23 09:24:42 | ml_trading | INFO | Fold 21: train=1628, test=50, purge=12, embargo=12
2026-06-23 09:24:44 | ml_trading | INFO | Fold 22: train=1690, test=50, purge=12, embargo=12
2026-06-23 09:24:47 | ml_trading | INFO | Fold 23: train=1752, test=50, purge=12, embargo=12
2026-06-23 09:24:49 | ml_trading | INFO | Fold 24: train=1814, test=50, purge=12, embargo=12
2026-06-23 09:24:52 | ml_trading | INFO | Fold 25: train=1876, test=50, purge=12, embargo=12
2026-06-23 09:24:55 | ml_trading | INFO | Fold 26: train=1938, test=50, purge=12, embargo=12
2026-06-23 09:24:58 | ml_trading | INFO | Fold 27: train=2000, test=50, purge=12, embargo=12
2026-06-23 09:25:02 | ml_trading | INFO | Fold 28: train=2062, test=50, purge=12, embargo=12
2026-06-23 09:25:09 | ml_trading | INFO | Fold 29: train=2124, test=50, purge=12, embargo=12
2026-06-23 09:25:14 | ml_trading | INFO | Fold 30: train=2186, test=50, purge=12, embargo=12
2026-06-23 09:25:17 | ml_trading | INFO | Fold 31: train=2248, test=50, purge=12, embargo=12
2026-06-23 09:25:21 | ml_trading | INFO | Fold 32: train=2310, test=50, purge=12, embargo=12
2026-06-23 09:25:24 | ml_trading | INFO | Fold 33: train=2372, test=50, purge=12, embargo=12
2026-06-23 09:25:32 | ml_trading | INFO | Fold 34: train=2434, test=50, purge=12, embargo=12
2026-06-23 09:25:34 | ml_trading | INFO | Fold 35: train=2496, test=50, purge=12, embargo=12
2026-06-23 09:25:37 | ml_trading | INFO | Fold 36: train=2558, test=50, purge=12, embargo=12
2026-06-23 09:25:40 | ml_trading | INFO | Fold 37: train=2620, test=50, purge=12, embargo=12
2026-06-23 09:25:43 | ml_trading | INFO | Fold 38: train=2682, test=50, purge=12, embargo=12
2026-06-23 09:25:46 | ml_trading | INFO | Fold 39: train=2744, test=50, purge=12, embargo=12
2026-06-23 09:25:49 | ml_trading | INFO | Fold 40: train=2806, test=50, purge=12, embargo=12
2026-06-23 09:25:52 | ml_trading | INFO | Fold 41: train=2868, test=50, purge=12, embargo=12
2026-06-23 09:25:55 | ml_trading | INFO | Fold 42: train=2930, test=50, purge=12, embargo=12
2026-06-23 09:25:58 | ml_trading | INFO | Fold 43: train=2992, test=50, purge=12, embargo=12
2026-06-23 09:26:01 | ml_trading | INFO | Fold 44: train=3054, test=50, purge=12, embargo=12
2026-06-23 09:26:05 | ml_trading | INFO | Fold 45: train=3116, test=50, purge=12, embargo=12
2026-06-23 09:26:12 | ml_trading | INFO | Fold 46: train=3178, test=50, purge=12, embargo=12
2026-06-23 09:26:15 | ml_trading | INFO | Fold 47: train=3240, test=50, purge=12, embargo=12
2026-06-23 09:26:19 | ml_trading | INFO | Fold 48: train=3302, test=50, purge=12, embargo=12
2026-06-23 09:26:22 | ml_trading | INFO | Fold 49: train=3364, test=50, purge=12, embargo=12
2026-06-23 09:26:26 | ml_trading | INFO | Fold 50: train=3426, test=50, purge=12, embargo=12
2026-06-23 09:26:29 | ml_trading | INFO | Fold 51: train=3488, test=50, purge=12, embargo=12
2026-06-23 09:26:32 | ml_trading | INFO | Fold 52: train=3550, test=50, purge=12, embargo=12
2026-06-23 09:26:34 | ml_trading | INFO | Fold 53: train=3612, test=50, purge=12, embargo=12
2026-06-23 09:26:37 | ml_trading | INFO | Fold 54: train=3674, test=50, purge=12, embargo=12
2026-06-23 09:26:40 | ml_trading | INFO | Fold 55: train=3736, test=50, purge=12, embargo=12
2026-06-23 09:26:42 | ml_trading | INFO | Fold 56: train=3798, test=50, purge=12, embargo=12
2026-06-23 09:26:45 | ml_trading | INFO | Fold 57: train=3860, test=50, purge=12, embargo=12
2026-06-23 09:26:48 | ml_trading | INFO | Fold 58: train=3922, test=50, purge=12, embargo=12
2026-06-23 09:26:51 | ml_trading | INFO | Fold 59: train=3984, test=50, purge=12, embargo=12
2026-06-23 09:26:54 | ml_trading | INFO | Fold 60: train=4046, test=50, purge=12, embargo=12
2026-06-23 09:26:57 | ml_trading | INFO | Fold 61: train=4108, test=50, purge=12, embargo=12
2026-06-23 09:27:00 | ml_trading | INFO | Walk-forward validation complete: 61 folds
2026-06-23 09:27:00 | ml_trading | INFO | Avg F1 - Short: 0.581, Neutral: 0.314, Long: 0.139
2026-06-23 09:27:00 | ml_trading | INFO | Training final xgboost model on 4224 samples
2026-06-23 09:27:03 | ml_trading | INFO | Model saved to /root/app/ml-project/ml-trading-dashboard/ml_service/storage/models/candidates/SUIUSDT_4h_xgboost_20260623_092703.pkl
2026-06-23 09:27:04 | ml_trading | INFO | Saved calibration artifact: SUIUSDT_4h_xgboost_20260623_092703_calibration.pkl (chosen=isotonic)
2026-06-23 09:27:04 | ml_trading | INFO | Calibration metrics (holdout=50): raw: ECE=0.360 LL=1.081 Brier=0.737 | platt: ECE=0.053 LL=0.480 Brier=0.271 | isotonic: ECE=0.036 LL=0.470 Brier=0.268  → chosen: isotonic

================================================================================
TRAINING COMPLETE
================================================================================
Model: xgboost
Folds: 61

F1 Scores:
  Short:   0.581
  Neutral: 0.314
  Long:    0.139
  Weighted: 0.448

Model saved: /root/app/ml-project/ml-trading-dashboard/ml_service/storage/models/candidates/SUIUSDT_4h_xgboost_20260623_092703.pkl
================================================================================

Finished SUIUSDT 4h

=================================================
TRAINING XRPUSDT 1h
=================================================

Training model for XRPUSDT 1h...
2026-06-23 09:27:09 | ml_trading | INFO | Database schema initialized
2026-06-23 09:27:09 | ml_trading | INFO | Database initialized at /root/app/ml-project/ml-trading-dashboard/ml_service/storage/database.db
Loaded 17758 candles
Loaded 17758 BTC candles for correlation
Loaded 2414 ES_proxy candles for correlation
2026-06-23 09:27:09 | ml_trading | INFO | [horizon] forward_periods=12 (source: /root/app/ml-project/ml-trading-dashboard/ml_service/config.yaml)
2026-06-23 09:27:09 | ml_trading | INFO | Starting training for XRPUSDT 1h
2026-06-23 09:27:09 | ml_trading | INFO |   Labeling method: triple_barrier
2026-06-23 09:27:09 | ml_trading | INFO |   Forward periods: 12
2026-06-23 09:27:09 | ml_trading | INFO |   TP multiplier: 3.0x ATR
2026-06-23 09:27:09 | ml_trading | INFO |   SL multiplier: 1.5x ATR
[!] VWAP requires an ordered DatetimeIndex.
2026-06-23 09:29:40 | ml_trading | INFO | Fetched 200 funding rate records for XRPUSDT
2026-06-23 09:29:52 | ml_trading | INFO | Clean dataset: 17542 rows after dropping NaN
2026-06-23 09:29:52 | ml_trading | INFO | Fold 1: train=388, test=50, purge=12, embargo=12
2026-06-23 09:29:53 | ml_trading | INFO | Fold 2: train=450, test=50, purge=12, embargo=12
2026-06-23 09:29:54 | ml_trading | INFO | Fold 3: train=512, test=50, purge=12, embargo=12
2026-06-23 09:29:55 | ml_trading | INFO | Fold 4: train=574, test=50, purge=12, embargo=12
2026-06-23 09:29:56 | ml_trading | INFO | Fold 5: train=636, test=50, purge=12, embargo=12
2026-06-23 09:29:57 | ml_trading | INFO | Fold 6: train=698, test=50, purge=12, embargo=12
2026-06-23 09:29:59 | ml_trading | INFO | Fold 7: train=760, test=50, purge=12, embargo=12
2026-06-23 09:30:01 | ml_trading | INFO | Fold 8: train=822, test=50, purge=12, embargo=12
2026-06-23 09:30:09 | ml_trading | INFO | Fold 9: train=884, test=50, purge=12, embargo=12
2026-06-23 09:30:10 | ml_trading | INFO | Fold 10: train=946, test=50, purge=12, embargo=12
2026-06-23 09:30:13 | ml_trading | INFO | Fold 11: train=1008, test=50, purge=12, embargo=12
2026-06-23 09:30:16 | ml_trading | INFO | Fold 12: train=1070, test=50, purge=12, embargo=12
2026-06-23 09:30:18 | ml_trading | INFO | Fold 13: train=1132, test=50, purge=12, embargo=12
2026-06-23 09:30:23 | ml_trading | INFO | Fold 14: train=1194, test=50, purge=12, embargo=12
2026-06-23 09:30:25 | ml_trading | INFO | Fold 15: train=1256, test=50, purge=12, embargo=12
2026-06-23 09:30:28 | ml_trading | INFO | Fold 16: train=1318, test=50, purge=12, embargo=12
2026-06-23 09:30:30 | ml_trading | INFO | Fold 17: train=1380, test=50, purge=12, embargo=12
2026-06-23 09:30:33 | ml_trading | INFO | Fold 18: train=1442, test=50, purge=12, embargo=12
2026-06-23 09:30:36 | ml_trading | INFO | Fold 19: train=1504, test=50, purge=12, embargo=12
2026-06-23 09:30:38 | ml_trading | INFO | Fold 20: train=1566, test=50, purge=12, embargo=12
2026-06-23 09:30:40 | ml_trading | INFO | Fold 21: train=1628, test=50, purge=12, embargo=12
2026-06-23 09:30:42 | ml_trading | INFO | Fold 22: train=1690, test=50, purge=12, embargo=12
2026-06-23 09:30:44 | ml_trading | INFO | Fold 23: train=1752, test=50, purge=12, embargo=12
2026-06-23 09:30:45 | ml_trading | INFO | Fold 24: train=1814, test=50, purge=12, embargo=12
2026-06-23 09:30:48 | ml_trading | INFO | Fold 25: train=1876, test=50, purge=12, embargo=12
2026-06-23 09:30:50 | ml_trading | INFO | Fold 26: train=1938, test=50, purge=12, embargo=12
2026-06-23 09:30:52 | ml_trading | INFO | Fold 27: train=2000, test=50, purge=12, embargo=12
2026-06-23 09:30:54 | ml_trading | INFO | Fold 28: train=2062, test=50, purge=12, embargo=12
2026-06-23 09:30:57 | ml_trading | INFO | Fold 29: train=2124, test=50, purge=12, embargo=12
2026-06-23 09:30:59 | ml_trading | INFO | Fold 30: train=2186, test=50, purge=12, embargo=12
2026-06-23 09:31:06 | ml_trading | INFO | Fold 31: train=2248, test=50, purge=12, embargo=12
2026-06-23 09:31:09 | ml_trading | INFO | Fold 32: train=2310, test=50, purge=12, embargo=12
2026-06-23 09:31:12 | ml_trading | INFO | Fold 33: train=2372, test=50, purge=12, embargo=12
2026-06-23 09:31:15 | ml_trading | INFO | Fold 34: train=2434, test=50, purge=12, embargo=12
2026-06-23 09:31:19 | ml_trading | INFO | Fold 35: train=2496, test=50, purge=12, embargo=12
2026-06-23 09:31:21 | ml_trading | INFO | Fold 36: train=2558, test=50, purge=12, embargo=12
2026-06-23 09:31:23 | ml_trading | INFO | Fold 37: train=2620, test=50, purge=12, embargo=12
2026-06-23 09:31:25 | ml_trading | INFO | Fold 38: train=2682, test=50, purge=12, embargo=12
2026-06-23 09:31:26 | ml_trading | INFO | Fold 39: train=2744, test=50, purge=12, embargo=12
2026-06-23 09:31:29 | ml_trading | INFO | Fold 40: train=2806, test=50, purge=12, embargo=12
2026-06-23 09:31:31 | ml_trading | INFO | Fold 41: train=2868, test=50, purge=12, embargo=12
2026-06-23 09:31:33 | ml_trading | INFO | Fold 42: train=2930, test=50, purge=12, embargo=12
2026-06-23 09:31:35 | ml_trading | INFO | Fold 43: train=2992, test=50, purge=12, embargo=12
2026-06-23 09:31:36 | ml_trading | INFO | Fold 44: train=3054, test=50, purge=12, embargo=12
2026-06-23 09:31:38 | ml_trading | INFO | Fold 45: train=3116, test=50, purge=12, embargo=12
2026-06-23 09:31:41 | ml_trading | INFO | Fold 46: train=3178, test=50, purge=12, embargo=12
2026-06-23 09:31:42 | ml_trading | INFO | Fold 47: train=3240, test=50, purge=12, embargo=12
2026-06-23 09:31:44 | ml_trading | INFO | Fold 48: train=3302, test=50, purge=12, embargo=12
2026-06-23 09:31:46 | ml_trading | INFO | Fold 49: train=3364, test=50, purge=12, embargo=12
2026-06-23 09:31:48 | ml_trading | INFO | Fold 50: train=3426, test=50, purge=12, embargo=12
2026-06-23 09:31:50 | ml_trading | INFO | Fold 51: train=3488, test=50, purge=12, embargo=12
2026-06-23 09:31:51 | ml_trading | INFO | Fold 52: train=3550, test=50, purge=12, embargo=12
2026-06-23 09:31:54 | ml_trading | INFO | Fold 53: train=3612, test=50, purge=12, embargo=12
2026-06-23 09:31:56 | ml_trading | INFO | Fold 54: train=3674, test=50, purge=12, embargo=12
2026-06-23 09:31:58 | ml_trading | INFO | Fold 55: train=3736, test=50, purge=12, embargo=12
2026-06-23 09:32:00 | ml_trading | INFO | Fold 56: train=3798, test=50, purge=12, embargo=12
2026-06-23 09:32:02 | ml_trading | INFO | Fold 57: train=3860, test=50, purge=12, embargo=12
2026-06-23 09:32:05 | ml_trading | INFO | Fold 58: train=3922, test=50, purge=12, embargo=12
2026-06-23 09:32:07 | ml_trading | INFO | Fold 59: train=3984, test=50, purge=12, embargo=12
2026-06-23 09:32:09 | ml_trading | INFO | Fold 60: train=4046, test=50, purge=12, embargo=12
2026-06-23 09:32:11 | ml_trading | INFO | Fold 61: train=4108, test=50, purge=12, embargo=12
2026-06-23 09:32:12 | ml_trading | INFO | Fold 62: train=4170, test=50, purge=12, embargo=12
2026-06-23 09:32:14 | ml_trading | INFO | Fold 63: train=4232, test=50, purge=12, embargo=12
2026-06-23 09:32:16 | ml_trading | INFO | Fold 64: train=4294, test=50, purge=12, embargo=12
2026-06-23 09:32:19 | ml_trading | INFO | Fold 65: train=4356, test=50, purge=12, embargo=12
2026-06-23 09:32:21 | ml_trading | INFO | Fold 66: train=4418, test=50, purge=12, embargo=12
2026-06-23 09:32:23 | ml_trading | INFO | Fold 67: train=4480, test=50, purge=12, embargo=12
2026-06-23 09:32:25 | ml_trading | INFO | Fold 68: train=4542, test=50, purge=12, embargo=12
2026-06-23 09:32:27 | ml_trading | INFO | Fold 69: train=4604, test=50, purge=12, embargo=12
2026-06-23 09:32:28 | ml_trading | INFO | Fold 70: train=4666, test=50, purge=12, embargo=12
2026-06-23 09:32:31 | ml_trading | INFO | Fold 71: train=4728, test=50, purge=12, embargo=12
2026-06-23 09:32:32 | ml_trading | INFO | Fold 72: train=4790, test=50, purge=12, embargo=12
2026-06-23 09:32:34 | ml_trading | INFO | Fold 73: train=4852, test=50, purge=12, embargo=12
2026-06-23 09:32:36 | ml_trading | INFO | Fold 74: train=4914, test=50, purge=12, embargo=12
2026-06-23 09:32:38 | ml_trading | INFO | Fold 75: train=4976, test=50, purge=12, embargo=12
2026-06-23 09:32:40 | ml_trading | INFO | Fold 76: train=5038, test=50, purge=12, embargo=12
2026-06-23 09:32:42 | ml_trading | INFO | Fold 77: train=5100, test=50, purge=12, embargo=12
2026-06-23 09:32:44 | ml_trading | INFO | Fold 78: train=5162, test=50, purge=12, embargo=12
2026-06-23 09:32:46 | ml_trading | INFO | Fold 79: train=5224, test=50, purge=12, embargo=12
2026-06-23 09:32:47 | ml_trading | INFO | Fold 80: train=5286, test=50, purge=12, embargo=12
2026-06-23 09:32:49 | ml_trading | INFO | Fold 81: train=5348, test=50, purge=12, embargo=12
2026-06-23 09:32:51 | ml_trading | INFO | Fold 82: train=5410, test=50, purge=12, embargo=12
2026-06-23 09:32:53 | ml_trading | INFO | Fold 83: train=5472, test=50, purge=12, embargo=12
2026-06-23 09:32:55 | ml_trading | INFO | Fold 84: train=5534, test=50, purge=12, embargo=12
2026-06-23 09:32:57 | ml_trading | INFO | Fold 85: train=5596, test=50, purge=12, embargo=12
2026-06-23 09:32:59 | ml_trading | INFO | Fold 86: train=5658, test=50, purge=12, embargo=12
2026-06-23 09:33:01 | ml_trading | INFO | Fold 87: train=5720, test=50, purge=12, embargo=12
2026-06-23 09:33:03 | ml_trading | INFO | Fold 88: train=5782, test=50, purge=12, embargo=12
2026-06-23 09:33:06 | ml_trading | INFO | Fold 89: train=5844, test=50, purge=12, embargo=12
2026-06-23 09:33:08 | ml_trading | INFO | Fold 90: train=5906, test=50, purge=12, embargo=12
2026-06-23 09:33:10 | ml_trading | INFO | Fold 91: train=5968, test=50, purge=12, embargo=12
2026-06-23 09:33:12 | ml_trading | INFO | Fold 92: train=6030, test=50, purge=12, embargo=12
2026-06-23 09:33:14 | ml_trading | INFO | Fold 93: train=6092, test=50, purge=12, embargo=12
2026-06-23 09:33:16 | ml_trading | INFO | Fold 94: train=6154, test=50, purge=12, embargo=12
2026-06-23 09:33:18 | ml_trading | INFO | Fold 95: train=6216, test=50, purge=12, embargo=12
2026-06-23 09:33:21 | ml_trading | INFO | Fold 96: train=6278, test=50, purge=12, embargo=12
2026-06-23 09:33:23 | ml_trading | INFO | Fold 97: train=6340, test=50, purge=12, embargo=12
2026-06-23 09:33:25 | ml_trading | INFO | Fold 98: train=6402, test=50, purge=12, embargo=12
2026-06-23 09:33:27 | ml_trading | INFO | Fold 99: train=6464, test=50, purge=12, embargo=12
2026-06-23 09:33:28 | ml_trading | INFO | Fold 100: train=6526, test=50, purge=12, embargo=12
2026-06-23 09:33:30 | ml_trading | INFO | Fold 101: train=6588, test=50, purge=12, embargo=12
2026-06-23 09:33:32 | ml_trading | INFO | Fold 102: train=6650, test=50, purge=12, embargo=12
2026-06-23 09:33:34 | ml_trading | INFO | Fold 103: train=6712, test=50, purge=12, embargo=12
2026-06-23 09:33:36 | ml_trading | INFO | Fold 104: train=6774, test=50, purge=12, embargo=12
2026-06-23 09:33:38 | ml_trading | INFO | Fold 105: train=6836, test=50, purge=12, embargo=12
2026-06-23 09:33:40 | ml_trading | INFO | Fold 106: train=6898, test=50, purge=12, embargo=12
2026-06-23 09:33:42 | ml_trading | INFO | Fold 107: train=6960, test=50, purge=12, embargo=12
2026-06-23 09:33:44 | ml_trading | INFO | Fold 108: train=7022, test=50, purge=12, embargo=12
2026-06-23 09:33:45 | ml_trading | INFO | Fold 109: train=7084, test=50, purge=12, embargo=12
2026-06-23 09:33:48 | ml_trading | INFO | Fold 110: train=7146, test=50, purge=12, embargo=12
2026-06-23 09:33:50 | ml_trading | INFO | Fold 111: train=7208, test=50, purge=12, embargo=12
2026-06-23 09:33:52 | ml_trading | INFO | Fold 112: train=7270, test=50, purge=12, embargo=12
2026-06-23 09:33:54 | ml_trading | INFO | Fold 113: train=7332, test=50, purge=12, embargo=12
2026-06-23 09:33:56 | ml_trading | INFO | Fold 114: train=7394, test=50, purge=12, embargo=12
2026-06-23 09:33:58 | ml_trading | INFO | Fold 115: train=7456, test=50, purge=12, embargo=12
2026-06-23 09:34:00 | ml_trading | INFO | Fold 116: train=7518, test=50, purge=12, embargo=12
2026-06-23 09:34:03 | ml_trading | INFO | Fold 117: train=7580, test=50, purge=12, embargo=12
2026-06-23 09:34:05 | ml_trading | INFO | Fold 118: train=7642, test=50, purge=12, embargo=12
2026-06-23 09:34:07 | ml_trading | INFO | Fold 119: train=7704, test=50, purge=12, embargo=12
2026-06-23 09:34:10 | ml_trading | INFO | Fold 120: train=7766, test=50, purge=12, embargo=12
2026-06-23 09:34:11 | ml_trading | INFO | Fold 121: train=7828, test=50, purge=12, embargo=12
2026-06-23 09:34:14 | ml_trading | INFO | Fold 122: train=7890, test=50, purge=12, embargo=12
2026-06-23 09:34:16 | ml_trading | INFO | Fold 123: train=7952, test=50, purge=12, embargo=12
2026-06-23 09:34:18 | ml_trading | INFO | Fold 124: train=8014, test=50, purge=12, embargo=12
2026-06-23 09:34:20 | ml_trading | INFO | Fold 125: train=8076, test=50, purge=12, embargo=12
2026-06-23 09:34:23 | ml_trading | INFO | Fold 126: train=8138, test=50, purge=12, embargo=12
2026-06-23 09:34:25 | ml_trading | INFO | Fold 127: train=8200, test=50, purge=12, embargo=12
2026-06-23 09:34:27 | ml_trading | INFO | Fold 128: train=8262, test=50, purge=12, embargo=12
2026-06-23 09:34:29 | ml_trading | INFO | Fold 129: train=8324, test=50, purge=12, embargo=12
2026-06-23 09:34:31 | ml_trading | INFO | Fold 130: train=8386, test=50, purge=12, embargo=12
2026-06-23 09:34:33 | ml_trading | INFO | Fold 131: train=8448, test=50, purge=12, embargo=12
2026-06-23 09:34:35 | ml_trading | INFO | Fold 132: train=8510, test=50, purge=12, embargo=12
2026-06-23 09:34:37 | ml_trading | INFO | Fold 133: train=8572, test=50, purge=12, embargo=12
2026-06-23 09:34:39 | ml_trading | INFO | Fold 134: train=8634, test=50, purge=12, embargo=12
2026-06-23 09:34:41 | ml_trading | INFO | Fold 135: train=8696, test=50, purge=12, embargo=12
2026-06-23 09:34:43 | ml_trading | INFO | Fold 136: train=8758, test=50, purge=12, embargo=12
2026-06-23 09:34:45 | ml_trading | INFO | Fold 137: train=8820, test=50, purge=12, embargo=12
2026-06-23 09:34:47 | ml_trading | INFO | Fold 138: train=8882, test=50, purge=12, embargo=12
2026-06-23 09:34:49 | ml_trading | INFO | Fold 139: train=8944, test=50, purge=12, embargo=12
2026-06-23 09:34:52 | ml_trading | INFO | Fold 140: train=9006, test=50, purge=12, embargo=12
2026-06-23 09:34:54 | ml_trading | INFO | Fold 141: train=9068, test=50, purge=12, embargo=12
2026-06-23 09:34:56 | ml_trading | INFO | Fold 142: train=9130, test=50, purge=12, embargo=12
2026-06-23 09:34:58 | ml_trading | INFO | Fold 143: train=9192, test=50, purge=12, embargo=12
2026-06-23 09:35:01 | ml_trading | INFO | Fold 144: train=9254, test=50, purge=12, embargo=12
2026-06-23 09:35:05 | ml_trading | INFO | Fold 145: train=9316, test=50, purge=12, embargo=12
2026-06-23 09:35:07 | ml_trading | INFO | Fold 146: train=9378, test=50, purge=12, embargo=12
2026-06-23 09:35:10 | ml_trading | INFO | Fold 147: train=9440, test=50, purge=12, embargo=12
2026-06-23 09:35:12 | ml_trading | INFO | Fold 148: train=9502, test=50, purge=12, embargo=12
2026-06-23 09:35:15 | ml_trading | INFO | Fold 149: train=9564, test=50, purge=12, embargo=12
2026-06-23 09:35:17 | ml_trading | INFO | Fold 150: train=9626, test=50, purge=12, embargo=12
2026-06-23 09:35:19 | ml_trading | INFO | Fold 151: train=9688, test=50, purge=12, embargo=12
2026-06-23 09:35:21 | ml_trading | INFO | Fold 152: train=9750, test=50, purge=12, embargo=12
2026-06-23 09:35:25 | ml_trading | INFO | Fold 153: train=9812, test=50, purge=12, embargo=12
2026-06-23 09:35:27 | ml_trading | INFO | Fold 154: train=9874, test=50, purge=12, embargo=12
2026-06-23 09:35:29 | ml_trading | INFO | Fold 155: train=9936, test=50, purge=12, embargo=12
2026-06-23 09:35:31 | ml_trading | INFO | Fold 156: train=9998, test=50, purge=12, embargo=12
2026-06-23 09:35:34 | ml_trading | INFO | Fold 157: train=10060, test=50, purge=12, embargo=12
2026-06-23 09:35:36 | ml_trading | INFO | Fold 158: train=10122, test=50, purge=12, embargo=12
2026-06-23 09:35:38 | ml_trading | INFO | Fold 159: train=10184, test=50, purge=12, embargo=12
2026-06-23 09:35:41 | ml_trading | INFO | Fold 160: train=10246, test=50, purge=12, embargo=12
2026-06-23 09:35:43 | ml_trading | INFO | Fold 161: train=10308, test=50, purge=12, embargo=12
2026-06-23 09:35:45 | ml_trading | INFO | Fold 162: train=10370, test=50, purge=12, embargo=12
2026-06-23 09:35:47 | ml_trading | INFO | Fold 163: train=10432, test=50, purge=12, embargo=12
2026-06-23 09:35:49 | ml_trading | INFO | Fold 164: train=10494, test=50, purge=12, embargo=12
2026-06-23 09:35:51 | ml_trading | INFO | Fold 165: train=10556, test=50, purge=12, embargo=12
2026-06-23 09:35:54 | ml_trading | INFO | Fold 166: train=10618, test=50, purge=12, embargo=12
2026-06-23 09:35:56 | ml_trading | INFO | Fold 167: train=10680, test=50, purge=12, embargo=12
2026-06-23 09:35:58 | ml_trading | INFO | Fold 168: train=10742, test=50, purge=12, embargo=12
2026-06-23 09:36:01 | ml_trading | INFO | Fold 169: train=10804, test=50, purge=12, embargo=12
2026-06-23 09:36:04 | ml_trading | INFO | Fold 170: train=10866, test=50, purge=12, embargo=12
2026-06-23 09:36:06 | ml_trading | INFO | Fold 171: train=10928, test=50, purge=12, embargo=12
2026-06-23 09:36:10 | ml_trading | INFO | Fold 172: train=10990, test=50, purge=12, embargo=12
2026-06-23 09:36:13 | ml_trading | INFO | Fold 173: train=11052, test=50, purge=12, embargo=12
2026-06-23 09:36:16 | ml_trading | INFO | Fold 174: train=11114, test=50, purge=12, embargo=12
2026-06-23 09:36:18 | ml_trading | INFO | Fold 175: train=11176, test=50, purge=12, embargo=12
2026-06-23 09:36:20 | ml_trading | INFO | Fold 176: train=11238, test=50, purge=12, embargo=12
2026-06-23 09:36:23 | ml_trading | INFO | Fold 177: train=11300, test=50, purge=12, embargo=12
2026-06-23 09:36:26 | ml_trading | INFO | Fold 178: train=11362, test=50, purge=12, embargo=12
2026-06-23 09:36:28 | ml_trading | INFO | Fold 179: train=11424, test=50, purge=12, embargo=12
2026-06-23 09:36:31 | ml_trading | INFO | Fold 180: train=11486, test=50, purge=12, embargo=12
2026-06-23 09:36:33 | ml_trading | INFO | Fold 181: train=11548, test=50, purge=12, embargo=12
2026-06-23 09:36:40 | ml_trading | INFO | Fold 182: train=11610, test=50, purge=12, embargo=12
2026-06-23 09:36:42 | ml_trading | INFO | Fold 183: train=11672, test=50, purge=12, embargo=12
2026-06-23 09:36:44 | ml_trading | INFO | Fold 184: train=11734, test=50, purge=12, embargo=12
2026-06-23 09:36:46 | ml_trading | INFO | Fold 185: train=11796, test=50, purge=12, embargo=12
2026-06-23 09:36:48 | ml_trading | INFO | Fold 186: train=11858, test=50, purge=12, embargo=12
2026-06-23 09:36:50 | ml_trading | INFO | Fold 187: train=11920, test=50, purge=12, embargo=12
2026-06-23 09:36:52 | ml_trading | INFO | Fold 188: train=11982, test=50, purge=12, embargo=12
2026-06-23 09:36:54 | ml_trading | INFO | Fold 189: train=12044, test=50, purge=12, embargo=12
2026-06-23 09:36:57 | ml_trading | INFO | Fold 190: train=12106, test=50, purge=12, embargo=12
2026-06-23 09:36:59 | ml_trading | INFO | Fold 191: train=12168, test=50, purge=12, embargo=12
2026-06-23 09:37:01 | ml_trading | INFO | Fold 192: train=12230, test=50, purge=12, embargo=12
2026-06-23 09:37:04 | ml_trading | INFO | Fold 193: train=12292, test=50, purge=12, embargo=12
2026-06-23 09:37:06 | ml_trading | INFO | Fold 194: train=12354, test=50, purge=12, embargo=12
2026-06-23 09:37:09 | ml_trading | INFO | Fold 195: train=12416, test=50, purge=12, embargo=12
2026-06-23 09:37:12 | ml_trading | INFO | Fold 196: train=12478, test=50, purge=12, embargo=12
2026-06-23 09:37:14 | ml_trading | INFO | Fold 197: train=12540, test=50, purge=12, embargo=12
2026-06-23 09:37:16 | ml_trading | INFO | Fold 198: train=12602, test=50, purge=12, embargo=12
2026-06-23 09:37:19 | ml_trading | INFO | Fold 199: train=12664, test=50, purge=12, embargo=12
2026-06-23 09:37:21 | ml_trading | INFO | Fold 200: train=12726, test=50, purge=12, embargo=12
2026-06-23 09:37:23 | ml_trading | INFO | Fold 201: train=12788, test=50, purge=12, embargo=12
2026-06-23 09:37:27 | ml_trading | INFO | Fold 202: train=12850, test=50, purge=12, embargo=12
2026-06-23 09:37:29 | ml_trading | INFO | Fold 203: train=12912, test=50, purge=12, embargo=12
2026-06-23 09:37:31 | ml_trading | INFO | Fold 204: train=12974, test=50, purge=12, embargo=12
2026-06-23 09:37:34 | ml_trading | INFO | Fold 205: train=13036, test=50, purge=12, embargo=12
2026-06-23 09:37:37 | ml_trading | INFO | Fold 206: train=13098, test=50, purge=12, embargo=12
2026-06-23 09:37:39 | ml_trading | INFO | Fold 207: train=13160, test=50, purge=12, embargo=12
2026-06-23 09:37:42 | ml_trading | INFO | Fold 208: train=13222, test=50, purge=12, embargo=12
2026-06-23 09:37:44 | ml_trading | INFO | Fold 209: train=13284, test=50, purge=12, embargo=12
2026-06-23 09:37:47 | ml_trading | INFO | Fold 210: train=13346, test=50, purge=12, embargo=12
2026-06-23 09:37:49 | ml_trading | INFO | Fold 211: train=13408, test=50, purge=12, embargo=12
2026-06-23 09:37:51 | ml_trading | INFO | Fold 212: train=13470, test=50, purge=12, embargo=12
2026-06-23 09:37:54 | ml_trading | INFO | Fold 213: train=13532, test=50, purge=12, embargo=12
2026-06-23 09:37:57 | ml_trading | INFO | Fold 214: train=13594, test=50, purge=12, embargo=12
2026-06-23 09:37:59 | ml_trading | INFO | Fold 215: train=13656, test=50, purge=12, embargo=12
2026-06-23 09:38:02 | ml_trading | INFO | Fold 216: train=13718, test=50, purge=12, embargo=12
2026-06-23 09:38:05 | ml_trading | INFO | Fold 217: train=13780, test=50, purge=12, embargo=12
2026-06-23 09:38:08 | ml_trading | INFO | Fold 218: train=13842, test=50, purge=12, embargo=12
2026-06-23 09:38:12 | ml_trading | INFO | Fold 219: train=13904, test=50, purge=12, embargo=12
2026-06-23 09:38:15 | ml_trading | INFO | Fold 220: train=13966, test=50, purge=12, embargo=12
2026-06-23 09:38:17 | ml_trading | INFO | Fold 221: train=14028, test=50, purge=12, embargo=12
2026-06-23 09:38:20 | ml_trading | INFO | Fold 222: train=14090, test=50, purge=12, embargo=12
2026-06-23 09:38:22 | ml_trading | INFO | Fold 223: train=14152, test=50, purge=12, embargo=12
2026-06-23 09:38:25 | ml_trading | INFO | Fold 224: train=14214, test=50, purge=12, embargo=12
2026-06-23 09:38:28 | ml_trading | INFO | Fold 225: train=14276, test=50, purge=12, embargo=12
2026-06-23 09:38:31 | ml_trading | INFO | Fold 226: train=14338, test=50, purge=12, embargo=12
2026-06-23 09:38:34 | ml_trading | INFO | Fold 227: train=14400, test=50, purge=12, embargo=12
2026-06-23 09:38:36 | ml_trading | INFO | Fold 228: train=14462, test=50, purge=12, embargo=12
2026-06-23 09:38:38 | ml_trading | INFO | Fold 229: train=14524, test=50, purge=12, embargo=12
2026-06-23 09:38:40 | ml_trading | INFO | Fold 230: train=14586, test=50, purge=12, embargo=12
2026-06-23 09:38:43 | ml_trading | INFO | Fold 231: train=14648, test=50, purge=12, embargo=12
2026-06-23 09:38:45 | ml_trading | INFO | Fold 232: train=14710, test=50, purge=12, embargo=12
2026-06-23 09:38:48 | ml_trading | INFO | Fold 233: train=14772, test=50, purge=12, embargo=12
2026-06-23 09:38:50 | ml_trading | INFO | Fold 234: train=14834, test=50, purge=12, embargo=12
2026-06-23 09:38:53 | ml_trading | INFO | Fold 235: train=14896, test=50, purge=12, embargo=12
2026-06-23 09:38:56 | ml_trading | INFO | Fold 236: train=14958, test=50, purge=12, embargo=12
2026-06-23 09:38:58 | ml_trading | INFO | Fold 237: train=15020, test=50, purge=12, embargo=12
2026-06-23 09:39:00 | ml_trading | INFO | Fold 238: train=15082, test=50, purge=12, embargo=12
2026-06-23 09:39:04 | ml_trading | INFO | Fold 239: train=15144, test=50, purge=12, embargo=12
2026-06-23 09:39:07 | ml_trading | INFO | Fold 240: train=15206, test=50, purge=12, embargo=12
2026-06-23 09:39:10 | ml_trading | INFO | Fold 241: train=15268, test=50, purge=12, embargo=12
2026-06-23 09:39:13 | ml_trading | INFO | Fold 242: train=15330, test=50, purge=12, embargo=12
2026-06-23 09:39:16 | ml_trading | INFO | Fold 243: train=15392, test=50, purge=12, embargo=12
2026-06-23 09:39:18 | ml_trading | INFO | Fold 244: train=15454, test=50, purge=12, embargo=12
2026-06-23 09:39:21 | ml_trading | INFO | Fold 245: train=15516, test=50, purge=12, embargo=12
2026-06-23 09:39:23 | ml_trading | INFO | Fold 246: train=15578, test=50, purge=12, embargo=12
2026-06-23 09:39:27 | ml_trading | INFO | Fold 247: train=15640, test=50, purge=12, embargo=12
2026-06-23 09:39:31 | ml_trading | INFO | Fold 248: train=15702, test=50, purge=12, embargo=12
2026-06-23 09:39:34 | ml_trading | INFO | Fold 249: train=15764, test=50, purge=12, embargo=12
2026-06-23 09:39:37 | ml_trading | INFO | Fold 250: train=15826, test=50, purge=12, embargo=12
2026-06-23 09:39:39 | ml_trading | INFO | Fold 251: train=15888, test=50, purge=12, embargo=12
2026-06-23 09:39:42 | ml_trading | INFO | Fold 252: train=15950, test=50, purge=12, embargo=12
2026-06-23 09:39:45 | ml_trading | INFO | Fold 253: train=16012, test=50, purge=12, embargo=12
2026-06-23 09:39:48 | ml_trading | INFO | Fold 254: train=16074, test=50, purge=12, embargo=12
2026-06-23 09:39:51 | ml_trading | INFO | Fold 255: train=16136, test=50, purge=12, embargo=12
2026-06-23 09:39:53 | ml_trading | INFO | Fold 256: train=16198, test=50, purge=12, embargo=12
2026-06-23 09:39:56 | ml_trading | INFO | Fold 257: train=16260, test=50, purge=12, embargo=12
2026-06-23 09:39:59 | ml_trading | INFO | Fold 258: train=16322, test=50, purge=12, embargo=12
2026-06-23 09:40:04 | ml_trading | INFO | Fold 259: train=16384, test=50, purge=12, embargo=12
2026-06-23 09:40:09 | ml_trading | INFO | Fold 260: train=16446, test=50, purge=12, embargo=12
2026-06-23 09:40:12 | ml_trading | INFO | Fold 261: train=16508, test=50, purge=12, embargo=12
2026-06-23 09:40:15 | ml_trading | INFO | Fold 262: train=16570, test=50, purge=12, embargo=12
2026-06-23 09:40:18 | ml_trading | INFO | Fold 263: train=16632, test=50, purge=12, embargo=12
2026-06-23 09:40:21 | ml_trading | INFO | Fold 264: train=16694, test=50, purge=12, embargo=12
2026-06-23 09:40:24 | ml_trading | INFO | Fold 265: train=16756, test=50, purge=12, embargo=12
2026-06-23 09:40:27 | ml_trading | INFO | Fold 266: train=16818, test=50, purge=12, embargo=12
2026-06-23 09:40:29 | ml_trading | INFO | Fold 267: train=16880, test=50, purge=12, embargo=12
2026-06-23 09:40:34 | ml_trading | INFO | Fold 268: train=16942, test=50, purge=12, embargo=12
2026-06-23 09:40:37 | ml_trading | INFO | Fold 269: train=17004, test=50, purge=12, embargo=12
2026-06-23 09:40:42 | ml_trading | INFO | Fold 270: train=17066, test=50, purge=12, embargo=12
2026-06-23 09:40:45 | ml_trading | INFO | Fold 271: train=17128, test=50, purge=12, embargo=12
2026-06-23 09:40:48 | ml_trading | INFO | Fold 272: train=17190, test=50, purge=12, embargo=12
2026-06-23 09:40:53 | ml_trading | INFO | Fold 273: train=17252, test=50, purge=12, embargo=12
2026-06-23 09:40:57 | ml_trading | INFO | Fold 274: train=17314, test=50, purge=12, embargo=12
2026-06-23 09:41:01 | ml_trading | INFO | Fold 275: train=17376, test=50, purge=12, embargo=12
2026-06-23 09:41:05 | ml_trading | INFO | Fold 276: train=17438, test=50, purge=12, embargo=12
2026-06-23 09:41:09 | ml_trading | INFO | Walk-forward validation complete: 276 folds
2026-06-23 09:41:09 | ml_trading | INFO | Avg F1 - Short: 0.556, Neutral: 0.339, Long: 0.094
2026-06-23 09:41:09 | ml_trading | INFO | Training final xgboost model on 17542 samples
2026-06-23 09:41:12 | ml_trading | INFO | Model saved to /root/app/ml-project/ml-trading-dashboard/ml_service/storage/models/candidates/XRPUSDT_1h_xgboost_20260623_094112.pkl
2026-06-23 09:41:12 | ml_trading | INFO | Saved calibration artifact: XRPUSDT_1h_xgboost_20260623_094112_calibration.pkl (chosen=isotonic)
2026-06-23 09:41:12 | ml_trading | INFO | Calibration metrics (holdout=50): raw: ECE=0.204 LL=1.008 Brier=0.654 | platt: ECE=0.136 LL=0.754 Brier=0.466 | isotonic: ECE=0.089 LL=0.679 Brier=0.411  → chosen: isotonic

================================================================================
TRAINING COMPLETE
================================================================================
Model: xgboost
Folds: 276

F1 Scores:
  Short:   0.556
  Neutral: 0.339
  Long:    0.094
  Weighted: 0.454

Model saved: /root/app/ml-project/ml-trading-dashboard/ml_service/storage/models/candidates/XRPUSDT_1h_xgboost_20260623_094112.pkl
================================================================================

Finished XRPUSDT 1h

=================================================
TRAINING XRPUSDT 4h
=================================================

Training model for XRPUSDT 4h...
2026-06-23 09:41:18 | ml_trading | INFO | Database schema initialized
2026-06-23 09:41:18 | ml_trading | INFO | Database initialized at /root/app/ml-project/ml-trading-dashboard/ml_service/storage/database.db
Loaded 4440 candles
Loaded 4440 BTC candles for correlation
Loaded 691 ES_proxy candles for correlation
2026-06-23 09:41:18 | ml_trading | INFO | [horizon] forward_periods=12 (source: /root/app/ml-project/ml-trading-dashboard/ml_service/config.yaml)
2026-06-23 09:41:18 | ml_trading | INFO | Starting training for XRPUSDT 4h
2026-06-23 09:41:18 | ml_trading | INFO |   Labeling method: triple_barrier
2026-06-23 09:41:18 | ml_trading | INFO |   Forward periods: 12
2026-06-23 09:41:18 | ml_trading | INFO |   TP multiplier: 3.0x ATR
2026-06-23 09:41:18 | ml_trading | INFO |   SL multiplier: 1.5x ATR
2026-06-23 09:41:18 | ml_trading | INFO | Found tuned hyperparameters for XRPUSDT 4h
2026-06-23 09:41:18 | ml_trading | INFO | Model type: xgboost, F1: 0.3992
[!] VWAP requires an ordered DatetimeIndex.
2026-06-23 09:41:56 | ml_trading | INFO | Fetched 200 funding rate records for XRPUSDT
2026-06-23 09:41:59 | ml_trading | INFO | Clean dataset: 4224 rows after dropping NaN
2026-06-23 09:41:59 | ml_trading | INFO | Fold 1: train=388, test=50, purge=12, embargo=12
2026-06-23 09:42:00 | ml_trading | INFO | Fold 2: train=450, test=50, purge=12, embargo=12
2026-06-23 09:42:01 | ml_trading | INFO | Fold 3: train=512, test=50, purge=12, embargo=12
2026-06-23 09:42:02 | ml_trading | INFO | Fold 4: train=574, test=50, purge=12, embargo=12
2026-06-23 09:42:04 | ml_trading | INFO | Fold 5: train=636, test=50, purge=12, embargo=12
2026-06-23 09:42:05 | ml_trading | INFO | Fold 6: train=698, test=50, purge=12, embargo=12
2026-06-23 09:42:07 | ml_trading | INFO | Fold 7: train=760, test=50, purge=12, embargo=12
2026-06-23 09:42:08 | ml_trading | INFO | Fold 8: train=822, test=50, purge=12, embargo=12
2026-06-23 09:42:15 | ml_trading | INFO | Fold 9: train=884, test=50, purge=12, embargo=12
2026-06-23 09:42:17 | ml_trading | INFO | Fold 10: train=946, test=50, purge=12, embargo=12
2026-06-23 09:42:18 | ml_trading | INFO | Fold 11: train=1008, test=50, purge=12, embargo=12
2026-06-23 09:42:20 | ml_trading | INFO | Fold 12: train=1070, test=50, purge=12, embargo=12
2026-06-23 09:42:21 | ml_trading | INFO | Fold 13: train=1132, test=50, purge=12, embargo=12
2026-06-23 09:42:22 | ml_trading | INFO | Fold 14: train=1194, test=50, purge=12, embargo=12
2026-06-23 09:42:24 | ml_trading | INFO | Fold 15: train=1256, test=50, purge=12, embargo=12
2026-06-23 09:42:25 | ml_trading | INFO | Fold 16: train=1318, test=50, purge=12, embargo=12
2026-06-23 09:42:26 | ml_trading | INFO | Fold 17: train=1380, test=50, purge=12, embargo=12
2026-06-23 09:42:28 | ml_trading | INFO | Fold 18: train=1442, test=50, purge=12, embargo=12
2026-06-23 09:42:32 | ml_trading | INFO | Fold 19: train=1504, test=50, purge=12, embargo=12
2026-06-23 09:42:35 | ml_trading | INFO | Fold 20: train=1566, test=50, purge=12, embargo=12
2026-06-23 09:42:37 | ml_trading | INFO | Fold 21: train=1628, test=50, purge=12, embargo=12
2026-06-23 09:42:39 | ml_trading | INFO | Fold 22: train=1690, test=50, purge=12, embargo=12
2026-06-23 09:42:47 | ml_trading | INFO | Fold 23: train=1752, test=50, purge=12, embargo=12
2026-06-23 09:43:08 | ml_trading | INFO | Fold 24: train=1814, test=50, purge=12, embargo=12
2026-06-23 09:43:12 | ml_trading | INFO | Fold 25: train=1876, test=50, purge=12, embargo=12
2026-06-23 09:43:20 | ml_trading | INFO | Fold 26: train=1938, test=50, purge=12, embargo=12
2026-06-23 09:43:31 | ml_trading | INFO | Fold 27: train=2000, test=50, purge=12, embargo=12
2026-06-23 09:43:33 | ml_trading | INFO | Fold 28: train=2062, test=50, purge=12, embargo=12
2026-06-23 09:43:36 | ml_trading | INFO | Fold 29: train=2124, test=50, purge=12, embargo=12
2026-06-23 09:43:45 | ml_trading | INFO | Fold 30: train=2186, test=50, purge=12, embargo=12
2026-06-23 09:44:06 | ml_trading | INFO | Fold 31: train=2248, test=50, purge=12, embargo=12
2026-06-23 09:44:23 | ml_trading | INFO | Fold 32: train=2310, test=50, purge=12, embargo=12
2026-06-23 09:44:25 | ml_trading | INFO | Fold 33: train=2372, test=50, purge=12, embargo=12
2026-06-23 09:44:27 | ml_trading | INFO | Fold 34: train=2434, test=50, purge=12, embargo=12
2026-06-23 09:44:28 | ml_trading | INFO | Fold 35: train=2496, test=50, purge=12, embargo=12
2026-06-23 09:44:30 | ml_trading | INFO | Fold 36: train=2558, test=50, purge=12, embargo=12
2026-06-23 09:44:32 | ml_trading | INFO | Fold 37: train=2620, test=50, purge=12, embargo=12
2026-06-23 09:44:34 | ml_trading | INFO | Fold 38: train=2682, test=50, purge=12, embargo=12
2026-06-23 09:44:38 | ml_trading | INFO | Fold 39: train=2744, test=50, purge=12, embargo=12
2026-06-23 09:44:40 | ml_trading | INFO | Fold 40: train=2806, test=50, purge=12, embargo=12
2026-06-23 09:44:42 | ml_trading | INFO | Fold 41: train=2868, test=50, purge=12, embargo=12
2026-06-23 09:44:43 | ml_trading | INFO | Fold 42: train=2930, test=50, purge=12, embargo=12
2026-06-23 09:44:47 | ml_trading | INFO | Fold 43: train=2992, test=50, purge=12, embargo=12
2026-06-23 09:44:49 | ml_trading | INFO | Fold 44: train=3054, test=50, purge=12, embargo=12
2026-06-23 09:44:51 | ml_trading | INFO | Fold 45: train=3116, test=50, purge=12, embargo=12
2026-06-23 09:44:53 | ml_trading | INFO | Fold 46: train=3178, test=50, purge=12, embargo=12
2026-06-23 09:44:55 | ml_trading | INFO | Fold 47: train=3240, test=50, purge=12, embargo=12
2026-06-23 09:44:57 | ml_trading | INFO | Fold 48: train=3302, test=50, purge=12, embargo=12
2026-06-23 09:44:59 | ml_trading | INFO | Fold 49: train=3364, test=50, purge=12, embargo=12
2026-06-23 09:45:01 | ml_trading | INFO | Fold 50: train=3426, test=50, purge=12, embargo=12
2026-06-23 09:45:06 | ml_trading | INFO | Fold 51: train=3488, test=50, purge=12, embargo=12
2026-06-23 09:45:08 | ml_trading | INFO | Fold 52: train=3550, test=50, purge=12, embargo=12
2026-06-23 09:45:10 | ml_trading | INFO | Fold 53: train=3612, test=50, purge=12, embargo=12
2026-06-23 09:45:12 | ml_trading | INFO | Fold 54: train=3674, test=50, purge=12, embargo=12
2026-06-23 09:45:16 | ml_trading | INFO | Fold 55: train=3736, test=50, purge=12, embargo=12
2026-06-23 09:45:18 | ml_trading | INFO | Fold 56: train=3798, test=50, purge=12, embargo=12
2026-06-23 09:45:21 | ml_trading | INFO | Fold 57: train=3860, test=50, purge=12, embargo=12
2026-06-23 09:45:24 | ml_trading | INFO | Fold 58: train=3922, test=50, purge=12, embargo=12
2026-06-23 09:45:26 | ml_trading | INFO | Fold 59: train=3984, test=50, purge=12, embargo=12
2026-06-23 09:45:28 | ml_trading | INFO | Fold 60: train=4046, test=50, purge=12, embargo=12
2026-06-23 09:45:31 | ml_trading | INFO | Fold 61: train=4108, test=50, purge=12, embargo=12
2026-06-23 09:45:33 | ml_trading | INFO | Walk-forward validation complete: 61 folds
2026-06-23 09:45:33 | ml_trading | INFO | Avg F1 - Short: 0.490, Neutral: 0.330, Long: 0.121
2026-06-23 09:45:33 | ml_trading | INFO | Training final xgboost model on 4224 samples
2026-06-23 09:45:33 | ml_trading | INFO | Using tuned hyperparameters for XGBoost
2026-06-23 09:45:43 | ml_trading | INFO | Model saved to /root/app/ml-project/ml-trading-dashboard/ml_service/storage/models/candidates/XRPUSDT_4h_xgboost_20260623_094543.pkl
2026-06-23 09:45:44 | ml_trading | INFO | Saved calibration artifact: XRPUSDT_4h_xgboost_20260623_094543_calibration.pkl (chosen=platt)
2026-06-23 09:45:44 | ml_trading | INFO | Calibration metrics (holdout=50): raw: ECE=0.148 LL=0.814 Brier=0.490 | platt: ECE=0.024 LL=0.736 Brier=0.480 | isotonic: ECE=0.065 LL=0.567 Brier=0.358  → chosen: platt

================================================================================
TRAINING COMPLETE
================================================================================
Model: xgboost
Folds: 61

F1 Scores:
  Short:   0.490
  Neutral: 0.330
  Long:    0.121
  Weighted: 0.403

Model saved: /root/app/ml-project/ml-trading-dashboard/ml_service/storage/models/candidates/XRPUSDT_4h_xgboost_20260623_094543.pkl
================================================================================

Finished XRPUSDT 4h

